category,tp,fp,fn,tn,precision,recall,f1,cost_5fn_plus_fp
bundle_not_applied,4,0,1,903,1.0,0.8,0.8888888888888888,5
contract_number_mismatch,4,0,0,904,1.0,1.0,1.0,0
cross_invoice_duplicate,4,0,0,904,1.0,1.0,1.0,0
daily_cap_exceeded,4,0,0,904,1.0,1.0,1.0,0
exclusion_window_violation,0,0,3,905,,0.0,0.0,15
invoice_total_mismatch,6,0,0,902,1.0,1.0,1.0,0
line_total_arithmetic,6,0,0,902,1.0,1.0,1.0,0
malformed_service_date,6,0,0,902,1.0,1.0,1.0,0
premium_incorrectly_applied,6,1,0,901,0.8571428571428571,1.0,0.9230769230769231,1
premium_omitted,3,0,0,905,1.0,1.0,1.0,0
recomputed_total_mismatch,0,13,0,895,0.0,,0.0,13
service_date_after_invoice_date,5,2,0,901,0.7142857142857143,1.0,0.8333333333333334,2
service_date_out_of_window,5,0,0,903,1.0,1.0,1.0,0
unit_price_mismatch,9,15,1,883,0.375,0.9,0.5294117647058824,20
unknown_service,11,0,1,896,1.0,0.9166666666666666,0.9565217391304348,5
volume_discount_incorrectly_applied,3,0,1,904,1.0,0.75,0.8571428571428571,5
volume_discount_omitted,4,1,0,903,0.8,1.0,0.8888888888888888,1
wrong_unit_basis,9,1,1,897,0.9,0.9,0.9,6
