record_id,invoice_id,detected_errors,flagged,expected_total_cents,billed_total_cents,pricing_complete,review_reasons,mapping_inference_exposed
1,INV-H1-000001,,0,,2475525,0,unresolved_service_mapping,1
2,INV-H1-000002,service_date_after_invoice_date,1,2588836,2588836,1,,1
3,INV-H1-000003,,0,,5777580,0,unresolved_service_mapping,1
4,INV-H1-000004,recomputed_total_mismatch|unit_price_mismatch|volume_discount_incorrectly_applied,1,924200,1260398,1,,1
5,INV-H1-000005,,0,573375,573375,1,,1
6,INV-H1-000006,,0,1746150,1746150,1,,1
7,INV-H1-000007,,0,2958400,2958400,1,,1
8,INV-H1-000008,,0,798790,798790,1,,1
9,INV-H1-000009,,0,2637550,2637550,1,,0
10,INV-H1-000010,,0,2276950,2276950,1,,1
11,INV-H1-000011,,0,2533435,2533435,1,,1
12,INV-H1-000012,,0,,901100,0,unresolved_service_mapping,1
13,INV-H1-000013,,0,,5857340,0,unresolved_service_mapping,0
14,INV-H1-000014,,0,1635750,1635750,1,,1
15,INV-H1-000015,daily_cap_exceeded|recomputed_total_mismatch,1,1210600,1284475,1,,1
16,INV-H1-000016,,0,1468550,1468550,1,,1
17,INV-H1-000017,,0,2482025,2482025,1,,1
18,INV-H1-000018,,0,3884375,3884375,1,,1
19,INV-H1-000019,,0,4591275,4591275,1,,1
20,INV-H1-000020,,0,3303760,3303760,1,,1
21,INV-H1-000021,,0,,3327025,0,unresolved_service_mapping,1
22,INV-H1-000022,,0,1347525,1347525,1,,1
23,INV-H1-000023,,0,2197875,2197875,1,,1
24,INV-H1-000024,,0,1939625,1939625,1,,1
25,INV-H1-000025,,0,,2658350,0,unresolved_service_mapping,1
26,INV-H1-000026,,0,1030950,1030950,1,,1
27,INV-H1-000027,,0,1326550,1326550,1,,1
28,INV-H1-000028,,0,3658525,3658525,1,,1
29,INV-H1-000029,,0,2568375,2568375,1,,1
30,INV-H1-000030,,0,651525,651525,1,,1
31,INV-H1-000031,,0,,4818309,0,unresolved_service_mapping,1
32,INV-H1-000032,,0,,5775993,0,unresolved_service_mapping,1
33,INV-H1-000033,,0,,4719600,0,unresolved_service_mapping,1
34,INV-H1-000034,,0,3784280,3784280,1,,1
35,INV-H1-000035,,0,2663790,2663790,1,,1
36,INV-H1-000036,malformed_service_date|unknown_service,1,,2836375,0,exclusion_trigger_unresolved|invalid_service_date|possible_unresolved_same_day_service|unresolved_service_mapping,1
37,INV-H1-000037,,0,2519775,2519775,1,,1
38,INV-H1-000038,,0,,5555200,0,discount_utilisation_unresolved,1
39,INV-H1-000039,,0,,1526450,0,unresolved_service_mapping,1
40,INV-H1-000040,,0,2436525,2436525,1,,1
41,INV-H1-000041,,0,1860775,1860775,1,,1
42,INV-H1-000042,,0,5287775,5287775,1,,1
43,INV-H1-000043,,0,3035675,3035675,1,,1
44,INV-H1-000044,,0,2903025,2903025,1,,1
45,INV-H1-000045,,0,3413000,3413000,1,,1
46,INV-H1-000046,,0,2468085,2468085,1,,1
47,INV-H1-000047,,0,716400,716400,1,,1
48,INV-H1-000048,,0,,1133650,0,unresolved_service_mapping,1
49,INV-H1-000049,daily_cap_exceeded|premium_incorrectly_applied|unit_price_mismatch,1,,2866210,0,unresolved_service_mapping,1
50,INV-H1-000050,,0,3415025,3415025,1,,1
51,INV-H1-000051,,0,1504500,1504500,1,,1
52,INV-H1-000052,,0,5011000,5011000,1,,1
53,INV-H1-000053,,0,4593070,4593070,1,,1
54,INV-H1-000054,,0,735320,735320,1,,1
55,INV-H1-000055,,0,2246625,2246625,1,,1
56,INV-H1-000056,,0,4406950,4406950,1,,0
57,INV-H1-000057,,0,5416708,5416708,1,,1
58,INV-H1-000058,,0,6086853,6086853,1,,1
59,INV-H1-000059,,0,2717295,2717295,1,,1
60,INV-H1-000060,,0,4774375,4774375,1,,1
61,INV-H1-000061,,0,,3528885,0,unresolved_service_mapping,1
62,INV-H1-000062,,0,,2191605,0,discount_utilisation_unresolved,1
63,INV-H1-000063,,0,,4216210,0,unresolved_service_mapping,1
64,INV-H1-000064,,0,2719375,2719375,1,,1
65,INV-H1-000065,,0,4163140,4163140,1,,1
66,INV-H1-000066,,0,2090085,2090085,1,,1
67,INV-H1-000067,,0,3920858,3920858,1,,1
68,INV-H1-000068,duplicate_invoice_id,1,,2123825,0,ambiguous_invoice_identifier,1
69,INV-H1-000069,invoice_total_mismatch|line_total_arithmetic|malformed_service_date,1,,1712345,0,invalid_service_date,1
70,INV-H1-000070,,0,,3435390,0,exclusion_trigger_unresolved,1
71,INV-H1-000071,,0,,4095286,0,unresolved_service_mapping,1
72,INV-H1-000072,recomputed_total_mismatch|service_date_after_invoice_date|unit_price_mismatch,1,978225,1094973,1,,1
73,INV-H1-000073,,0,998330,998330,1,,1
74,INV-H1-000074,,0,,2893525,0,unresolved_service_mapping,1
75,INV-H1-000075,,0,,6543958,0,unresolved_service_mapping,1
76,INV-H1-000076,,0,5202589,5202589,1,,1
77,INV-H1-000077,,0,,2125563,0,unresolved_service_mapping,1
78,INV-H1-000078,,0,,4555925,0,unresolved_service_mapping,1
79,INV-H1-000079,,0,,917295,0,duplicate_service_allocation_unresolved,1
80,INV-H1-000080,,0,1774490,1774490,1,,1
81,INV-H1-000081,,0,,2222295,0,discount_utilisation_unresolved,1
82,INV-H1-000082,,0,3250327,3250327,1,,1
83,INV-H1-000083,,0,1732620,1732620,1,,1
84,INV-H1-000084,,0,1691000,1691000,1,,1
85,INV-H1-000085,,0,2377573,2377573,1,,1
86,INV-H1-000086,,0,2623517,2623517,1,,1
87,INV-H1-000087,,0,3649802,3649802,1,,1
88,INV-H1-000088,,0,,2198135,0,unresolved_service_mapping,0
89,INV-H1-000089,,0,5768078,5768078,1,,1
90,INV-H1-000090,,0,5789172,5789172,1,,1
91,INV-H1-000091,,0,4143318,4143318,1,,0
92,INV-H1-000092,,0,4326055,4326055,1,,1
93,INV-H1-000093,,0,1480030,1480030,1,,1
94,INV-H1-000094,,0,6420201,6420201,1,,1
95,INV-H1-000095,,0,3862246,3862246,1,,1
96,INV-H1-000096,,0,3535769,3535769,1,,1
97,INV-H1-000097,,0,1908619,1908619,1,,0
98,INV-H1-000098,,0,1485218,1485218,1,,1
99,INV-H1-000099,,0,2059682,2059682,1,,1
100,INV-H1-000100,,0,2752722,2752722,1,,1
101,INV-H1-000101,,0,1653025,1653025,1,,1
102,INV-H1-000102,recomputed_total_mismatch|unit_price_mismatch|volume_discount_incorrectly_applied,1,2663314,2736250,1,,1
103,INV-H1-000103,,0,1299446,1299446,1,,1
104,INV-H1-000104,,0,4209755,4209755,1,,1
105,INV-H1-000105,,0,,803700,0,unresolved_service_mapping,1
106,INV-H1-000106,,0,,4038195,0,unresolved_service_mapping,1
107,INV-H1-000107,,0,,2969100,0,unresolved_service_mapping,0
108,INV-H1-000108,,0,,1088200,0,unresolved_service_mapping,0
109,INV-H1-000109,,0,,4890475,0,unresolved_service_mapping,1
110,INV-H1-000110,,0,,4316920,0,unresolved_service_mapping,1
111,INV-H1-000111,,0,3071279,3071279,1,,1
112,INV-H1-000112,,0,1462370,1462370,1,,1
113,INV-H1-000113,,0,2172980,2172980,1,,1
114,INV-H1-000114,,0,1878330,1878330,1,,0
115,INV-H1-000115,,0,3220280,3220280,1,,1
116,INV-H1-000116,,0,,2979088,0,possible_unresolved_same_day_service|premium_quantity_unresolved|unresolved_service_mapping,1
117,INV-H1-000117,,0,1754196,1754196,1,,1
118,INV-H1-000118,,0,2313500,2313500,1,,1
119,INV-H1-000119,,0,,4726611,0,unresolved_service_mapping,1
120,INV-H1-000120,,0,1120950,1120950,1,,1
121,INV-H1-000121,,0,3190886,3190886,1,,1
122,INV-H1-000122,,0,1717175,1717175,1,,1
123,INV-H1-000123,,0,,6219545,0,exclusion_trigger_unresolved|unresolved_service_mapping,1
124,INV-H1-000124,,0,3563879,3563879,1,,1
125,INV-H1-000125,,0,3707573,3707573,1,,1
126,INV-H1-000126,,0,2743654,2743654,1,,1
127,INV-H1-000127,,0,3450277,3450277,1,,0
128,INV-H1-000128,,0,3552483,3552483,1,,1
129,INV-H1-000129,,0,1630054,1630054,1,,1
130,INV-H1-000130,,0,5103553,5103553,1,,1
131,INV-H1-000131,,0,,952625,0,unresolved_service_mapping,1
132,INV-H1-000132,unknown_service,1,,2536783,0,daily_quantity_unresolved|exclusion_trigger_unresolved|possible_unresolved_same_day_service|premium_quantity_unresolved|unresolved_service_mapping,1
133,INV-H1-000133,,0,1524655,1524655,1,,1
134,INV-H1-000134,,0,4346902,4346902,1,,1
135,INV-H1-000135,,0,,2124065,0,unresolved_service_mapping,1
136,INV-H1-000136,,0,2295200,2295200,1,,1
137,INV-H1-000137,,0,5091453,5091453,1,,1
138,INV-H1-000138,,0,3902623,3902623,1,,1
139,INV-H1-000139,,0,2570288,2570288,1,,1
140,INV-H1-000140,,0,1375954,1375954,1,,1
141,INV-H1-000141,,0,2651411,2651411,1,,1
142,INV-H1-000142,,0,2105775,2105775,1,,1
143,INV-H1-000143,,0,,3916797,0,discount_utilisation_unresolved,0
144,INV-H1-000144,,0,,5591925,0,unresolved_service_mapping,1
145,INV-H1-000145,,0,,3707925,0,discount_utilisation_unresolved,1
146,INV-H1-000146,,0,,2709500,0,discount_utilisation_unresolved,1
147,INV-H1-000147,,0,2235997,2235997,1,,1
148,INV-H1-000148,service_date_out_of_window,1,,1322429,0,out_of_term_date,1
149,INV-H1-000149,,0,1367397,1367397,1,,1
150,INV-H1-000150,,0,4188767,4188767,1,,0
151,INV-H1-000151,unit_price_mismatch|volume_discount_omitted,1,,2953392,0,discount_utilisation_unresolved,0
152,INV-H1-000152,duplicate_invoice_id,1,,3899160,0,ambiguous_invoice_identifier|unresolved_service_mapping,1
153,INV-H1-000153,,0,,4539542,0,discount_utilisation_unresolved,1
154,INV-H1-000154,,0,2210575,2210575,1,,1
155,INV-H1-000068,duplicate_invoice_id,1,,2182165,0,ambiguous_invoice_identifier|unresolved_service_mapping,1
156,INV-H1-000156,,0,3777759,3777759,1,,1
157,INV-H1-000157,,0,2645175,2645175,1,,1
158,INV-H1-000158,,0,3821275,3821275,1,,1
159,INV-H1-000159,,0,,2987202,0,unresolved_service_mapping,1
160,INV-H1-000160,,0,3094372,3094372,1,,1
161,INV-H1-000161,,0,,4172207,0,unresolved_service_mapping,1
162,INV-H1-000162,,0,3728407,3728407,1,,1
163,INV-H1-000163,,0,,1275816,0,discount_utilisation_unresolved,1
164,INV-H1-000164,,0,4678900,4678900,1,,1
165,INV-H1-000165,,0,2989711,2989711,1,,1
166,INV-H1-000166,,0,2630702,2630702,1,,1
167,INV-H1-000167,,0,,4403102,0,unresolved_service_mapping,1
168,INV-H1-000168,,0,1048375,1048375,1,,0
169,INV-H1-000169,,0,,3072015,0,unresolved_service_mapping,0
170,INV-H1-000170,,0,3948137,3948137,1,,1
171,INV-H1-000171,,0,,1489231,0,discount_utilisation_unresolved,1
172,INV-H1-000172,,0,,4389721,0,unresolved_service_mapping,1
173,INV-H1-000173,,0,2077822,2077822,1,,1
174,INV-H1-000174,,0,2182558,2182558,1,,1
175,INV-H1-000175,,0,3583250,3583250,1,,1
176,INV-H1-000176,,0,,878150,0,unresolved_service_mapping,1
177,INV-H1-000177,,0,,3040275,0,unresolved_service_mapping,1
178,INV-H1-000178,,0,,1634893,0,unresolved_service_mapping,1
179,INV-H1-000179,service_date_after_invoice_date|service_date_out_of_window|unknown_service,1,,2029698,0,out_of_term_date|possible_unresolved_same_day_service|unresolved_service_mapping,1
180,INV-H1-000180,,0,,2668790,0,discount_utilisation_unresolved|unresolved_service_mapping,1
181,INV-H1-000181,,0,,3427391,0,unresolved_service_mapping,1
182,INV-H1-000182,,0,,3604488,0,unresolved_service_mapping,1
183,INV-H1-000183,,0,2300536,2300536,1,,1
184,INV-H1-000184,,0,,1557865,0,discount_utilisation_unresolved,1
185,INV-H1-000185,,0,1699725,1699725,1,,1
186,INV-H1-000186,line_total_arithmetic|recomputed_total_mismatch|unit_price_mismatch|volume_discount_incorrectly_applied,1,1959233,1980198,1,,1
187,INV-H1-000187,,0,,4412373,0,unresolved_service_mapping,1
188,INV-H1-000188,,0,4634848,4634848,1,,1
189,INV-H1-000152,contract_number_mismatch|duplicate_invoice_id,1,,1322245,0,ambiguous_invoice_identifier,1
190,INV-H1-000190,,0,1525575,1525575,1,,0
191,INV-H1-000191,,0,1850955,1850955,1,,1
192,INV-H1-000192,,0,2836106,2836106,1,,1
193,INV-H1-000193,,0,1199225,1199225,1,,1
194,INV-H1-000194,,0,3257237,3257237,1,,1
195,INV-H1-000195,,0,1936050,1936050,1,,1
196,INV-H1-000196,,0,,4653710,0,possible_unresolved_same_day_service|premium_quantity_unresolved|unresolved_service_mapping,1
197,INV-H1-000197,,0,4641876,4641876,1,,1
198,INV-H1-000198,,0,1574800,1574800,1,,1
199,INV-H1-000199,,0,3109476,3109476,1,,1
200,INV-H1-000200,,0,391940,391940,1,,1
201,INV-H1-000201,bundle_not_applied|contract_number_mismatch|recomputed_total_mismatch|unit_price_mismatch,1,2958995,3064595,1,,1
202,INV-H1-000202,,0,1151081,1151081,1,,1
203,INV-H1-000203,,0,,1769315,0,unresolved_service_mapping,1
204,INV-H1-000204,,0,5363858,5363858,1,,1
205,INV-H1-000205,,0,2828080,2828080,1,,1
206,INV-H1-000206,,0,3922525,3922525,1,,1
207,INV-H1-000207,,0,4418544,4418544,1,,1
208,INV-H1-000208,,0,4283675,4283675,1,,1
209,INV-H1-000209,,0,2770297,2770297,1,,1
210,INV-H1-000210,,0,2813386,2813386,1,,1
211,INV-H1-000211,wrong_unit_basis,1,,1567925,0,exclusion_boundary_unresolved|unit_conversion_unresolved,1
212,INV-H1-000212,,0,3871775,3871775,1,,1
213,INV-H1-000213,,0,2113488,2113488,1,,1
214,INV-H1-000214,,0,1083650,1083650,1,,1
215,INV-H1-000215,,0,5373340,5373340,1,,1
216,INV-H1-000216,,0,848096,848096,1,,1
217,INV-H1-000217,,0,1552154,1552154,1,,1
218,INV-H1-000218,,0,4270306,4270306,1,,1
219,INV-H1-000219,malformed_service_date|unknown_service,1,,2759133,0,invalid_service_date|possible_unresolved_same_day_service|unresolved_service_mapping,1
220,INV-H1-000220,,0,,3949434,0,unresolved_service_mapping,1
221,INV-H1-000221,,0,3481583,3481583,1,,1
222,INV-H1-000222,,0,1394560,1394560,1,,1
223,INV-H1-000223,,0,2992640,2992640,1,,1
224,INV-H1-000224,,0,2144177,2144177,1,,1
225,INV-H1-000225,,0,,1912774,0,discount_utilisation_unresolved,1
226,INV-H1-000226,,0,,3052975,0,discount_utilisation_unresolved,1
227,INV-H1-000227,daily_cap_exceeded|invoice_total_mismatch,1,,5492725,0,unresolved_service_mapping,1
228,INV-H1-000228,,0,,5703033,0,unresolved_service_mapping,1
229,INV-H1-000229,,0,,3209175,0,unresolved_service_mapping,1
230,INV-H1-000230,,0,4288169,4288169,1,,1
231,INV-H1-000231,cross_invoice_duplicate,1,,1991725,0,duplicate_service_allocation_unresolved,1
232,INV-H1-000232,,0,1776500,1776500,1,,1
233,INV-H1-000233,,0,1342604,1342604,1,,1
234,INV-H1-000234,,0,,3237598,0,discount_utilisation_unresolved,1
235,INV-H1-000235,,0,2869701,2869701,1,,1
236,INV-H1-000236,premium_omitted|unit_price_mismatch|wrong_unit_basis,1,,1420000,0,unit_conversion_unresolved,1
237,INV-H1-000237,,0,1737059,1737059,1,,1
238,INV-H1-000238,,0,2497748,2497748,1,,1
239,INV-H1-000239,,0,5281118,5281118,1,,1
240,INV-H1-000240,,0,4511850,4511850,1,,1
241,INV-H1-000241,,0,977296,977296,1,,1
242,INV-H1-000242,,0,4382326,4382326,1,,1
243,INV-H1-000243,,0,1323865,1323865,1,,1
244,INV-H1-000244,,0,2047736,2047736,1,,1
245,INV-H1-000245,,0,1082990,1082990,1,,1
246,INV-H1-000246,,0,,5672351,0,duplicate_service_allocation_unresolved,1
247,INV-H1-000247,,0,2600025,2600025,1,,0
248,INV-H1-000248,,0,,544710,0,unresolved_service_mapping,1
249,INV-H1-000249,,0,,3013610,0,unresolved_service_mapping,1
250,INV-H1-000250,,0,4872236,4872236,1,,1
251,INV-H1-000251,,0,3053898,3053898,1,,1
252,INV-H1-000252,,0,,863125,0,unresolved_service_mapping,1
253,INV-H1-000253,,0,,4520236,0,unresolved_service_mapping,1
254,INV-H1-000254,,0,,3814367,0,unresolved_service_mapping,1
255,INV-H1-000255,,0,2420053,2420053,1,,1
256,INV-H1-000256,,0,3513900,3513900,1,,1
257,INV-H1-000257,line_total_arithmetic|wrong_unit_basis,1,,2641295,0,unit_conversion_unresolved,1
258,INV-H1-000258,,0,1460663,1460663,1,,1
259,INV-H1-000259,,0,3960786,3960786,1,,1
260,INV-H1-000260,,0,,2665371,0,unresolved_service_mapping,1
261,INV-H1-000261,,0,,4458808,0,possible_unresolved_same_day_service|unresolved_service_mapping,1
262,INV-H1-000262,,0,,4999710,0,unresolved_service_mapping,1
263,INV-H1-000263,,0,2241675,2241675,1,,1
264,INV-H1-000264,,0,3573037,3573037,1,,1
265,INV-H1-000265,,0,1725938,1725938,1,,1
266,INV-H1-000266,,0,2910707,2910707,1,,0
267,INV-H1-000267,,0,2559275,2559275,1,,1
268,INV-H1-000268,,0,,2917243,0,unresolved_service_mapping,1
269,INV-H1-000269,,0,,3835498,0,unresolved_service_mapping,1
270,INV-H1-000270,,0,4244547,4244547,1,,1
271,INV-H1-000271,bundle_not_applied|recomputed_total_mismatch|unit_price_mismatch,1,5043791,5139791,1,,1
272,INV-H1-000272,,0,1597704,1597704,1,,1
273,INV-H1-000273,,0,1306725,1306725,1,,1
274,INV-H1-000274,service_date_after_invoice_date,1,,4830260,0,unresolved_service_mapping,1
275,INV-H1-000275,,0,1307228,1307228,1,,1
276,INV-H1-000276,,0,1799385,1799385,1,,1
277,INV-H1-000277,,0,3327275,3327275,1,,1
278,INV-H1-000278,,0,,2961500,0,unresolved_service_mapping,1
279,INV-H1-000279,,0,6811727,6811727,1,,1
280,INV-H1-000280,,0,610500,610500,1,,1
281,INV-H1-000281,invoice_total_mismatch|malformed_service_date|premium_incorrectly_applied|unit_price_mismatch,1,,5732823,0,invalid_service_date,1
282,INV-H1-000282,,0,,4099094,0,unresolved_service_mapping,1
283,INV-H1-000283,contract_number_mismatch|invoice_total_mismatch|recomputed_total_mismatch,1,1906268,1881268,1,,1
284,INV-H1-000284,,0,4714099,4714099,1,,1
285,INV-H1-000285,,0,,2413988,0,unresolved_service_mapping,1
286,INV-H1-000286,,0,,1729332,0,possible_unresolved_same_day_service,1
287,INV-H1-000287,,0,6027372,6027372,1,,1
288,INV-H1-000288,,0,,2537184,0,possible_unresolved_same_day_service|unresolved_service_mapping,1
289,INV-H1-000289,,0,3937921,3937921,1,,1
290,INV-H1-000290,,0,2638495,2638495,1,,1
291,INV-H1-000291,,0,1087125,1087125,1,,1
292,INV-H1-000292,,0,,5170138,0,unresolved_service_mapping,1
293,INV-H1-000293,,0,1998575,1998575,1,,1
294,INV-H1-000294,,0,3254027,3254027,1,,1
295,INV-H1-000295,,0,,2470884,0,unresolved_service_mapping,1
296,INV-H1-000296,,0,1028250,1028250,1,,1
297,INV-H1-000297,,0,,3733404,0,unresolved_service_mapping,1
298,INV-H1-000298,,0,,4323122,0,unresolved_service_mapping,1
299,INV-H1-000299,,0,1765725,1765725,1,,1
300,INV-H1-000300,,0,,5214349,0,unresolved_service_mapping,1
301,INV-H1-000301,,0,,3120395,0,possible_unresolved_same_day_service|unresolved_service_mapping,0
302,INV-H1-000302,,0,2047225,2047225,1,,1
303,INV-H1-000303,,0,1755545,1755545,1,,1
304,INV-H1-000304,premium_incorrectly_applied|unit_price_mismatch|unknown_service|volume_discount_omitted,1,,1878062,0,possible_unresolved_same_day_service|unresolved_service_mapping,1
305,INV-H1-000305,,0,3792595,3792595,1,,1
306,INV-H1-000306,,0,1378286,1378286,1,,1
307,INV-H1-000307,,0,,4566413,0,unresolved_service_mapping,1
308,INV-H1-000308,,0,2262777,2262777,1,,1
309,INV-H1-000309,,0,3586962,3586962,1,,1
310,INV-H1-000310,,0,2067950,2067950,1,,0
311,INV-H1-000311,,0,5054797,5054797,1,,1
312,INV-H1-000312,,0,,3271467,0,unresolved_service_mapping,1
313,INV-H1-000313,,0,,2000710,0,unresolved_service_mapping,1
314,INV-H1-000314,,0,1964300,1964300,1,,1
315,INV-H1-000315,,0,2377226,2377226,1,,1
316,INV-H1-000316,,0,3615350,3615350,1,,1
317,INV-H1-000317,,0,3938225,3938225,1,,1
318,INV-H1-000318,,0,2883937,2883937,1,,1
319,INV-H1-000319,,0,1087921,1087921,1,,0
320,INV-H1-000320,,0,,3917514,0,unresolved_service_mapping,1
321,INV-H1-000321,,0,1654264,1654264,1,,1
322,INV-H1-000322,,0,5109300,5109300,1,,1
323,INV-H1-000323,,0,3047421,3047421,1,,1
324,INV-H1-000324,,0,,2108575,0,unresolved_service_mapping,1
325,INV-H1-000325,,0,536860,536860,1,,1
326,INV-H1-000326,,0,4087586,4087586,1,,0
327,INV-H1-000327,,0,2505119,2505119,1,,1
328,INV-H1-000328,,0,1134870,1134870,1,,1
329,INV-H1-000329,,0,,3910743,0,unresolved_service_mapping,1
330,INV-H1-000330,,0,2678730,2678730,1,,1
331,INV-H1-000331,,0,3391248,3391248,1,,1
332,INV-H1-000332,,0,,2651838,0,unresolved_service_mapping,1
333,INV-H1-000333,,0,1720900,1720900,1,,1
334,INV-H1-000334,,0,3936038,3936038,1,,0
335,INV-H1-000335,,0,,3255685,0,unresolved_service_mapping,1
336,INV-H1-000336,,0,,6942726,0,unresolved_service_mapping,1
337,INV-H1-000337,,0,2136588,2136588,1,,1
338,INV-H1-000338,,0,,2344149,0,unresolved_service_mapping,1
339,INV-H1-000339,,0,3912969,3912969,1,,1
340,INV-H1-000340,,0,576905,576905,1,,1
341,INV-H1-000341,,0,,4071914,0,unresolved_service_mapping,1
342,INV-H1-000342,,0,1577666,1577666,1,,1
343,INV-H1-000343,,0,3194404,3194404,1,,1
344,INV-H1-000344,,0,1373305,1373305,1,,1
345,INV-H1-000345,,0,4950257,4950257,1,,1
346,INV-H1-000346,,0,,3645988,0,duplicate_service_allocation_unresolved,1
347,INV-H1-000347,,0,,1686851,0,unresolved_service_mapping,0
348,INV-H1-000348,premium_omitted|unit_price_mismatch|unknown_service,1,,4415338,0,exclusion_trigger_unresolved|possible_unresolved_same_day_service|unresolved_service_mapping,1
349,INV-H1-000349,,0,,3901242,0,unresolved_service_mapping,1
350,INV-H1-000350,,0,3941391,3941391,1,,1
351,INV-H1-000351,,0,2695558,2695558,1,,1
352,INV-H1-000352,invoice_total_mismatch|premium_incorrectly_applied|recomputed_total_mismatch|unit_price_mismatch,1,1772000,1971430,1,,1
353,INV-H1-000353,,0,4603398,4603398,1,,1
354,INV-H1-000354,,0,1285121,1285121,1,,1
355,INV-H1-000355,,0,2311350,2311350,1,,1
356,INV-H1-000356,,0,1688485,1688485,1,,1
357,INV-H1-000357,,0,2148982,2148982,1,,1
358,INV-H1-000358,,0,1266351,1266351,1,,1
359,INV-H1-000359,,0,,1190493,0,unresolved_service_mapping,1
360,INV-H1-000360,,0,1356858,1356858,1,,1
361,INV-H1-000361,,0,,5582221,0,possible_unresolved_same_day_service|unresolved_service_mapping,1
362,INV-H1-000362,premium_incorrectly_applied|recomputed_total_mismatch|unit_price_mismatch,1,2585375,2702627,1,,1
363,INV-H1-000363,,0,4940256,4940256,1,,1
364,INV-H1-000364,,0,2135850,2135850,1,,1
365,INV-H1-000365,,0,851758,851758,1,,1
366,INV-H1-000366,,0,3533188,3533188,1,,1
367,INV-H1-000367,,0,5712533,5712533,1,,1
368,INV-H1-000368,,0,2639691,2639691,1,,1
369,INV-H1-000369,unknown_service|wrong_unit_basis,1,,5369613,0,possible_unresolved_same_day_service|unit_conversion_unresolved|unresolved_service_mapping,1
370,INV-H1-000370,,0,5129544,5129544,1,,1
371,INV-H1-000371,,0,4868595,4868595,1,,1
372,INV-H1-000372,,0,,2622700,0,unresolved_service_mapping,1
373,INV-H1-000373,,0,4111730,4111730,1,,1
374,INV-H1-000374,,0,2654366,2654366,1,,1
375,INV-H1-000375,,0,2522051,2522051,1,,1
376,INV-H1-000376,,0,1924073,1924073,1,,1
377,INV-H1-000377,,0,1769400,1769400,1,,1
378,INV-H1-000378,,0,4478725,4478725,1,,0
379,INV-H1-000379,,0,1597325,1597325,1,,1
380,INV-H1-000380,,0,,2229670,0,unresolved_service_mapping,1
381,INV-H1-000381,,0,,3752825,0,unresolved_service_mapping,1
382,INV-H1-000382,,0,491735,491735,1,,0
383,INV-H1-000383,,0,,4803754,0,unresolved_service_mapping,1
384,INV-H1-000384,,0,,2900825,0,unresolved_service_mapping,1
385,INV-H1-000385,,0,,5418912,0,unresolved_service_mapping,1
386,INV-H1-000386,,0,,993200,0,unresolved_service_mapping,1
387,INV-H1-000387,,0,,2527815,0,unresolved_service_mapping,1
388,INV-H1-000388,,0,1449822,1449822,1,,1
389,INV-H1-000389,,0,808400,808400,1,,1
390,INV-H1-000390,,0,3234713,3234713,1,,1
391,INV-H1-000391,,0,1280575,1280575,1,,0
392,INV-H1-000392,,0,1284269,1284269,1,,0
393,INV-H1-000393,,0,1456650,1456650,1,,1
394,INV-H1-000394,,0,,3151289,0,unresolved_service_mapping,1
395,INV-H1-000395,,0,2080896,2080896,1,,1
396,INV-H1-000396,,0,3461313,3461313,1,,1
397,INV-H1-000397,,0,545155,545155,1,,1
398,INV-H1-000398,,0,2007470,2007470,1,,1
399,INV-H1-000399,,0,2366250,2366250,1,,1
400,INV-H1-000400,,0,,2752565,0,unresolved_service_mapping,1
401,INV-H1-000401,,0,5262007,5262007,1,,1
402,INV-H1-000402,,0,4234035,4234035,1,,1
403,INV-H1-000403,,0,4418733,4418733,1,,1
404,INV-H1-000404,,0,4829725,4829725,1,,1
405,INV-H1-000405,,0,,3411350,0,unresolved_service_mapping,1
406,INV-H1-000406,,0,,2423583,0,unresolved_service_mapping,0
407,INV-H1-000407,,0,1979738,1979738,1,,0
408,INV-H1-000408,,0,2481807,2481807,1,,1
409,INV-H1-000409,,0,2308621,2308621,1,,1
410,INV-H1-000410,unknown_service,1,,971719,0,exclusion_trigger_unresolved|possible_unresolved_same_day_service|unresolved_service_mapping,1
411,INV-H1-000411,,0,5180539,5180539,1,,1
412,INV-H1-000412,,0,2080883,2080883,1,,1
413,INV-H1-000413,,0,2339140,2339140,1,,1
414,INV-H1-000414,,0,2722135,2722135,1,,1
415,INV-H1-000415,,0,,3968488,0,unresolved_service_mapping,1
416,INV-H1-000416,,0,4179994,4179994,1,,1
417,INV-H1-000417,,0,2093475,2093475,1,,1
418,INV-H1-000418,,0,1869430,1869430,1,,1
419,INV-H1-000419,,0,,3815623,0,unresolved_service_mapping,1
420,INV-H1-000420,,0,,3323354,0,unresolved_service_mapping,1
421,INV-H1-000421,,0,2719245,2719245,1,,1
422,INV-H1-000422,,0,,3506629,0,unresolved_service_mapping,1
423,INV-H1-000423,,0,1024610,1024610,1,,1
424,INV-H1-000424,,0,2025556,2025556,1,,1
425,INV-H1-000425,,0,1800975,1800975,1,,1
426,INV-H1-000426,,0,3325694,3325694,1,,1
427,INV-H1-000427,,0,3572085,3572085,1,,1
428,INV-H1-000428,,0,3561933,3561933,1,,1
429,INV-H1-000429,duplicate_invoice_id,1,,4112388,0,ambiguous_invoice_identifier,1
430,INV-H1-000430,,0,1157907,1157907,1,,0
431,INV-H1-000431,,0,3632283,3632283,1,,1
432,INV-H1-000432,,0,2112125,2112125,1,,0
433,INV-H1-000433,,0,,2288782,0,unresolved_service_mapping,1
434,INV-H1-000434,,0,2387865,2387865,1,,1
435,INV-H1-000435,,0,,3068051,0,unresolved_service_mapping,1
436,INV-H1-000436,,0,,3772569,0,unresolved_service_mapping,1
437,INV-H1-000437,,0,621988,621988,1,,1
438,INV-H1-000438,,0,,3797347,0,unresolved_service_mapping,1
439,INV-H1-000439,,0,3233525,3233525,1,,1
440,INV-H1-000440,,0,,4267224,0,unresolved_service_mapping,1
441,INV-H1-000441,,0,,4280274,0,unresolved_service_mapping,1
442,INV-H1-000442,,0,,2907688,0,possible_unresolved_same_day_service|unresolved_service_mapping,1
443,INV-H1-000443,,0,,3348335,0,unresolved_service_mapping,0
444,INV-H1-000444,,0,977472,977472,1,,1
445,INV-H1-000445,,0,,4150329,0,unresolved_service_mapping,1
446,INV-H1-000446,,0,3016748,3016748,1,,1
447,INV-H1-000447,,0,3929492,3929492,1,,1
448,INV-H1-000448,,0,1964750,1964750,1,,1
449,INV-H1-000449,,0,1815814,1815814,1,,1
450,INV-H1-000450,,0,,3750785,0,duplicate_service_allocation_unresolved|unresolved_service_mapping,1
451,INV-H1-000451,,0,1300046,1300046,1,,0
452,INV-H1-000452,,0,,3922869,0,unresolved_service_mapping,1
453,INV-H1-000453,,0,3003799,3003799,1,,1
454,INV-H1-000454,,0,2777454,2777454,1,,1
455,INV-H1-000455,,0,957925,957925,1,,1
456,INV-H1-000456,,0,,448050,0,unresolved_service_mapping,0
457,INV-H1-000457,duplicate_invoice_id,1,,3516982,0,ambiguous_invoice_identifier,1
458,INV-H1-000458,recomputed_total_mismatch|unit_price_mismatch|volume_discount_omitted,1,1831611,1899303,1,,1
459,INV-H1-000459,,0,3069167,3069167,1,,1
460,INV-H1-000460,,0,,4453748,0,unresolved_service_mapping,1
461,INV-H1-000461,,0,,1580476,0,unresolved_service_mapping,0
462,INV-H1-000462,,0,4025065,4025065,1,,1
463,INV-H1-000463,,0,1625250,1625250,1,,1
464,INV-H1-000464,,0,2869875,2869875,1,,1
465,INV-H1-000465,,0,3242265,3242265,1,,1
466,INV-H1-000466,,0,4118773,4118773,1,,1
467,INV-H1-000467,,0,1593117,1593117,1,,0
468,INV-H1-000468,,0,2322788,2322788,1,,1
469,INV-H1-000469,,0,,3459640,0,unresolved_service_mapping,1
470,INV-H1-000470,,0,1483021,1483021,1,,1
471,INV-H1-000471,,0,3544700,3544700,1,,1
472,INV-H1-000472,,0,3796850,3796850,1,,1
473,INV-H1-000473,,0,,246400,0,unresolved_service_mapping,1
474,INV-H1-000474,,0,4779128,4779128,1,,1
475,INV-H1-000475,,0,5031578,5031578,1,,1
476,INV-H1-000476,,0,,2133950,0,unresolved_service_mapping,1
477,INV-H1-000477,,0,5055131,5055131,1,,1
478,INV-H1-000478,,0,,2966845,0,unresolved_service_mapping,1
479,INV-H1-000479,,0,1168772,1168772,1,,1
480,INV-H1-000480,,0,,1479076,0,unresolved_service_mapping,1
481,INV-H1-000481,,0,1713420,1713420,1,,1
482,INV-H1-000482,,0,4322390,4322390,1,,1
483,INV-H1-000457,duplicate_invoice_id|wrong_unit_basis,1,,1922972,0,ambiguous_invoice_identifier|unit_conversion_unresolved,1
484,INV-H1-000484,,0,3236961,3236961,1,,1
485,INV-H1-000485,,0,,3268863,0,unresolved_service_mapping,1
486,INV-H1-000486,,0,2381026,2381026,1,,1
487,INV-H1-000487,,0,4225949,4225949,1,,0
488,INV-H1-000488,,0,2827787,2827787,1,,1
489,INV-H1-000489,,0,,2573703,0,discount_utilisation_unresolved,1
490,INV-H1-000490,,0,4113835,4113835,1,,1
491,INV-H1-000491,,0,,5588687,0,unresolved_service_mapping,1
492,INV-H1-000492,,0,3432865,3432865,1,,1
493,INV-H1-000493,,0,2157125,2157125,1,,0
494,INV-H1-000494,,0,3822326,3822326,1,,1
495,INV-H1-000495,,0,4051133,4051133,1,,1
496,INV-H1-000496,,0,,2393178,0,possible_unresolved_same_day_service|premium_quantity_unresolved|unresolved_service_mapping,1
497,INV-H1-000497,,0,,2763008,0,unresolved_service_mapping,1
498,INV-H1-000498,,0,2472768,2472768,1,,1
499,INV-H1-000499,,0,,1807388,0,discount_utilisation_unresolved,1
500,INV-H1-000500,,0,1796300,1796300,1,,0
501,INV-H1-000501,,0,,6302858,0,discount_utilisation_unresolved,1
502,INV-H1-000502,,0,2888275,2888275,1,,1
503,INV-H1-000503,,0,2860075,2860075,1,,1
504,INV-H1-000504,,0,,2609985,0,discount_utilisation_unresolved,1
505,INV-H1-000505,,0,1186370,1186370,1,,1
506,INV-H1-000506,,0,,2647008,0,unresolved_service_mapping,1
507,INV-H1-000507,,0,3104690,3104690,1,,1
508,INV-H1-000508,,0,3881260,3881260,1,,1
509,INV-H1-000509,,0,2951276,2951276,1,,1
510,INV-H1-000510,,0,,2299574,0,discount_utilisation_unresolved|unresolved_service_mapping,0
511,INV-H1-000511,,0,,3387015,0,discount_utilisation_unresolved|possible_unresolved_same_day_service|unresolved_service_mapping,1
512,INV-H1-000512,,0,2026594,2026594,1,,1
513,INV-H1-000513,,0,3102116,3102116,1,,1
514,INV-H1-000514,,0,2518898,2518898,1,,1
515,INV-H1-000515,,0,,1165711,0,discount_utilisation_unresolved,1
516,INV-H1-000516,,0,,1969332,0,unresolved_service_mapping,1
517,INV-H1-000517,,0,,2876061,0,discount_utilisation_unresolved,1
518,INV-H1-000518,,0,,2667704,0,discount_utilisation_unresolved,1
519,INV-H1-000519,,0,,5679452,0,discount_utilisation_unresolved,1
520,INV-H1-000520,,0,2528900,2528900,1,,1
521,INV-H1-000521,,0,4813865,4813865,1,,1
522,INV-H1-000522,,0,,2625449,0,unresolved_service_mapping,1
523,INV-H1-000523,,0,1034967,1034967,1,,1
524,INV-H1-000524,,0,1006925,1006925,1,,1
525,INV-H1-000429,duplicate_invoice_id,1,,5458136,0,ambiguous_invoice_identifier,1
526,INV-H1-000526,,0,2853443,2853443,1,,1
527,INV-H1-000527,,0,,3024760,0,discount_utilisation_unresolved,1
528,INV-H1-000528,,0,,1888595,0,discount_utilisation_unresolved,1
529,INV-H1-000529,,0,,4992173,0,unresolved_service_mapping,1
530,INV-H1-000530,,0,3123234,3123234,1,,1
531,INV-H1-000531,,0,1439690,1439690,1,,1
532,INV-H1-000532,,0,3725016,3725016,1,,1
533,INV-H1-000533,,0,3678930,3678930,1,,1
534,INV-H1-000534,,0,483200,483200,1,,1
535,INV-H1-000535,,0,1985850,1985850,1,,1
536,INV-H1-000536,,0,,1528310,0,unresolved_service_mapping,1
537,INV-H1-000537,,0,1414988,1414988,1,,1
538,INV-H1-000538,,0,1508111,1508111,1,,1
539,INV-H1-000539,,0,1673975,1673975,1,,1
540,INV-H1-000540,,0,,4232124,0,unresolved_service_mapping,1
541,INV-H1-000541,,0,4089849,4089849,1,,1
542,INV-H1-000542,,0,4335500,4335500,1,,0
543,INV-H1-000543,,0,,4428745,0,unresolved_service_mapping,1
544,INV-H1-000544,,0,,3185449,0,unresolved_service_mapping,1
545,INV-H1-000545,,0,1743882,1743882,1,,1
546,INV-H1-000546,,0,,2672776,0,discount_utilisation_unresolved,1
547,INV-H1-000547,,0,,2102654,0,unresolved_service_mapping,1
548,INV-H1-000548,duplicate_invoice_id,1,,3621405,0,ambiguous_invoice_identifier|unresolved_service_mapping,1
549,INV-H1-000549,,0,,4857904,0,unresolved_service_mapping,1
550,INV-H1-000550,,0,,4311642,0,discount_utilisation_unresolved,1
551,INV-H1-000551,,0,,4689193,0,unresolved_service_mapping,1
552,INV-H1-000552,line_total_arithmetic|malformed_service_date|wrong_unit_basis,1,,2780342,0,invalid_service_date|unit_conversion_unresolved,1
553,INV-H1-000553,,0,,3545592,0,discount_utilisation_unresolved,1
554,INV-H1-000554,,0,,2363230,0,discount_utilisation_unresolved,1
555,INV-H1-000555,,0,,3150657,0,unresolved_service_mapping,1
556,INV-H1-000556,,0,,5367737,0,unresolved_service_mapping,1
557,INV-H1-000557,,0,2381206,2381206,1,,1
558,INV-H1-000558,,0,3257504,3257504,1,,1
559,INV-H1-000559,,0,871783,871783,1,,1
560,INV-H1-000560,,0,4343939,4343939,1,,1
561,INV-H1-000561,,0,1946700,1946700,1,,1
562,INV-H1-000562,,0,,2391200,0,unresolved_service_mapping,1
563,INV-H1-000563,,0,,3402555,0,unresolved_service_mapping,1
564,INV-H1-000564,,0,,3763741,0,unresolved_service_mapping,0
565,INV-H1-000565,,0,,3445946,0,discount_utilisation_unresolved|unresolved_service_mapping,1
566,INV-H1-000566,,0,2069575,2069575,1,,1
567,INV-H1-000567,,0,,1279830,0,unresolved_service_mapping,1
568,INV-H1-000568,,0,1385815,1385815,1,,1
569,INV-H1-000569,,0,,1566465,0,unresolved_service_mapping,1
570,INV-H1-000570,,0,,1249225,0,unresolved_service_mapping,0
571,INV-H1-000571,line_total_arithmetic|unknown_service,1,,1542190,0,exclusion_trigger_unresolved|possible_unresolved_same_day_service|unresolved_service_mapping,1
572,INV-H1-000572,,0,1345050,1345050,1,,0
573,INV-H1-000573,,0,4519958,4519958,1,,1
574,INV-H1-000574,,0,525025,525025,1,,1
575,INV-H1-000575,,0,3019350,3019350,1,,1
576,INV-H1-000576,,0,,6857285,0,discount_utilisation_unresolved,1
577,INV-H1-000577,,0,1738976,1738976,1,,0
578,INV-H1-000578,,0,1106125,1106125,1,,1
579,INV-H1-000579,,0,1017624,1017624,1,,1
580,INV-H1-000580,,0,,3088095,0,discount_utilisation_unresolved,1
581,INV-H1-000581,,0,420920,420920,1,,1
582,INV-H1-000582,,0,3845079,3845079,1,,1
583,INV-H1-000583,,0,,2362365,0,discount_utilisation_unresolved,1
584,INV-H1-000584,,0,,4140383,0,discount_utilisation_unresolved,1
585,INV-H1-000585,,0,,2558633,0,discount_utilisation_unresolved,1
586,INV-H1-000586,,0,3849719,3849719,1,,1
587,INV-H1-000587,,0,945025,945025,1,,1
588,INV-H1-000588,,0,2671035,2671035,1,,1
589,INV-H1-000589,,0,,2579685,0,discount_utilisation_unresolved,1
590,INV-H1-000590,,0,,1505787,0,unresolved_service_mapping,1
591,INV-H1-000591,,0,,1075770,0,discount_utilisation_unresolved,1
592,INV-H1-000592,,0,3109557,3109557,1,,1
593,INV-H1-000593,,0,,5590229,0,unresolved_service_mapping,1
594,INV-H1-000594,,0,,4793514,0,unresolved_service_mapping,1
595,INV-H1-000595,,0,1158720,1158720,1,,1
596,INV-H1-000596,,0,,3523860,0,discount_utilisation_unresolved,1
597,INV-H1-000597,,0,,2187710,0,discount_utilisation_unresolved,1
598,INV-H1-000598,,0,,1846199,0,discount_utilisation_unresolved,1
599,INV-H1-000599,,0,1920921,1920921,1,,1
600,INV-H1-000600,,0,1088500,1088500,1,,1
601,INV-H1-000548,duplicate_invoice_id,1,,2115965,0,ambiguous_invoice_identifier|exclusion_boundary_unresolved|unresolved_service_mapping,1
602,INV-H1-000602,,0,3950832,3950832,1,,1
603,INV-H1-000603,,0,,2135713,0,unresolved_service_mapping,1
604,INV-H1-000604,,0,,3441942,0,discount_utilisation_unresolved,1
605,INV-H1-000605,,0,3888554,3888554,1,,1
606,INV-H1-000606,,0,,1176485,0,discount_utilisation_unresolved,1
607,INV-H1-000607,,0,5830363,5830363,1,,1
608,INV-H1-000608,,0,,3565158,0,discount_utilisation_unresolved,1
609,INV-H1-000609,,0,1484300,1484300,1,,1
610,INV-H1-000610,,0,,2375985,0,discount_utilisation_unresolved,1
611,INV-H1-000611,,0,,3590888,0,discount_utilisation_unresolved,1
612,INV-H1-000612,,0,3505097,3505097,1,,1
613,INV-H1-000613,,0,,1626034,0,discount_utilisation_unresolved,0
614,INV-H1-000614,,0,,1460940,0,unresolved_service_mapping,1
615,INV-H1-000615,,0,,2801128,0,discount_utilisation_unresolved,1
616,INV-H1-000616,,0,,5748500,0,unresolved_service_mapping,1
617,INV-H1-000617,,0,2600735,2600735,1,,1
618,INV-H1-000618,,0,1400204,1400204,1,,1
619,INV-H1-000619,premium_omitted|unit_price_mismatch,1,,4648783,0,unresolved_service_mapping,1
620,INV-H1-000620,,0,7140902,7140902,1,,1
621,INV-H1-000621,,0,2708396,2708396,1,,1
622,INV-H1-000622,,0,1015412,1015412,1,,1
623,INV-H1-000623,,0,663475,663475,1,,1
624,INV-H1-000624,,0,1860624,1860624,1,,1
625,INV-H1-000625,,0,4725499,4725499,1,,1
626,INV-H1-000626,,0,,4994700,0,unresolved_service_mapping,1
627,INV-H1-000627,,0,,2863080,0,discount_utilisation_unresolved,1
628,INV-H1-000628,,0,4203380,4203380,1,,1
629,INV-H1-000629,contract_number_mismatch,1,3852708,3852708,1,,1
630,INV-H1-000630,,0,2093686,2093686,1,,1
631,INV-H1-000631,,0,1118472,1118472,1,,1
632,INV-H1-000632,,0,2340620,2340620,1,,1
633,INV-H1-000633,,0,,2240596,0,unresolved_service_mapping,0
634,INV-H1-000634,,0,,2457120,0,unresolved_service_mapping,1
635,INV-H1-000635,unit_price_mismatch|wrong_unit_basis,1,,1782497,0,unit_conversion_unresolved,0
636,INV-H1-000636,,0,2374500,2374500,1,,0
637,INV-H1-000637,,0,,3005350,0,unresolved_service_mapping,1
638,INV-H1-000638,,0,1080593,1080593,1,,1
639,INV-H1-000639,,0,,1582634,0,possible_unresolved_same_day_service|unresolved_service_mapping,1
640,INV-H1-000640,,0,3547303,3547303,1,,1
641,INV-H1-000641,,0,,3930631,0,unresolved_service_mapping,1
642,INV-H1-000642,,0,4331980,4331980,1,,1
643,INV-H1-000643,,0,4148836,4148836,1,,1
644,INV-H1-000644,,0,2695347,2695347,1,,1
645,INV-H1-000645,,0,1936535,1936535,1,,1
646,INV-H1-000646,premium_incorrectly_applied|unit_price_mismatch,1,,2952045,0,exclusion_boundary_unresolved,1
647,INV-H1-000647,,0,2769575,2769575,1,,1
648,INV-H1-000648,,0,2171482,2171482,1,,1
649,INV-H1-000649,,0,2071024,2071024,1,,1
650,INV-H1-000650,malformed_service_date,1,,1706534,0,invalid_service_date,1
651,INV-H1-000651,,0,2851295,2851295,1,,1
652,INV-H1-000652,,0,1919263,1919263,1,,1
653,INV-H1-000653,,0,3441128,3441128,1,,1
654,INV-H1-000654,,0,,4721388,0,unresolved_service_mapping,1
655,INV-H1-000655,,0,,5073640,0,unresolved_service_mapping,1
656,INV-H1-000656,,0,3242574,3242574,1,,1
657,INV-H1-000657,,0,,4217639,0,unresolved_service_mapping,0
658,INV-H1-000658,,0,,1292375,0,unresolved_service_mapping,1
659,INV-H1-000659,bundle_not_applied|service_date_out_of_window|unit_price_mismatch,1,,3686985,0,out_of_term_date,1
660,INV-H1-000660,,0,,735150,0,unresolved_service_mapping,1
661,INV-H1-000661,,0,,4771130,0,unresolved_service_mapping,1
662,INV-H1-000662,,0,3776025,3776025,1,,1
663,INV-H1-000663,,0,1212782,1212782,1,,1
664,INV-H1-000664,,0,1051575,1051575,1,,1
665,INV-H1-000665,,0,3905115,3905115,1,,1
666,INV-H1-000666,,0,3597600,3597600,1,,1
667,INV-H1-000667,unknown_service,1,,2053255,0,possible_unresolved_same_day_service|unresolved_service_mapping,0
668,INV-H1-000668,,0,,3732703,0,unresolved_service_mapping,0
669,INV-H1-000669,,0,,4004804,0,unresolved_service_mapping,1
670,INV-H1-000670,,0,,4556525,0,possible_unresolved_same_day_service|unresolved_service_mapping,1
671,INV-H1-000671,,0,3243888,3243888,1,,1
672,INV-H1-000672,,0,2842325,2842325,1,,1
673,INV-H1-000673,,0,2680725,2680725,1,,1
674,INV-H1-000674,service_date_after_invoice_date,1,2416832,2416832,1,,1
675,INV-H1-000675,cross_invoice_duplicate|premium_incorrectly_applied|unit_price_mismatch,1,,1380400,0,duplicate_service_allocation_unresolved,1
676,INV-H1-000676,,0,4806734,4806734,1,,1
677,INV-H1-000677,cross_invoice_duplicate|unit_price_mismatch|wrong_unit_basis,1,,5360228,0,duplicate_service_allocation_unresolved|unit_conversion_unresolved,1
678,INV-H1-000678,,0,,2165049,0,possible_unresolved_same_day_service|premium_quantity_unresolved|unresolved_service_mapping,1
679,INV-H1-000679,,0,2367163,2367163,1,,1
680,INV-H1-000680,,0,,2942216,0,unresolved_service_mapping,1
681,INV-H1-000681,,0,2649415,2649415,1,,1
682,INV-H1-000682,,0,1825648,1825648,1,,1
683,INV-H1-000683,,0,,1895344,0,unresolved_service_mapping,1
684,INV-H1-000684,,0,,3797998,0,unresolved_service_mapping,1
685,INV-H1-000685,,0,1934580,1934580,1,,1
686,INV-H1-000686,,0,2965003,2965003,1,,1
687,INV-H1-000687,,0,,2005410,0,unresolved_service_mapping,1
688,INV-H1-000688,,0,2320550,2320550,1,,1
689,INV-H1-000689,,0,1039568,1039568,1,,0
690,INV-H1-000690,,0,2820307,2820307,1,,1
691,INV-H1-000691,,0,3328275,3328275,1,,1
692,INV-H1-000692,,0,,3912118,0,unresolved_service_mapping,0
693,INV-H1-000693,,0,3469593,3469593,1,,1
694,INV-H1-000694,,0,,838345,0,unresolved_service_mapping,1
695,INV-H1-000695,,0,1738208,1738208,1,,1
696,INV-H1-000696,,0,2209233,2209233,1,,1
697,INV-H1-000697,,0,4420451,4420451,1,,1
698,INV-H1-000698,,0,3421145,3421145,1,,1
699,INV-H1-000699,,0,3027125,3027125,1,,1
700,INV-H1-000700,,0,,1084251,0,unresolved_service_mapping,1
701,INV-H1-000701,,0,,729214,0,unresolved_service_mapping,1
702,INV-H1-000702,,0,4360605,4360605,1,,0
703,INV-H1-000703,line_total_arithmetic|wrong_unit_basis,1,,1076953,0,unit_conversion_unresolved,1
704,INV-H1-000704,,0,3733390,3733390,1,,1
705,INV-H1-000705,,0,904483,904483,1,,1
706,INV-H1-000706,,0,1987700,1987700,1,,1
707,INV-H1-000707,,0,1936925,1936925,1,,0
708,INV-H1-000708,,0,2353606,2353606,1,,1
709,INV-H1-000709,,0,,3532926,0,unresolved_service_mapping,1
710,INV-H1-000710,,0,,3650814,0,unresolved_service_mapping,1
711,INV-H1-000711,,0,,2413074,0,unresolved_service_mapping,1
712,INV-H1-000712,,0,,3858120,0,unresolved_service_mapping,1
713,INV-H1-000713,,0,2411518,2411518,1,,1
714,INV-H1-000714,,0,,1644350,0,unresolved_service_mapping,0
715,INV-H1-000715,,0,970020,970020,1,,0
716,INV-H1-000716,,0,1749386,1749386,1,,1
717,INV-H1-000717,wrong_unit_basis,1,,2651162,0,unit_conversion_unresolved,1
718,INV-H1-000718,,0,783025,783025,1,,1
719,INV-H1-000719,,0,845310,845310,1,,1
720,INV-H1-000720,,0,3139824,3139824,1,,1
721,INV-H1-000721,,0,1292690,1292690,1,,1
722,INV-H1-000722,,0,1594886,1594886,1,,1
723,INV-H1-000723,,0,1427400,1427400,1,,0
724,INV-H1-000724,,0,2600041,2600041,1,,1
725,INV-H1-000725,daily_cap_exceeded,1,,1925550,0,unresolved_service_mapping,1
726,INV-H1-000726,,0,,5002126,0,unresolved_service_mapping,1
727,INV-H1-000727,,0,,2700630,0,unresolved_service_mapping,1
728,INV-H1-000728,,0,,3622993,0,unresolved_service_mapping,1
729,INV-H1-000729,,0,3644405,3644405,1,,1
730,INV-H1-000730,,0,1178920,1178920,1,,1
731,INV-H1-000731,,0,1744546,1744546,1,,1
732,INV-H1-000732,,0,,4161065,0,unresolved_service_mapping,1
733,INV-H1-000733,,0,4090367,4090367,1,,1
734,INV-H1-000734,,0,2489815,2489815,1,,1
735,INV-H1-000735,,0,1067857,1067857,1,,1
736,INV-H1-000736,,0,,2087322,0,unresolved_service_mapping,1
737,INV-H1-000737,,0,2828108,2828108,1,,1
738,INV-H1-000738,,0,1219150,1219150,1,,1
739,INV-H1-000739,,0,,3794864,0,unresolved_service_mapping,1
740,INV-H1-000740,,0,3197252,3197252,1,,1
741,INV-H1-000741,,0,1896825,1896825,1,,1
742,INV-H1-000742,,0,1375129,1375129,1,,0
743,INV-H1-000743,,0,1134176,1134176,1,,1
744,INV-H1-000744,,0,3569096,3569096,1,,1
745,INV-H1-000745,,0,2158353,2158353,1,,1
746,INV-H1-000746,,0,2466869,2466869,1,,1
747,INV-H1-000747,,0,5741085,5741085,1,,0
748,INV-H1-000748,service_date_after_invoice_date|service_date_out_of_window,1,,5359331,0,out_of_term_date,1
749,INV-H1-000749,,0,,3031243,0,unresolved_service_mapping,0
750,INV-H1-000750,,0,,2648724,0,unresolved_service_mapping,0
751,INV-H1-000751,,0,,4360656,0,unresolved_service_mapping,1
752,INV-H1-000752,,0,1357904,1357904,1,,1
753,INV-H1-000753,,0,1630750,1630750,1,,1
754,INV-H1-000754,,0,,2153329,0,unresolved_service_mapping,1
755,INV-H1-000755,,0,833600,833600,1,,1
756,INV-H1-000756,,0,2783615,2783615,1,,0
757,INV-H1-000757,,0,3577253,3577253,1,,1
758,INV-H1-000758,,0,2229604,2229604,1,,1
759,INV-H1-000759,,0,2822035,2822035,1,,1
760,INV-H1-000760,,0,,2064095,0,unresolved_service_mapping,1
761,INV-H1-000761,,0,,3353665,0,unresolved_service_mapping,1
762,INV-H1-000762,,0,,1748571,0,unresolved_service_mapping,1
763,INV-H1-000763,,0,,5571890,0,unresolved_service_mapping,1
764,INV-H1-000764,,0,3477914,3477914,1,,1
765,INV-H1-000765,,0,3794865,3794865,1,,1
766,INV-H1-000766,,0,1177997,1177997,1,,1
767,INV-H1-000767,,0,,4651455,0,possible_unresolved_same_day_service|unresolved_service_mapping,1
768,INV-H1-000768,,0,2781754,2781754,1,,1
769,INV-H1-000769,,0,1679020,1679020,1,,1
770,INV-H1-000770,,0,,2038506,0,unresolved_service_mapping,1
771,INV-H1-000771,,0,5299935,5299935,1,,1
772,INV-H1-000772,,0,3805854,3805854,1,,1
773,INV-H1-000773,,0,2458809,2458809,1,,1
774,INV-H1-000774,,0,1415218,1415218,1,,1
775,INV-H1-000775,,0,3401339,3401339,1,,1
776,INV-H1-000776,,0,,3071675,0,unresolved_service_mapping,1
777,INV-H1-000777,,0,2429769,2429769,1,,1
778,INV-H1-000778,,0,,2156416,0,unresolved_service_mapping,1
779,INV-H1-000779,,0,,628982,0,unresolved_service_mapping,1
780,INV-H1-000780,,0,2770225,2770225,1,,1
781,INV-H1-000781,,0,,3681874,0,unresolved_service_mapping,1
782,INV-H1-000782,,0,2323407,2323407,1,,1
783,INV-H1-000783,,0,642675,642675,1,,1
784,INV-H1-000784,,0,2218255,2218255,1,,1
785,INV-H1-000785,,0,1849775,1849775,1,,1
786,INV-H1-000786,,0,2993000,2993000,1,,1
787,INV-H1-000787,,0,2059029,2059029,1,,1
788,INV-H1-000788,,0,1059825,1059825,1,,1
789,INV-H1-000789,,0,2758680,2758680,1,,1
790,INV-H1-000790,,0,2404480,2404480,1,,1
791,INV-H1-000791,,0,,3490975,0,unresolved_service_mapping,1
792,INV-H1-000792,,0,,3294373,0,unresolved_service_mapping,1
793,INV-H1-000793,,0,4245835,4245835,1,,1
794,INV-H1-000794,,0,,2065304,0,unresolved_service_mapping,1
795,INV-H1-000795,,0,2554725,2554725,1,,1
796,INV-H1-000796,,0,4969812,4969812,1,,1
797,INV-H1-000797,,0,,3501930,0,unresolved_service_mapping,1
798,INV-H1-000798,,0,,2549162,0,unresolved_service_mapping,1
799,INV-H1-000799,,0,2070577,2070577,1,,1
800,INV-H1-000800,,0,6020653,6020653,1,,1
801,INV-H1-000801,,0,1984773,1984773,1,,1
802,INV-H1-000802,,0,3487115,3487115,1,,1
803,INV-H1-000803,,0,,1401701,0,unresolved_service_mapping,1
804,INV-H1-000804,,0,3265145,3265145,1,,1
805,INV-H1-000805,,0,2615344,2615344,1,,1
806,INV-H1-000806,,0,3064055,3064055,1,,1
807,INV-H1-000807,,0,1638523,1638523,1,,1
808,INV-H1-000808,,0,,3689488,0,unresolved_service_mapping,1
809,INV-H1-000809,,0,3454991,3454991,1,,1
810,INV-H1-000810,,0,2165925,2165925,1,,1
811,INV-H1-000811,unit_price_mismatch|unknown_service|volume_discount_omitted,1,,3714657,0,possible_unresolved_same_day_service|unresolved_service_mapping,1
812,INV-H1-000812,,0,1387250,1387250,1,,1
813,INV-H1-000813,,0,3977875,3977875,1,,1
814,INV-H1-000814,,0,1543045,1543045,1,,1
815,INV-H1-000815,,0,3088264,3088264,1,,1
816,INV-H1-000816,,0,,3836485,0,possible_unresolved_same_day_service|unresolved_service_mapping,1
817,INV-H1-000817,,0,,4033379,0,unresolved_service_mapping,1
818,INV-H1-000818,,0,3887630,3887630,1,,1
819,INV-H1-000819,,0,981038,981038,1,,1
820,INV-H1-000820,invoice_total_mismatch|recomputed_total_mismatch|unit_price_mismatch|volume_discount_omitted,1,2850137,2881532,1,,1
821,INV-H1-000821,,0,,3330606,0,unresolved_service_mapping,0
822,INV-H1-000822,,0,1267835,1267835,1,,1
823,INV-H1-000823,,0,1875655,1875655,1,,1
824,INV-H1-000824,,0,2221734,2221734,1,,1
825,INV-H1-000825,,0,3468479,3468479,1,,1
826,INV-H1-000826,,0,,2789238,0,unresolved_service_mapping,1
827,INV-H1-000827,,0,3298041,3298041,1,,1
828,INV-H1-000828,,0,3108983,3108983,1,,1
829,INV-H1-000829,,0,3151440,3151440,1,,0
830,INV-H1-000830,,0,,1775270,0,unresolved_service_mapping,1
831,INV-H1-000831,,0,2070440,2070440,1,,1
832,INV-H1-000832,,0,4095085,4095085,1,,1
833,INV-H1-000833,,0,1669100,1669100,1,,1
834,INV-H1-000834,,0,1031797,1031797,1,,1
835,INV-H1-000835,,0,2718965,2718965,1,,1
836,INV-H1-000836,,0,3025568,3025568,1,,1
837,INV-H1-000837,,0,1216911,1216911,1,,1
838,INV-H1-000838,,0,2223931,2223931,1,,1
839,INV-H1-000839,,0,4664610,4664610,1,,1
840,INV-H1-000840,,0,4454870,4454870,1,,1
841,INV-H1-000841,,0,4617910,4617910,1,,1
842,INV-H1-000842,,0,,2138594,0,unresolved_service_mapping,1
843,INV-H1-000843,,0,1086850,1086850,1,,1
844,INV-H1-000844,,0,663386,663386,1,,1
845,INV-H1-000845,,0,3290314,3290314,1,,1
846,INV-H1-000846,,0,,2399363,0,unresolved_service_mapping,1
847,INV-H1-000847,wrong_unit_basis,1,,3988200,0,exclusion_boundary_unresolved|unit_conversion_unresolved,1
848,INV-H1-000848,,0,3271454,3271454,1,,1
849,INV-H1-000849,,0,3927848,3927848,1,,1
850,INV-H1-000850,,0,5287691,5287691,1,,1
851,INV-H1-000851,,0,,2950556,0,unresolved_service_mapping,0
852,INV-H1-000852,cross_invoice_duplicate|service_date_after_invoice_date|service_date_out_of_window,1,,2388675,0,duplicate_service_allocation_unresolved|out_of_term_date,1
853,INV-H1-000853,,0,1939273,1939273,1,,1
854,INV-H1-000854,,0,3361815,3361815,1,,1
855,INV-H1-000855,,0,,2836990,0,unresolved_service_mapping,1
856,INV-H1-000856,,0,860340,860340,1,,1
857,INV-H1-000857,,0,2300235,2300235,1,,1
858,INV-H1-000858,,0,2163860,2163860,1,,1
859,INV-H1-000859,,0,775725,775725,1,,1
860,INV-H1-000860,,0,4432235,4432235,1,,1
861,INV-H1-000861,,0,2483775,2483775,1,,1
862,INV-H1-000862,,0,1902331,1902331,1,,1
863,INV-H1-000863,,0,,2812468,0,unresolved_service_mapping,1
864,INV-H1-000864,,0,5563320,5563320,1,,1
865,INV-H1-000865,,0,3607964,3607964,1,,1
866,INV-H1-000866,,0,,1655250,0,unresolved_service_mapping,0
867,INV-H1-000867,,0,5888095,5888095,1,,1
868,INV-H1-000868,,0,,3802873,0,unresolved_service_mapping,1
869,INV-H1-000869,,0,,3752925,0,unresolved_service_mapping,1
870,INV-H1-000870,,0,,745450,0,unresolved_service_mapping,1
871,INV-H1-000871,,0,,2663757,0,unresolved_service_mapping,1
872,INV-H1-000872,,0,1783506,1783506,1,,1
873,INV-H1-000873,bundle_not_applied|contract_number_mismatch|recomputed_total_mismatch|unit_price_mismatch,1,1606768,1620843,1,,1
874,INV-H1-000874,,0,4914354,4914354,1,,1
875,INV-H1-000875,,0,1851716,1851716,1,,1
876,INV-H1-000876,,0,,2290880,0,unresolved_service_mapping,1
877,INV-H1-000877,,0,1831050,1831050,1,,1
878,INV-H1-000878,,0,465023,465023,1,,1
879,INV-H1-000879,,0,1409079,1409079,1,,1
880,INV-H1-000880,,0,1781344,1781344,1,,1
881,INV-H1-000881,,0,4549164,4549164,1,,1
882,INV-H1-000882,,0,4953447,4953447,1,,1
883,INV-H1-000883,,0,6169030,6169030,1,,1
884,INV-H1-000884,,0,,3351299,0,unresolved_service_mapping,1
885,INV-H1-000885,,0,1260530,1260530,1,,1
886,INV-H1-000886,,0,1208930,1208930,1,,1
887,INV-H1-000887,,0,561050,561050,1,,1
888,INV-H1-000888,,0,,3334135,0,unresolved_service_mapping,1
889,INV-H1-000889,,0,1408665,1408665,1,,1
890,INV-H1-000890,,0,1368317,1368317,1,,1
891,INV-H1-000891,,0,902350,902350,1,,1
892,INV-H1-000892,,0,1028425,1028425,1,,1
893,INV-H1-000893,,0,2692710,2692710,1,,1
894,INV-H1-000894,,0,1531372,1531372,1,,1
895,INV-H1-000895,,0,,3643338,0,unresolved_service_mapping,0
896,INV-H1-000896,,0,2917920,2917920,1,,1
897,INV-H1-000897,,0,2344075,2344075,1,,1
898,INV-H1-000898,,0,2237689,2237689,1,,1
899,INV-H1-000899,,0,,2339046,0,unresolved_service_mapping,1
900,INV-H1-000900,,0,4565783,4565783,1,,1
901,INV-H1-000901,,0,3226125,3226125,1,,1
902,INV-H1-000902,,0,2514158,2514158,1,,1
903,INV-H1-000903,,0,,4385784,0,unresolved_service_mapping,1
904,INV-H1-000904,,0,2011695,2011695,1,,0
905,INV-H1-000905,,0,,1939939,0,unresolved_service_mapping,0
906,INV-H1-000906,,0,857575,857575,1,,1
907,INV-H1-000907,,0,1270625,1270625,1,,1
908,INV-H1-000908,,0,3268266,3268266,1,,1
909,INV-H1-000909,,0,1333831,1333831,1,,1
910,INV-H1-000910,,0,3954572,3954572,1,,1
911,INV-H1-000911,,0,1781766,1781766,1,,1
912,INV-H1-000912,,0,,3012993,0,unresolved_service_mapping,1
913,INV-H1-000913,,0,1484675,1484675,1,,1
914,INV-H1-000914,,0,,6185689,0,unresolved_service_mapping,1
915,INV-H1-000915,,0,,1610819,0,unresolved_service_mapping,1
916,INV-H1-000916,,0,2434972,2434972,1,,0
917,INV-H1-000917,,0,2843717,2843717,1,,1
918,INV-H1-000918,,0,2565249,2565249,1,,1
