invoice_id,separate_total_cents,submitted_total_cents,separate_findings,inferred_line_count
INV-H4-000004,4541425,4541425,,0
INV-H4-000005,1061450,1061450,,0
INV-H4-000008,3259925,3259925,calculated_unit_price_difference|recomputed_total_mismatch|service_date_after_invoice_date,0
INV-H4-000011,2887300,2887300,,0
INV-H4-000013,2946850,2946850,,0
INV-H4-000015,3635025,3635025,,0
INV-H4-000025,729989,729989,,0
INV-H4-000026,3085997,3085997,,0
INV-H4-000028,1136750,1136750,,0
INV-H4-000030,1854450,1854450,,1
INV-H4-000038,2275900,2275900,,0
INV-H4-000039,3695050,3695050,,0
INV-H4-000041,2268000,2268000,,0
INV-H4-000043,1803400,1803400,,0
INV-H4-000045,2151575,2151575,,0
INV-H4-000046,2192275,2192275,,0
INV-H4-000055,3426725,3426725,,0
INV-H4-000059,822175,822175,,0
INV-H4-000065,540310,540310,,0
INV-H4-000068,1482320,1482320,,0
INV-H4-000072,1932625,1932625,,0
INV-H4-000085,3151125,3151125,,0
INV-H4-000089,1592319,1592319,,0
INV-H4-000102,1967575,1967575,,1
INV-H4-000106,1241425,1241425,,0
INV-H4-000117,1002076,1002076,,0
INV-H4-000121,1732875,1732875,service_date_after_invoice_date,0
INV-H4-000122,2184175,2184175,,0
INV-H4-000126,1198500,1198500,,0
INV-H4-000128,2878080,2878080,,0
INV-H4-000132,2168372,2168372,,0
INV-H4-000133,1665300,1665300,,0
INV-H4-000137,1185400,1185400,,0
INV-H4-000140,2104082,2104082,,0
INV-H4-000145,3600775,3600775,,0
INV-H4-000147,3627292,3627292,,0
INV-H4-000148,1207325,1207325,,0
INV-H4-000152,1673314,1673314,,0
INV-H4-000156,1706925,1706925,,0
INV-H4-000160,481550,481550,,0
INV-H4-000163,3712175,3712175,,0
INV-H4-000172,2225568,2225568,,0
INV-H4-000174,1591425,1591425,,0
INV-H4-000175,3231725,3231725,,0
INV-H4-000179,1998140,1998140,,0
INV-H4-000180,2976218,2976218,,0
INV-H4-000188,480600,480600,,0
INV-H4-000194,5330400,5330400,,0
INV-H4-000199,3183225,3183225,,0
INV-H4-000201,875700,875700,,0
INV-H4-000202,1981900,1981900,,0
INV-H4-000203,1979184,1979184,,0
INV-H4-000205,3493500,3493500,,0
INV-H4-000209,2321736,2321736,,0
INV-H4-000214,3246025,3246025,,1
INV-H4-000215,604825,604825,,0
INV-H4-000219,3351025,3351025,,0
INV-H4-000230,3617087,3617087,,0
INV-H4-000241,2652700,2652700,,1
INV-H4-000243,1488475,1488475,,0
INV-H4-000245,1497140,1497140,,0
INV-H4-000251,1327425,1327425,,0
INV-H4-000256,682700,682700,,0
INV-H4-000258,1118825,1118825,,0
INV-H4-000261,1789878,1789878,,0
INV-H4-000273,1988640,1988640,,1
INV-H4-000274,1107275,1107275,,0
INV-H4-000276,4113650,4113650,,0
INV-H4-000279,2072558,2072558,,0
INV-H4-000281,1513905,1513905,,0
INV-H4-000282,1401500,1401500,,0
INV-H4-000284,531900,531900,,0
INV-H4-000286,2054450,2054450,,0
INV-H4-000292,1980000,1980000,,0
INV-H4-000294,827525,827525,,1
INV-H4-000296,1443230,1443230,,0
INV-H4-000310,1316020,1316020,,0
INV-H4-000312,699500,699500,,0
INV-H4-000313,800725,800725,,0
INV-H4-000314,697175,697175,,0
INV-H4-000315,1699100,1699100,,0
INV-H4-000317,2361575,2361575,,0
INV-H4-000318,4698159,4698159,,2
INV-H4-000320,2024262,2024262,,0
INV-H4-000328,917100,917100,,0
INV-H4-000330,1330250,1330250,,0
INV-H4-000334,1071950,1071950,,0
INV-H4-000337,2762165,2762165,,0
INV-H4-000339,2489370,2489370,,0
INV-H4-000340,572600,572600,,0
INV-H4-000341,5736706,5736706,,0
INV-H4-000343,1048175,1048175,,0
INV-H4-000350,3278425,3278425,,0
INV-H4-000359,1946150,1946150,,0
INV-H4-000365,1747290,1747290,,0
INV-H4-000370,1554128,1554128,,0
INV-H4-000372,474575,474575,,0
INV-H4-000373,3625717,3625717,,0
INV-H4-000375,1582750,1582750,,0
INV-H4-000376,462950,462950,,0
INV-H4-000379,1395600,1395600,,0
INV-H4-000382,781425,781425,,0
INV-H4-000391,1528764,1528764,service_date_after_invoice_date,1
INV-H4-000392,1904013,1904013,,0
INV-H4-000403,1411800,1411800,,0
INV-H4-000404,1310900,1310900,,0
INV-H4-000408,2092935,2092935,,0
INV-H4-000412,3938725,3938725,,0
INV-H4-000423,749180,749180,,0
INV-H4-000428,1387328,1387328,,0
INV-H4-000430,1742210,1742210,,0
INV-H4-000436,2114075,2114075,,0
INV-H4-000440,1999100,1999100,,0
INV-H4-000447,2036000,2036000,,0
INV-H4-000448,3450611,3450611,,1
INV-H4-000455,4005775,4005775,,0
INV-H4-000460,1423623,1423623,,0
INV-H4-000464,1815325,1815325,,0
INV-H4-000466,2165475,2165475,,0
INV-H4-000467,1033045,1033045,,0
INV-H4-000468,1610125,1610125,,0
INV-H4-000486,1222350,1222350,,0
INV-H4-000487,2159000,2159000,,1
INV-H4-000489,2629490,2629490,,1
INV-H4-000491,2202350,2202350,,0
INV-H4-000496,3774484,3774484,,1
INV-H4-000499,3995805,3995805,,1
INV-H4-000500,1513950,1513950,,0
INV-H4-000503,1712225,1712225,,0
INV-H4-000505,869100,869100,,1
INV-H4-000511,4246950,4246950,,0
INV-H4-000518,4478075,4478075,,0
INV-H4-000521,3804725,3804725,,0
INV-H4-000525,1219975,1219975,,0
INV-H4-000535,1740400,1740400,,0
INV-H4-000537,3505975,3505975,,1
INV-H4-000543,2661825,2661825,,0
INV-H4-000556,2462025,2462025,,0
INV-H4-000557,885100,885100,,0
INV-H4-000558,780300,780300,,1
INV-H4-000574,2526375,2526375,,0
INV-H4-000578,2235025,2235025,,0
INV-H4-000580,1117339,1117339,,0
INV-H4-000581,2268205,2268205,calculated_unit_price_difference|recomputed_total_mismatch,0
INV-H4-000583,819575,819575,calculated_unit_price_difference|recomputed_total_mismatch,0
INV-H4-000591,1112500,1112500,,1
INV-H4-000594,1837253,1837253,,0
INV-H4-000597,2486830,2486830,,0
INV-H4-000599,2096500,2096500,,0
INV-H4-000604,1621650,1621650,,0
INV-H4-000605,3585475,3585475,,0
INV-H4-000610,4533825,4533825,calculated_unit_price_difference|line_total_arithmetic|recomputed_total_mismatch,0
INV-H4-000611,3332930,3332930,,0
INV-H4-000614,4461675,4461675,,0
INV-H4-000617,2334775,2334775,,0
INV-H4-000619,3328475,3328475,,0
INV-H4-000620,1083025,1083025,,0
INV-H4-000623,884450,884450,,0
INV-H4-000627,969075,969075,,1
INV-H4-000629,2322425,2322425,,0
INV-H4-000632,1680900,1680900,,1
INV-H4-000633,1744140,1744140,,0
INV-H4-000634,1176432,1176432,,0
INV-H4-000639,1240762,1240762,,0
INV-H4-000640,2887285,2887285,,1
INV-H4-000642,1023125,1023125,,0
INV-H4-000650,2116750,2116750,,0
INV-H4-000656,1691450,1691450,,0
INV-H4-000660,2015770,2015770,,0
INV-H4-000661,3400815,3400815,,0
INV-H4-000667,1037685,1037685,,0
INV-H4-000669,2036050,2036050,,0
INV-H4-000670,2221300,2221300,,0
INV-H4-000671,2843843,2843843,,0
INV-H4-000673,3223381,3223381,,1
INV-H4-000674,2906505,2906505,,0
INV-H4-000683,3566465,3566465,,0
INV-H4-000684,2758763,2758763,,0
INV-H4-000685,888575,888575,,0
INV-H4-000687,2130175,2130175,,0
INV-H4-000688,2147980,2147980,,0
INV-H4-000689,311150,311150,,0
INV-H4-000692,862739,862739,calculated_unit_price_difference|recomputed_total_mismatch,0
INV-H4-000697,654798,654798,,0
INV-H4-000707,3779025,3779025,,1
INV-H4-000717,475025,475025,,0
INV-H4-000718,1570300,1570300,,0
INV-H4-000721,3096676,3096676,,0
INV-H4-000722,4852900,4852900,,0
INV-H4-000728,988325,988325,,0
INV-H4-000730,3828225,3828225,,0
INV-H4-000731,1739600,1739600,,0
INV-H4-000732,2127850,2127850,,0
INV-H4-000735,402050,402050,,0
INV-H4-000737,2255325,2255325,,0
INV-H4-000738,1984399,1984399,,0
INV-H4-000744,2601325,2601325,,0
INV-H4-000745,1792890,1792890,,0
INV-H4-000748,1131650,1131650,,0
INV-H4-000752,990930,990930,,0
INV-H4-000753,3517100,3517100,,0
INV-H4-000754,2006700,2006700,,1
INV-H4-000755,2406204,2406204,,0
INV-H4-000757,1616780,1616780,,1
INV-H4-000764,4144255,4144255,,0
INV-H4-000771,1482775,1482775,,0
INV-H4-000772,4537660,4537660,,0
INV-H4-000784,5672100,5672100,,1
INV-H4-000790,1579048,1579048,,0
INV-H4-000792,2301500,2301500,,0
INV-H4-000796,2077075,2077075,,0
INV-H4-000797,2429475,2429475,,0
INV-H4-000800,1103000,1103000,,0
INV-H4-000801,933981,933981,,0
INV-H4-000812,5447044,5447044,,0
INV-H4-000816,3280925,3280925,,0
INV-H4-000819,3072630,3072630,,1
INV-H4-000820,2766785,2766785,,2
INV-H4-000821,1685850,1685850,,0
INV-H4-000824,4084125,4084125,,0
INV-H4-000825,1076650,1076650,,1
INV-H4-000826,1664025,1664025,,0
INV-H4-000830,2539580,2539580,,1
INV-H4-000831,2170420,2170420,,0
INV-H4-000834,2226125,2226125,,0
INV-H4-000835,3111550,3111550,,1
INV-H4-000838,1373870,1373870,,0
