record_id,invoice_id,contains_inferred_mapping,inference_exposed,confidence,amount_difference_cents,evidence_file,line_ids,confidence_basis
4,INV-H4-000004,False,False,0.60,0,outputs/hospital_4/line_pricing_review.csv,H4-L00004-01|H4-L00004-02|H4-L00004-03|H4-L00004-04|H4-L00004-05|H4-L00004-06|H4-L00004-07|H4-L00004-08|H4-L00004-09|H4-L00004-10|H4-L00004-11|H4-L00004-12|H4-L00004-13|H4-L00004-14|H4-L00004-15,subjective_unvalidated_complete_calculation
5,INV-H4-000005,False,True,0.40,0,outputs/hospital_4/line_pricing_review.csv,H4-L00005-01|H4-L00005-02|H4-L00005-03|H4-L00005-04|H4-L00005-05,subjective_unvalidated_mapping_inference
8,INV-H4-000008,False,False,0.60,265348,outputs/hospital_4/line_pricing_review.csv,H4-L00008-01|H4-L00008-02|H4-L00008-03|H4-L00008-04|H4-L00008-05|H4-L00008-06|H4-L00008-07|H4-L00008-08|H4-L00008-09|H4-L00008-10,subjective_unvalidated_complete_calculation
11,INV-H4-000011,False,False,0.60,0,outputs/hospital_4/line_pricing_review.csv,H4-L00011-01|H4-L00011-02|H4-L00011-03|H4-L00011-04|H4-L00011-05|H4-L00011-06|H4-L00011-07|H4-L00011-08|H4-L00011-09|H4-L00011-10|H4-L00011-11|H4-L00011-12|H4-L00011-13|H4-L00011-14|H4-L00011-15|H4-L00011-16,subjective_unvalidated_complete_calculation
13,INV-H4-000013,False,False,0.60,0,outputs/hospital_4/line_pricing_review.csv,H4-L00013-01|H4-L00013-02|H4-L00013-03|H4-L00013-04|H4-L00013-05|H4-L00013-06|H4-L00013-07|H4-L00013-08|H4-L00013-09|H4-L00013-10|H4-L00013-11|H4-L00013-12|H4-L00013-13|H4-L00013-14|H4-L00013-15|H4-L00013-16|H4-L00013-17|H4-L00013-18|H4-L00013-19,subjective_unvalidated_complete_calculation
15,INV-H4-000015,False,True,0.40,0,outputs/hospital_4/line_pricing_review.csv,H4-L00015-01|H4-L00015-02|H4-L00015-03|H4-L00015-04|H4-L00015-05|H4-L00015-06|H4-L00015-07|H4-L00015-08|H4-L00015-09|H4-L00015-10|H4-L00015-11|H4-L00015-12|H4-L00015-13|H4-L00015-14|H4-L00015-15|H4-L00015-16,subjective_unvalidated_mapping_inference
25,INV-H4-000025,False,False,0.60,0,outputs/hospital_4/line_pricing_review.csv,H4-L00025-01|H4-L00025-02|H4-L00025-03|H4-L00025-04|H4-L00025-05|H4-L00025-06,subjective_unvalidated_complete_calculation
26,INV-H4-000026,False,False,0.60,0,outputs/hospital_4/line_pricing_review.csv,H4-L00026-01|H4-L00026-02|H4-L00026-03|H4-L00026-04|H4-L00026-05|H4-L00026-06|H4-L00026-07|H4-L00026-08|H4-L00026-09|H4-L00026-10|H4-L00026-11|H4-L00026-12|H4-L00026-13|H4-L00026-14|H4-L00026-15|H4-L00026-16|H4-L00026-17,subjective_unvalidated_complete_calculation
28,INV-H4-000028,False,False,0.60,0,outputs/hospital_4/line_pricing_review.csv,H4-L00028-01|H4-L00028-02|H4-L00028-03|H4-L00028-04|H4-L00028-05|H4-L00028-06|H4-L00028-07,subjective_unvalidated_complete_calculation
30,INV-H4-000030,True,True,0.40,0,outputs/hospital_4/line_pricing_review.csv,H4-L00030-01|H4-L00030-02|H4-L00030-03|H4-L00030-04|H4-L00030-05|H4-L00030-06|H4-L00030-07,subjective_unvalidated_mapping_inference
38,INV-H4-000038,False,False,0.60,0,outputs/hospital_4/line_pricing_review.csv,H4-L00038-01|H4-L00038-02|H4-L00038-03|H4-L00038-04|H4-L00038-05|H4-L00038-06|H4-L00038-07|H4-L00038-08|H4-L00038-09|H4-L00038-10|H4-L00038-11|H4-L00038-12|H4-L00038-13|H4-L00038-14|H4-L00038-15,subjective_unvalidated_complete_calculation
39,INV-H4-000039,False,False,0.60,0,outputs/hospital_4/line_pricing_review.csv,H4-L00039-01|H4-L00039-02|H4-L00039-03|H4-L00039-04|H4-L00039-05|H4-L00039-06|H4-L00039-07|H4-L00039-08|H4-L00039-09|H4-L00039-10|H4-L00039-11|H4-L00039-12|H4-L00039-13|H4-L00039-14|H4-L00039-15|H4-L00039-16,subjective_unvalidated_complete_calculation
41,INV-H4-000041,False,True,0.40,0,outputs/hospital_4/line_pricing_review.csv,H4-L00041-01|H4-L00041-02|H4-L00041-03|H4-L00041-04|H4-L00041-05|H4-L00041-06|H4-L00041-07|H4-L00041-08,subjective_unvalidated_mapping_inference
43,INV-H4-000043,False,True,0.40,0,outputs/hospital_4/line_pricing_review.csv,H4-L00043-01|H4-L00043-02|H4-L00043-03|H4-L00043-04|H4-L00043-05|H4-L00043-06|H4-L00043-07,subjective_unvalidated_mapping_inference
45,INV-H4-000045,False,False,0.60,0,outputs/hospital_4/line_pricing_review.csv,H4-L00045-01|H4-L00045-02|H4-L00045-03|H4-L00045-04|H4-L00045-05|H4-L00045-06|H4-L00045-07|H4-L00045-08|H4-L00045-09|H4-L00045-10|H4-L00045-11|H4-L00045-12,subjective_unvalidated_complete_calculation
46,INV-H4-000046,False,False,0.60,0,outputs/hospital_4/line_pricing_review.csv,H4-L00046-01|H4-L00046-02|H4-L00046-03|H4-L00046-04|H4-L00046-05|H4-L00046-06|H4-L00046-07|H4-L00046-08,subjective_unvalidated_complete_calculation
55,INV-H4-000055,False,False,0.60,0,outputs/hospital_4/line_pricing_review.csv,H4-L00055-01|H4-L00055-02|H4-L00055-03|H4-L00055-04|H4-L00055-05|H4-L00055-06|H4-L00055-07|H4-L00055-08|H4-L00055-09|H4-L00055-10|H4-L00055-11|H4-L00055-12|H4-L00055-13|H4-L00055-14|H4-L00055-15|H4-L00055-16|H4-L00055-17,subjective_unvalidated_complete_calculation
59,INV-H4-000059,False,True,0.40,0,outputs/hospital_4/line_pricing_review.csv,H4-L00059-01|H4-L00059-02|H4-L00059-03|H4-L00059-04|H4-L00059-05,subjective_unvalidated_mapping_inference
65,INV-H4-000065,False,False,0.60,0,outputs/hospital_4/line_pricing_review.csv,H4-L00065-01|H4-L00065-02|H4-L00065-03|H4-L00065-04|H4-L00065-05,subjective_unvalidated_complete_calculation
68,INV-H4-000068,False,False,0.60,0,outputs/hospital_4/line_pricing_review.csv,H4-L00068-01|H4-L00068-02|H4-L00068-03|H4-L00068-04|H4-L00068-05|H4-L00068-06|H4-L00068-07|H4-L00068-08|H4-L00068-09|H4-L00068-10|H4-L00068-11,subjective_unvalidated_complete_calculation
72,INV-H4-000072,False,False,0.60,0,outputs/hospital_4/line_pricing_review.csv,H4-L00072-01|H4-L00072-02|H4-L00072-03|H4-L00072-04|H4-L00072-05|H4-L00072-06|H4-L00072-07|H4-L00072-08,subjective_unvalidated_complete_calculation
85,INV-H4-000085,False,True,0.40,0,outputs/hospital_4/line_pricing_review.csv,H4-L00085-01|H4-L00085-02|H4-L00085-03|H4-L00085-04|H4-L00085-05|H4-L00085-06|H4-L00085-07|H4-L00085-08|H4-L00085-09|H4-L00085-10|H4-L00085-11|H4-L00085-12|H4-L00085-13,subjective_unvalidated_mapping_inference
89,INV-H4-000089,False,False,0.60,0,outputs/hospital_4/line_pricing_review.csv,H4-L00089-01|H4-L00089-02|H4-L00089-03|H4-L00089-04|H4-L00089-05|H4-L00089-06|H4-L00089-07|H4-L00089-08|H4-L00089-09|H4-L00089-10|H4-L00089-11|H4-L00089-12|H4-L00089-13|H4-L00089-14,subjective_unvalidated_complete_calculation
102,INV-H4-000102,True,True,0.40,0,outputs/hospital_4/line_pricing_review.csv,H4-L00102-01|H4-L00102-02|H4-L00102-03|H4-L00102-04|H4-L00102-05|H4-L00102-06|H4-L00102-07|H4-L00102-08,subjective_unvalidated_mapping_inference
106,INV-H4-000106,False,True,0.40,0,outputs/hospital_4/line_pricing_review.csv,H4-L00106-01|H4-L00106-02|H4-L00106-03|H4-L00106-04|H4-L00106-05|H4-L00106-06|H4-L00106-07,subjective_unvalidated_mapping_inference
117,INV-H4-000117,False,True,0.40,0,outputs/hospital_4/line_pricing_review.csv,H4-L00117-01|H4-L00117-02|H4-L00117-03|H4-L00117-04|H4-L00117-05|H4-L00117-06|H4-L00117-07,subjective_unvalidated_mapping_inference
121,INV-H4-000121,False,False,0.60,0,outputs/hospital_4/line_pricing_review.csv,H4-L00121-01|H4-L00121-02|H4-L00121-03|H4-L00121-04|H4-L00121-05|H4-L00121-06,subjective_unvalidated_complete_calculation
122,INV-H4-000122,False,False,0.60,0,outputs/hospital_4/line_pricing_review.csv,H4-L00122-01|H4-L00122-02|H4-L00122-03|H4-L00122-04|H4-L00122-05|H4-L00122-06|H4-L00122-07|H4-L00122-08,subjective_unvalidated_complete_calculation
126,INV-H4-000126,False,False,0.60,0,outputs/hospital_4/line_pricing_review.csv,H4-L00126-01|H4-L00126-02|H4-L00126-03|H4-L00126-04|H4-L00126-05|H4-L00126-06|H4-L00126-07|H4-L00126-08,subjective_unvalidated_complete_calculation
128,INV-H4-000128,False,False,0.60,0,outputs/hospital_4/line_pricing_review.csv,H4-L00128-01|H4-L00128-02|H4-L00128-03|H4-L00128-04|H4-L00128-05|H4-L00128-06|H4-L00128-07|H4-L00128-08|H4-L00128-09|H4-L00128-10|H4-L00128-11|H4-L00128-12|H4-L00128-13,subjective_unvalidated_complete_calculation
132,INV-H4-000132,False,False,0.60,0,outputs/hospital_4/line_pricing_review.csv,H4-L00132-01|H4-L00132-02|H4-L00132-03|H4-L00132-04|H4-L00132-05|H4-L00132-06|H4-L00132-07|H4-L00132-08|H4-L00132-09|H4-L00132-10|H4-L00132-11,subjective_unvalidated_complete_calculation
133,INV-H4-000133,False,False,0.60,0,outputs/hospital_4/line_pricing_review.csv,H4-L00133-01|H4-L00133-02|H4-L00133-03|H4-L00133-04|H4-L00133-05|H4-L00133-06,subjective_unvalidated_complete_calculation
137,INV-H4-000137,False,False,0.60,0,outputs/hospital_4/line_pricing_review.csv,H4-L00137-01|H4-L00137-02|H4-L00137-03|H4-L00137-04|H4-L00137-05|H4-L00137-06|H4-L00137-07|H4-L00137-08|H4-L00137-09,subjective_unvalidated_complete_calculation
140,INV-H4-000140,False,False,0.60,0,outputs/hospital_4/line_pricing_review.csv,H4-L00140-01|H4-L00140-02|H4-L00140-03|H4-L00140-04|H4-L00140-05|H4-L00140-06|H4-L00140-07,subjective_unvalidated_complete_calculation
145,INV-H4-000145,False,True,0.40,0,outputs/hospital_4/line_pricing_review.csv,H4-L00145-01|H4-L00145-02|H4-L00145-03|H4-L00145-04|H4-L00145-05|H4-L00145-06|H4-L00145-07|H4-L00145-08|H4-L00145-09|H4-L00145-10|H4-L00145-11|H4-L00145-12|H4-L00145-13|H4-L00145-14|H4-L00145-15|H4-L00145-16,subjective_unvalidated_mapping_inference
147,INV-H4-000147,False,False,0.60,0,outputs/hospital_4/line_pricing_review.csv,H4-L00147-01|H4-L00147-02|H4-L00147-03|H4-L00147-04|H4-L00147-05|H4-L00147-06|H4-L00147-07|H4-L00147-08|H4-L00147-09|H4-L00147-10|H4-L00147-11|H4-L00147-12|H4-L00147-13|H4-L00147-14|H4-L00147-15|H4-L00147-16|H4-L00147-17|H4-L00147-18,subjective_unvalidated_complete_calculation
148,INV-H4-000148,False,False,0.60,0,outputs/hospital_4/line_pricing_review.csv,H4-L00148-01|H4-L00148-02|H4-L00148-03|H4-L00148-04|H4-L00148-05|H4-L00148-06|H4-L00148-07,subjective_unvalidated_complete_calculation
152,INV-H4-000152,False,True,0.40,0,outputs/hospital_4/line_pricing_review.csv,H4-L00152-01|H4-L00152-02|H4-L00152-03|H4-L00152-04|H4-L00152-05|H4-L00152-06|H4-L00152-07|H4-L00152-08|H4-L00152-09|H4-L00152-10,subjective_unvalidated_mapping_inference
156,INV-H4-000156,False,False,0.60,0,outputs/hospital_4/line_pricing_review.csv,H4-L00156-01|H4-L00156-02|H4-L00156-03|H4-L00156-04|H4-L00156-05|H4-L00156-06|H4-L00156-07|H4-L00156-08,subjective_unvalidated_complete_calculation
160,INV-H4-000160,False,False,0.60,0,outputs/hospital_4/line_pricing_review.csv,H4-L00160-01|H4-L00160-02|H4-L00160-03|H4-L00160-04|H4-L00160-05,subjective_unvalidated_complete_calculation
163,INV-H4-000163,False,True,0.40,0,outputs/hospital_4/line_pricing_review.csv,H4-L00163-01|H4-L00163-02|H4-L00163-03|H4-L00163-04|H4-L00163-05|H4-L00163-06|H4-L00163-07|H4-L00163-08|H4-L00163-09|H4-L00163-10|H4-L00163-11|H4-L00163-12,subjective_unvalidated_mapping_inference
172,INV-H4-000172,False,False,0.60,0,outputs/hospital_4/line_pricing_review.csv,H4-L00172-01|H4-L00172-02|H4-L00172-03|H4-L00172-04|H4-L00172-05|H4-L00172-06|H4-L00172-07|H4-L00172-08|H4-L00172-09|H4-L00172-10|H4-L00172-11|H4-L00172-12|H4-L00172-13|H4-L00172-14,subjective_unvalidated_complete_calculation
174,INV-H4-000174,False,False,0.60,0,outputs/hospital_4/line_pricing_review.csv,H4-L00174-01|H4-L00174-02|H4-L00174-03|H4-L00174-04|H4-L00174-05|H4-L00174-06|H4-L00174-07,subjective_unvalidated_complete_calculation
175,INV-H4-000175,False,True,0.40,0,outputs/hospital_4/line_pricing_review.csv,H4-L00175-01|H4-L00175-02|H4-L00175-03|H4-L00175-04|H4-L00175-05|H4-L00175-06|H4-L00175-07|H4-L00175-08|H4-L00175-09|H4-L00175-10,subjective_unvalidated_mapping_inference
179,INV-H4-000179,False,False,0.60,0,outputs/hospital_4/line_pricing_review.csv,H4-L00179-01|H4-L00179-02|H4-L00179-03|H4-L00179-04|H4-L00179-05,subjective_unvalidated_complete_calculation
180,INV-H4-000180,False,False,0.60,0,outputs/hospital_4/line_pricing_review.csv,H4-L00180-01|H4-L00180-02|H4-L00180-03|H4-L00180-04|H4-L00180-05|H4-L00180-06|H4-L00180-07|H4-L00180-08|H4-L00180-09,subjective_unvalidated_complete_calculation
188,INV-H4-000188,False,True,0.40,0,outputs/hospital_4/line_pricing_review.csv,H4-L00188-01|H4-L00188-02|H4-L00188-03|H4-L00188-04|H4-L00188-05|H4-L00188-06|H4-L00188-07|H4-L00188-08,subjective_unvalidated_mapping_inference
194,INV-H4-000194,False,False,0.60,0,outputs/hospital_4/line_pricing_review.csv,H4-L00194-01|H4-L00194-02|H4-L00194-03|H4-L00194-04|H4-L00194-05|H4-L00194-06|H4-L00194-07|H4-L00194-08|H4-L00194-09|H4-L00194-10|H4-L00194-11|H4-L00194-12|H4-L00194-13|H4-L00194-14|H4-L00194-15|H4-L00194-16|H4-L00194-17|H4-L00194-18|H4-L00194-19,subjective_unvalidated_complete_calculation
199,INV-H4-000199,False,False,0.60,0,outputs/hospital_4/line_pricing_review.csv,H4-L00199-01|H4-L00199-02|H4-L00199-03|H4-L00199-04|H4-L00199-05|H4-L00199-06|H4-L00199-07|H4-L00199-08|H4-L00199-09|H4-L00199-10|H4-L00199-11|H4-L00199-12|H4-L00199-13|H4-L00199-14|H4-L00199-15|H4-L00199-16|H4-L00199-17|H4-L00199-18|H4-L00199-19,subjective_unvalidated_complete_calculation
201,INV-H4-000201,False,True,0.40,0,outputs/hospital_4/line_pricing_review.csv,H4-L00201-01|H4-L00201-02|H4-L00201-03|H4-L00201-04|H4-L00201-05|H4-L00201-06|H4-L00201-07,subjective_unvalidated_mapping_inference
202,INV-H4-000202,False,True,0.40,0,outputs/hospital_4/line_pricing_review.csv,H4-L00202-01|H4-L00202-02|H4-L00202-03|H4-L00202-04|H4-L00202-05|H4-L00202-06|H4-L00202-07|H4-L00202-08|H4-L00202-09|H4-L00202-10,subjective_unvalidated_mapping_inference
203,INV-H4-000203,False,False,0.60,0,outputs/hospital_4/line_pricing_review.csv,H4-L00203-01|H4-L00203-02|H4-L00203-03|H4-L00203-04|H4-L00203-05|H4-L00203-06|H4-L00203-07|H4-L00203-08|H4-L00203-09|H4-L00203-10|H4-L00203-11|H4-L00203-12|H4-L00203-13|H4-L00203-14|H4-L00203-15|H4-L00203-16,subjective_unvalidated_complete_calculation
205,INV-H4-000205,False,True,0.40,0,outputs/hospital_4/line_pricing_review.csv,H4-L00205-01|H4-L00205-02|H4-L00205-03|H4-L00205-04|H4-L00205-05|H4-L00205-06|H4-L00205-07|H4-L00205-08|H4-L00205-09|H4-L00205-10|H4-L00205-11|H4-L00205-12|H4-L00205-13,subjective_unvalidated_mapping_inference
209,INV-H4-000209,False,True,0.40,0,outputs/hospital_4/line_pricing_review.csv,H4-L00209-01|H4-L00209-02|H4-L00209-03|H4-L00209-04|H4-L00209-05|H4-L00209-06|H4-L00209-07|H4-L00209-08|H4-L00209-09|H4-L00209-10|H4-L00209-11|H4-L00209-12|H4-L00209-13|H4-L00209-14|H4-L00209-15|H4-L00209-16|H4-L00209-17,subjective_unvalidated_mapping_inference
214,INV-H4-000214,True,True,0.40,0,outputs/hospital_4/line_pricing_review.csv,H4-L00214-01|H4-L00214-02|H4-L00214-03|H4-L00214-04|H4-L00214-05|H4-L00214-06|H4-L00214-07|H4-L00214-08|H4-L00214-09|H4-L00214-10|H4-L00214-11|H4-L00214-12|H4-L00214-13|H4-L00214-14|H4-L00214-15|H4-L00214-16,subjective_unvalidated_mapping_inference
215,INV-H4-000215,False,False,0.60,0,outputs/hospital_4/line_pricing_review.csv,H4-L00215-01|H4-L00215-02|H4-L00215-03|H4-L00215-04|H4-L00215-05|H4-L00215-06,subjective_unvalidated_complete_calculation
219,INV-H4-000219,False,True,0.40,0,outputs/hospital_4/line_pricing_review.csv,H4-L00219-01|H4-L00219-02|H4-L00219-03|H4-L00219-04|H4-L00219-05|H4-L00219-06|H4-L00219-07|H4-L00219-08|H4-L00219-09|H4-L00219-10|H4-L00219-11|H4-L00219-12|H4-L00219-13|H4-L00219-14|H4-L00219-15|H4-L00219-16|H4-L00219-17|H4-L00219-18,subjective_unvalidated_mapping_inference
230,INV-H4-000230,False,True,0.40,0,outputs/hospital_4/line_pricing_review.csv,H4-L00230-01|H4-L00230-02|H4-L00230-03|H4-L00230-04|H4-L00230-05|H4-L00230-06|H4-L00230-07|H4-L00230-08|H4-L00230-09|H4-L00230-10|H4-L00230-11,subjective_unvalidated_mapping_inference
241,INV-H4-000241,True,True,0.40,0,outputs/hospital_4/line_pricing_review.csv,H4-L00241-01|H4-L00241-02|H4-L00241-03|H4-L00241-04|H4-L00241-05|H4-L00241-06|H4-L00241-07|H4-L00241-08|H4-L00241-09|H4-L00241-10|H4-L00241-11,subjective_unvalidated_mapping_inference
243,INV-H4-000243,False,False,0.60,0,outputs/hospital_4/line_pricing_review.csv,H4-L00243-01|H4-L00243-02|H4-L00243-03|H4-L00243-04|H4-L00243-05|H4-L00243-06|H4-L00243-07|H4-L00243-08,subjective_unvalidated_complete_calculation
245,INV-H4-000245,False,False,0.60,0,outputs/hospital_4/line_pricing_review.csv,H4-L00245-01|H4-L00245-02|H4-L00245-03|H4-L00245-04|H4-L00245-05|H4-L00245-06,subjective_unvalidated_complete_calculation
251,INV-H4-000251,False,False,0.60,0,outputs/hospital_4/line_pricing_review.csv,H4-L00251-01|H4-L00251-02|H4-L00251-03|H4-L00251-04|H4-L00251-05|H4-L00251-06|H4-L00251-07,subjective_unvalidated_complete_calculation
256,INV-H4-000256,False,True,0.40,0,outputs/hospital_4/line_pricing_review.csv,H4-L00256-01|H4-L00256-02|H4-L00256-03|H4-L00256-04|H4-L00256-05,subjective_unvalidated_mapping_inference
258,INV-H4-000258,False,True,0.40,0,outputs/hospital_4/line_pricing_review.csv,H4-L00258-01|H4-L00258-02|H4-L00258-03|H4-L00258-04|H4-L00258-05,subjective_unvalidated_mapping_inference
261,INV-H4-000261,False,False,0.60,0,outputs/hospital_4/line_pricing_review.csv,H4-L00261-01|H4-L00261-02|H4-L00261-03|H4-L00261-04|H4-L00261-05|H4-L00261-06|H4-L00261-07|H4-L00261-08|H4-L00261-09,subjective_unvalidated_complete_calculation
273,INV-H4-000273,True,True,0.40,0,outputs/hospital_4/line_pricing_review.csv,H4-L00273-01|H4-L00273-02|H4-L00273-03|H4-L00273-04|H4-L00273-05|H4-L00273-06|H4-L00273-07|H4-L00273-08|H4-L00273-09|H4-L00273-10|H4-L00273-11|H4-L00273-12|H4-L00273-13,subjective_unvalidated_mapping_inference
274,INV-H4-000274,False,False,0.60,0,outputs/hospital_4/line_pricing_review.csv,H4-L00274-01|H4-L00274-02|H4-L00274-03|H4-L00274-04|H4-L00274-05|H4-L00274-06|H4-L00274-07,subjective_unvalidated_complete_calculation
276,INV-H4-000276,False,True,0.40,0,outputs/hospital_4/line_pricing_review.csv,H4-L00276-01|H4-L00276-02|H4-L00276-03|H4-L00276-04|H4-L00276-05|H4-L00276-06|H4-L00276-07|H4-L00276-08|H4-L00276-09|H4-L00276-10|H4-L00276-11|H4-L00276-12|H4-L00276-13|H4-L00276-14|H4-L00276-15|H4-L00276-16|H4-L00276-17,subjective_unvalidated_mapping_inference
279,INV-H4-000279,False,True,0.40,0,outputs/hospital_4/line_pricing_review.csv,H4-L00279-01|H4-L00279-02|H4-L00279-03|H4-L00279-04|H4-L00279-05|H4-L00279-06|H4-L00279-07|H4-L00279-08|H4-L00279-09|H4-L00279-10|H4-L00279-11|H4-L00279-12,subjective_unvalidated_mapping_inference
281,INV-H4-000281,False,False,0.60,0,outputs/hospital_4/line_pricing_review.csv,H4-L00281-01|H4-L00281-02|H4-L00281-03|H4-L00281-04|H4-L00281-05|H4-L00281-06|H4-L00281-07,subjective_unvalidated_complete_calculation
282,INV-H4-000282,False,False,0.60,0,outputs/hospital_4/line_pricing_review.csv,H4-L00282-01|H4-L00282-02|H4-L00282-03|H4-L00282-04|H4-L00282-05|H4-L00282-06|H4-L00282-07,subjective_unvalidated_complete_calculation
284,INV-H4-000284,False,True,0.40,0,outputs/hospital_4/line_pricing_review.csv,H4-L00284-01|H4-L00284-02|H4-L00284-03|H4-L00284-04|H4-L00284-05|H4-L00284-06,subjective_unvalidated_mapping_inference
286,INV-H4-000286,False,False,0.60,0,outputs/hospital_4/line_pricing_review.csv,H4-L00286-01|H4-L00286-02|H4-L00286-03|H4-L00286-04|H4-L00286-05,subjective_unvalidated_complete_calculation
292,INV-H4-000292,False,True,0.40,0,outputs/hospital_4/line_pricing_review.csv,H4-L00292-01|H4-L00292-02|H4-L00292-03|H4-L00292-04|H4-L00292-05|H4-L00292-06|H4-L00292-07|H4-L00292-08|H4-L00292-09|H4-L00292-10,subjective_unvalidated_mapping_inference
294,INV-H4-000294,True,True,0.40,0,outputs/hospital_4/line_pricing_review.csv,H4-L00294-01|H4-L00294-02|H4-L00294-03|H4-L00294-04|H4-L00294-05,subjective_unvalidated_mapping_inference
296,INV-H4-000296,False,False,0.60,0,outputs/hospital_4/line_pricing_review.csv,H4-L00296-01|H4-L00296-02|H4-L00296-03|H4-L00296-04|H4-L00296-05|H4-L00296-06,subjective_unvalidated_complete_calculation
310,INV-H4-000310,False,False,0.60,0,outputs/hospital_4/line_pricing_review.csv,H4-L00310-01|H4-L00310-02|H4-L00310-03|H4-L00310-04|H4-L00310-05|H4-L00310-06|H4-L00310-07|H4-L00310-08,subjective_unvalidated_complete_calculation
312,INV-H4-000312,False,True,0.40,0,outputs/hospital_4/line_pricing_review.csv,H4-L00312-01|H4-L00312-02|H4-L00312-03|H4-L00312-04|H4-L00312-05|H4-L00312-06|H4-L00312-07,subjective_unvalidated_mapping_inference
313,INV-H4-000313,False,False,0.60,0,outputs/hospital_4/line_pricing_review.csv,H4-L00313-01|H4-L00313-02|H4-L00313-03|H4-L00313-04|H4-L00313-05|H4-L00313-06|H4-L00313-07|H4-L00313-08,subjective_unvalidated_complete_calculation
314,INV-H4-000314,False,True,0.40,0,outputs/hospital_4/line_pricing_review.csv,H4-L00314-01|H4-L00314-02|H4-L00314-03|H4-L00314-04|H4-L00314-05|H4-L00314-06|H4-L00314-07|H4-L00314-08,subjective_unvalidated_mapping_inference
315,INV-H4-000315,False,False,0.60,0,outputs/hospital_4/line_pricing_review.csv,H4-L00315-01|H4-L00315-02|H4-L00315-03|H4-L00315-04|H4-L00315-05|H4-L00315-06|H4-L00315-07|H4-L00315-08,subjective_unvalidated_complete_calculation
317,INV-H4-000317,False,False,0.60,0,outputs/hospital_4/line_pricing_review.csv,H4-L00317-01|H4-L00317-02|H4-L00317-03|H4-L00317-04|H4-L00317-05|H4-L00317-06|H4-L00317-07|H4-L00317-08|H4-L00317-09|H4-L00317-10|H4-L00317-11|H4-L00317-12|H4-L00317-13|H4-L00317-14|H4-L00317-15|H4-L00317-16|H4-L00317-17|H4-L00317-18|H4-L00317-19|H4-L00317-20,subjective_unvalidated_complete_calculation
318,INV-H4-000318,True,True,0.40,0,outputs/hospital_4/line_pricing_review.csv,H4-L00318-01|H4-L00318-02|H4-L00318-03|H4-L00318-04|H4-L00318-05|H4-L00318-06|H4-L00318-07|H4-L00318-08|H4-L00318-09|H4-L00318-10|H4-L00318-11|H4-L00318-12|H4-L00318-13|H4-L00318-14|H4-L00318-15|H4-L00318-16,subjective_unvalidated_mapping_inference
320,INV-H4-000320,False,True,0.40,0,outputs/hospital_4/line_pricing_review.csv,H4-L00320-01|H4-L00320-02|H4-L00320-03|H4-L00320-04|H4-L00320-05|H4-L00320-06|H4-L00320-07|H4-L00320-08,subjective_unvalidated_mapping_inference
328,INV-H4-000328,False,False,0.60,0,outputs/hospital_4/line_pricing_review.csv,H4-L00328-01|H4-L00328-02|H4-L00328-03|H4-L00328-04|H4-L00328-05|H4-L00328-06|H4-L00328-07,subjective_unvalidated_complete_calculation
330,INV-H4-000330,False,False,0.60,0,outputs/hospital_4/line_pricing_review.csv,H4-L00330-01|H4-L00330-02|H4-L00330-03|H4-L00330-04|H4-L00330-05|H4-L00330-06|H4-L00330-07|H4-L00330-08|H4-L00330-09,subjective_unvalidated_complete_calculation
334,INV-H4-000334,False,True,0.40,0,outputs/hospital_4/line_pricing_review.csv,H4-L00334-01|H4-L00334-02|H4-L00334-03|H4-L00334-04|H4-L00334-05|H4-L00334-06,subjective_unvalidated_mapping_inference
337,INV-H4-000337,False,False,0.60,0,outputs/hospital_4/line_pricing_review.csv,H4-L00337-01|H4-L00337-02|H4-L00337-03|H4-L00337-04|H4-L00337-05|H4-L00337-06|H4-L00337-07|H4-L00337-08|H4-L00337-09,subjective_unvalidated_complete_calculation
339,INV-H4-000339,False,False,0.60,0,outputs/hospital_4/line_pricing_review.csv,H4-L00339-01|H4-L00339-02|H4-L00339-03|H4-L00339-04|H4-L00339-05|H4-L00339-06|H4-L00339-07|H4-L00339-08|H4-L00339-09|H4-L00339-10|H4-L00339-11|H4-L00339-12|H4-L00339-13,subjective_unvalidated_complete_calculation
340,INV-H4-000340,False,False,0.60,0,outputs/hospital_4/line_pricing_review.csv,H4-L00340-01|H4-L00340-02|H4-L00340-03|H4-L00340-04|H4-L00340-05,subjective_unvalidated_complete_calculation
341,INV-H4-000341,False,True,0.40,0,outputs/hospital_4/line_pricing_review.csv,H4-L00341-01|H4-L00341-02|H4-L00341-03|H4-L00341-04|H4-L00341-05|H4-L00341-06|H4-L00341-07|H4-L00341-08|H4-L00341-09|H4-L00341-10|H4-L00341-11|H4-L00341-12|H4-L00341-13|H4-L00341-14|H4-L00341-15|H4-L00341-16|H4-L00341-17,subjective_unvalidated_mapping_inference
343,INV-H4-000343,False,True,0.40,0,outputs/hospital_4/line_pricing_review.csv,H4-L00343-01|H4-L00343-02|H4-L00343-03|H4-L00343-04|H4-L00343-05|H4-L00343-06|H4-L00343-07|H4-L00343-08,subjective_unvalidated_mapping_inference
350,INV-H4-000350,False,True,0.40,0,outputs/hospital_4/line_pricing_review.csv,H4-L00350-01|H4-L00350-02|H4-L00350-03|H4-L00350-04|H4-L00350-05|H4-L00350-06|H4-L00350-07|H4-L00350-08|H4-L00350-09|H4-L00350-10|H4-L00350-11|H4-L00350-12|H4-L00350-13|H4-L00350-14|H4-L00350-15|H4-L00350-16|H4-L00350-17|H4-L00350-18,subjective_unvalidated_mapping_inference
359,INV-H4-000359,False,True,0.40,0,outputs/hospital_4/line_pricing_review.csv,H4-L00359-01|H4-L00359-02|H4-L00359-03|H4-L00359-04|H4-L00359-05|H4-L00359-06|H4-L00359-07,subjective_unvalidated_mapping_inference
365,INV-H4-000365,False,False,0.60,0,outputs/hospital_4/line_pricing_review.csv,H4-L00365-01|H4-L00365-02|H4-L00365-03|H4-L00365-04|H4-L00365-05|H4-L00365-06|H4-L00365-07|H4-L00365-08|H4-L00365-09|H4-L00365-10|H4-L00365-11|H4-L00365-12,subjective_unvalidated_complete_calculation
370,INV-H4-000370,False,False,0.60,0,outputs/hospital_4/line_pricing_review.csv,H4-L00370-01|H4-L00370-02|H4-L00370-03|H4-L00370-04|H4-L00370-05|H4-L00370-06|H4-L00370-07|H4-L00370-08|H4-L00370-09|H4-L00370-10|H4-L00370-11|H4-L00370-12|H4-L00370-13|H4-L00370-14|H4-L00370-15,subjective_unvalidated_complete_calculation
372,INV-H4-000372,False,False,0.60,0,outputs/hospital_4/line_pricing_review.csv,H4-L00372-01|H4-L00372-02|H4-L00372-03|H4-L00372-04|H4-L00372-05,subjective_unvalidated_complete_calculation
373,INV-H4-000373,False,False,0.60,0,outputs/hospital_4/line_pricing_review.csv,H4-L00373-01|H4-L00373-02|H4-L00373-03|H4-L00373-04|H4-L00373-05|H4-L00373-06|H4-L00373-07|H4-L00373-08|H4-L00373-09|H4-L00373-10|H4-L00373-11|H4-L00373-12|H4-L00373-13|H4-L00373-14|H4-L00373-15|H4-L00373-16|H4-L00373-17,subjective_unvalidated_complete_calculation
375,INV-H4-000375,False,False,0.60,0,outputs/hospital_4/line_pricing_review.csv,H4-L00375-01|H4-L00375-02|H4-L00375-03|H4-L00375-04|H4-L00375-05|H4-L00375-06|H4-L00375-07,subjective_unvalidated_complete_calculation
376,INV-H4-000376,False,False,0.60,0,outputs/hospital_4/line_pricing_review.csv,H4-L00376-01|H4-L00376-02|H4-L00376-03|H4-L00376-04|H4-L00376-05|H4-L00376-06,subjective_unvalidated_complete_calculation
379,INV-H4-000379,False,True,0.40,0,outputs/hospital_4/line_pricing_review.csv,H4-L00379-01|H4-L00379-02|H4-L00379-03|H4-L00379-04|H4-L00379-05|H4-L00379-06|H4-L00379-07|H4-L00379-08,subjective_unvalidated_mapping_inference
382,INV-H4-000382,False,False,0.60,0,outputs/hospital_4/line_pricing_review.csv,H4-L00382-01|H4-L00382-02|H4-L00382-03|H4-L00382-04|H4-L00382-05,subjective_unvalidated_complete_calculation
391,INV-H4-000391,True,True,0.40,0,outputs/hospital_4/line_pricing_review.csv,H4-L00391-01|H4-L00391-02|H4-L00391-03|H4-L00391-04|H4-L00391-05|H4-L00391-06|H4-L00391-07|H4-L00391-08|H4-L00391-09|H4-L00391-10,subjective_unvalidated_mapping_inference
392,INV-H4-000392,False,False,0.60,0,outputs/hospital_4/line_pricing_review.csv,H4-L00392-01|H4-L00392-02|H4-L00392-03|H4-L00392-04|H4-L00392-05|H4-L00392-06,subjective_unvalidated_complete_calculation
403,INV-H4-000403,False,True,0.40,0,outputs/hospital_4/line_pricing_review.csv,H4-L00403-01|H4-L00403-02|H4-L00403-03|H4-L00403-04|H4-L00403-05,subjective_unvalidated_mapping_inference
404,INV-H4-000404,False,False,0.60,0,outputs/hospital_4/line_pricing_review.csv,H4-L00404-01|H4-L00404-02|H4-L00404-03|H4-L00404-04|H4-L00404-05|H4-L00404-06|H4-L00404-07,subjective_unvalidated_complete_calculation
408,INV-H4-000408,False,False,0.60,0,outputs/hospital_4/line_pricing_review.csv,H4-L00408-01|H4-L00408-02|H4-L00408-03|H4-L00408-04|H4-L00408-05|H4-L00408-06,subjective_unvalidated_complete_calculation
412,INV-H4-000412,False,True,0.40,0,outputs/hospital_4/line_pricing_review.csv,H4-L00412-01|H4-L00412-02|H4-L00412-03|H4-L00412-04|H4-L00412-05|H4-L00412-06|H4-L00412-07|H4-L00412-08|H4-L00412-09|H4-L00412-10|H4-L00412-11|H4-L00412-12|H4-L00412-13|H4-L00412-14|H4-L00412-15|H4-L00412-16|H4-L00412-17|H4-L00412-18|H4-L00412-19,subjective_unvalidated_mapping_inference
423,INV-H4-000423,False,False,0.60,0,outputs/hospital_4/line_pricing_review.csv,H4-L00423-01|H4-L00423-02|H4-L00423-03|H4-L00423-04|H4-L00423-05,subjective_unvalidated_complete_calculation
428,INV-H4-000428,False,False,0.60,0,outputs/hospital_4/line_pricing_review.csv,H4-L00428-01|H4-L00428-02|H4-L00428-03|H4-L00428-04|H4-L00428-05|H4-L00428-06|H4-L00428-07|H4-L00428-08,subjective_unvalidated_complete_calculation
430,INV-H4-000430,False,False,0.60,0,outputs/hospital_4/line_pricing_review.csv,H4-L00430-01|H4-L00430-02|H4-L00430-03|H4-L00430-04|H4-L00430-05|H4-L00430-06|H4-L00430-07|H4-L00430-08|H4-L00430-09,subjective_unvalidated_complete_calculation
436,INV-H4-000436,False,True,0.40,0,outputs/hospital_4/line_pricing_review.csv,H4-L00436-01|H4-L00436-02|H4-L00436-03|H4-L00436-04|H4-L00436-05|H4-L00436-06|H4-L00436-07|H4-L00436-08|H4-L00436-09|H4-L00436-10|H4-L00436-11,subjective_unvalidated_mapping_inference
440,INV-H4-000440,False,False,0.60,0,outputs/hospital_4/line_pricing_review.csv,H4-L00440-01|H4-L00440-02|H4-L00440-03|H4-L00440-04|H4-L00440-05|H4-L00440-06|H4-L00440-07|H4-L00440-08|H4-L00440-09,subjective_unvalidated_complete_calculation
447,INV-H4-000447,False,True,0.40,0,outputs/hospital_4/line_pricing_review.csv,H4-L00447-01|H4-L00447-02|H4-L00447-03|H4-L00447-04|H4-L00447-05|H4-L00447-06|H4-L00447-07|H4-L00447-08|H4-L00447-09|H4-L00447-10|H4-L00447-11,subjective_unvalidated_mapping_inference
448,INV-H4-000448,True,True,0.40,0,outputs/hospital_4/line_pricing_review.csv,H4-L00448-01|H4-L00448-02|H4-L00448-03|H4-L00448-04|H4-L00448-05|H4-L00448-06|H4-L00448-07|H4-L00448-08|H4-L00448-09|H4-L00448-10|H4-L00448-11|H4-L00448-12|H4-L00448-13|H4-L00448-14|H4-L00448-15|H4-L00448-16,subjective_unvalidated_mapping_inference
455,INV-H4-000455,False,False,0.60,0,outputs/hospital_4/line_pricing_review.csv,H4-L00455-01|H4-L00455-02|H4-L00455-03|H4-L00455-04|H4-L00455-05|H4-L00455-06|H4-L00455-07|H4-L00455-08|H4-L00455-09|H4-L00455-10|H4-L00455-11|H4-L00455-12|H4-L00455-13|H4-L00455-14|H4-L00455-15|H4-L00455-16|H4-L00455-17|H4-L00455-18|H4-L00455-19,subjective_unvalidated_complete_calculation
460,INV-H4-000460,False,False,0.60,0,outputs/hospital_4/line_pricing_review.csv,H4-L00460-01|H4-L00460-02|H4-L00460-03|H4-L00460-04|H4-L00460-05|H4-L00460-06|H4-L00460-07|H4-L00460-08,subjective_unvalidated_complete_calculation
464,INV-H4-000464,False,False,0.60,0,outputs/hospital_4/line_pricing_review.csv,H4-L00464-01|H4-L00464-02|H4-L00464-03|H4-L00464-04|H4-L00464-05,subjective_unvalidated_complete_calculation
466,INV-H4-000466,False,True,0.40,0,outputs/hospital_4/line_pricing_review.csv,H4-L00466-01|H4-L00466-02|H4-L00466-03|H4-L00466-04|H4-L00466-05|H4-L00466-06|H4-L00466-07|H4-L00466-08,subjective_unvalidated_mapping_inference
467,INV-H4-000467,False,True,0.40,0,outputs/hospital_4/line_pricing_review.csv,H4-L00467-01|H4-L00467-02|H4-L00467-03|H4-L00467-04|H4-L00467-05|H4-L00467-06,subjective_unvalidated_mapping_inference
468,INV-H4-000468,False,False,0.60,0,outputs/hospital_4/line_pricing_review.csv,H4-L00468-01|H4-L00468-02|H4-L00468-03|H4-L00468-04|H4-L00468-05|H4-L00468-06|H4-L00468-07|H4-L00468-08|H4-L00468-09|H4-L00468-10|H4-L00468-11,subjective_unvalidated_complete_calculation
486,INV-H4-000486,False,True,0.40,0,outputs/hospital_4/line_pricing_review.csv,H4-L00486-01|H4-L00486-02|H4-L00486-03|H4-L00486-04|H4-L00486-05,subjective_unvalidated_mapping_inference
487,INV-H4-000487,True,True,0.40,0,outputs/hospital_4/line_pricing_review.csv,H4-L00487-01|H4-L00487-02|H4-L00487-03|H4-L00487-04|H4-L00487-05|H4-L00487-06|H4-L00487-07|H4-L00487-08|H4-L00487-09|H4-L00487-10|H4-L00487-11|H4-L00487-12|H4-L00487-13,subjective_unvalidated_mapping_inference
489,INV-H4-000489,True,True,0.40,0,outputs/hospital_4/line_pricing_review.csv,H4-L00489-01|H4-L00489-02|H4-L00489-03|H4-L00489-04|H4-L00489-05|H4-L00489-06|H4-L00489-07|H4-L00489-08|H4-L00489-09|H4-L00489-10|H4-L00489-11,subjective_unvalidated_mapping_inference
491,INV-H4-000491,False,False,0.60,0,outputs/hospital_4/line_pricing_review.csv,H4-L00491-01|H4-L00491-02|H4-L00491-03|H4-L00491-04|H4-L00491-05|H4-L00491-06|H4-L00491-07|H4-L00491-08|H4-L00491-09|H4-L00491-10|H4-L00491-11|H4-L00491-12,subjective_unvalidated_complete_calculation
496,INV-H4-000496,True,True,0.40,0,outputs/hospital_4/line_pricing_review.csv,H4-L00496-01|H4-L00496-02|H4-L00496-03|H4-L00496-04|H4-L00496-05|H4-L00496-06|H4-L00496-07|H4-L00496-08|H4-L00496-09|H4-L00496-10|H4-L00496-11|H4-L00496-12|H4-L00496-13|H4-L00496-14|H4-L00496-15|H4-L00496-16|H4-L00496-17|H4-L00496-18,subjective_unvalidated_mapping_inference
499,INV-H4-000499,True,True,0.40,0,outputs/hospital_4/line_pricing_review.csv,H4-L00499-01|H4-L00499-02|H4-L00499-03|H4-L00499-04|H4-L00499-05|H4-L00499-06|H4-L00499-07|H4-L00499-08|H4-L00499-09|H4-L00499-10|H4-L00499-11|H4-L00499-12,subjective_unvalidated_mapping_inference
500,INV-H4-000500,False,True,0.40,0,outputs/hospital_4/line_pricing_review.csv,H4-L00500-01|H4-L00500-02|H4-L00500-03|H4-L00500-04|H4-L00500-05,subjective_unvalidated_mapping_inference
503,INV-H4-000503,False,False,0.60,0,outputs/hospital_4/line_pricing_review.csv,H4-L00503-01|H4-L00503-02|H4-L00503-03|H4-L00503-04|H4-L00503-05,subjective_unvalidated_complete_calculation
505,INV-H4-000505,True,True,0.40,0,outputs/hospital_4/line_pricing_review.csv,H4-L00505-01|H4-L00505-02|H4-L00505-03|H4-L00505-04|H4-L00505-05|H4-L00505-06|H4-L00505-07,subjective_unvalidated_mapping_inference
511,INV-H4-000511,False,True,0.40,0,outputs/hospital_4/line_pricing_review.csv,H4-L00511-01|H4-L00511-02|H4-L00511-03|H4-L00511-04|H4-L00511-05|H4-L00511-06|H4-L00511-07|H4-L00511-08|H4-L00511-09|H4-L00511-10|H4-L00511-11|H4-L00511-12|H4-L00511-13|H4-L00511-14|H4-L00511-15|H4-L00511-16,subjective_unvalidated_mapping_inference
518,INV-H4-000518,False,False,0.60,0,outputs/hospital_4/line_pricing_review.csv,H4-L00518-01|H4-L00518-02|H4-L00518-03|H4-L00518-04|H4-L00518-05|H4-L00518-06|H4-L00518-07|H4-L00518-08|H4-L00518-09|H4-L00518-10|H4-L00518-11|H4-L00518-12|H4-L00518-13|H4-L00518-14|H4-L00518-15,subjective_unvalidated_complete_calculation
521,INV-H4-000521,False,True,0.40,0,outputs/hospital_4/line_pricing_review.csv,H4-L00521-01|H4-L00521-02|H4-L00521-03|H4-L00521-04|H4-L00521-05|H4-L00521-06|H4-L00521-07|H4-L00521-08|H4-L00521-09|H4-L00521-10|H4-L00521-11|H4-L00521-12|H4-L00521-13|H4-L00521-14|H4-L00521-15|H4-L00521-16|H4-L00521-17,subjective_unvalidated_mapping_inference
525,INV-H4-000525,False,False,0.60,0,outputs/hospital_4/line_pricing_review.csv,H4-L00525-01|H4-L00525-02|H4-L00525-03|H4-L00525-04|H4-L00525-05|H4-L00525-06|H4-L00525-07|H4-L00525-08|H4-L00525-09,subjective_unvalidated_complete_calculation
535,INV-H4-000535,False,True,0.40,0,outputs/hospital_4/line_pricing_review.csv,H4-L00535-01|H4-L00535-02|H4-L00535-03|H4-L00535-04|H4-L00535-05|H4-L00535-06|H4-L00535-07|H4-L00535-08|H4-L00535-09,subjective_unvalidated_mapping_inference
537,INV-H4-000537,True,True,0.40,0,outputs/hospital_4/line_pricing_review.csv,H4-L00537-01|H4-L00537-02|H4-L00537-03|H4-L00537-04|H4-L00537-05|H4-L00537-06|H4-L00537-07|H4-L00537-08|H4-L00537-09|H4-L00537-10|H4-L00537-11|H4-L00537-12|H4-L00537-13|H4-L00537-14|H4-L00537-15|H4-L00537-16,subjective_unvalidated_mapping_inference
543,INV-H4-000543,False,True,0.40,0,outputs/hospital_4/line_pricing_review.csv,H4-L00543-01|H4-L00543-02|H4-L00543-03|H4-L00543-04|H4-L00543-05|H4-L00543-06|H4-L00543-07|H4-L00543-08|H4-L00543-09|H4-L00543-10|H4-L00543-11|H4-L00543-12|H4-L00543-13|H4-L00543-14|H4-L00543-15|H4-L00543-16,subjective_unvalidated_mapping_inference
556,INV-H4-000556,False,True,0.40,0,outputs/hospital_4/line_pricing_review.csv,H4-L00556-01|H4-L00556-02|H4-L00556-03|H4-L00556-04|H4-L00556-05|H4-L00556-06|H4-L00556-07|H4-L00556-08,subjective_unvalidated_mapping_inference
557,INV-H4-000557,False,False,0.60,0,outputs/hospital_4/line_pricing_review.csv,H4-L00557-01|H4-L00557-02|H4-L00557-03|H4-L00557-04|H4-L00557-05|H4-L00557-06,subjective_unvalidated_complete_calculation
558,INV-H4-000558,True,True,0.40,0,outputs/hospital_4/line_pricing_review.csv,H4-L00558-01|H4-L00558-02|H4-L00558-03|H4-L00558-04|H4-L00558-05|H4-L00558-06|H4-L00558-07,subjective_unvalidated_mapping_inference
574,INV-H4-000574,False,False,0.60,0,outputs/hospital_4/line_pricing_review.csv,H4-L00574-01|H4-L00574-02|H4-L00574-03|H4-L00574-04|H4-L00574-05|H4-L00574-06|H4-L00574-07|H4-L00574-08|H4-L00574-09|H4-L00574-10|H4-L00574-11|H4-L00574-12|H4-L00574-13|H4-L00574-14|H4-L00574-15|H4-L00574-16|H4-L00574-17|H4-L00574-18|H4-L00574-19,subjective_unvalidated_complete_calculation
578,INV-H4-000578,False,False,0.60,0,outputs/hospital_4/line_pricing_review.csv,H4-L00578-01|H4-L00578-02|H4-L00578-03|H4-L00578-04|H4-L00578-05|H4-L00578-06|H4-L00578-07|H4-L00578-08|H4-L00578-09|H4-L00578-10|H4-L00578-11,subjective_unvalidated_complete_calculation
580,INV-H4-000580,False,True,0.40,0,outputs/hospital_4/line_pricing_review.csv,H4-L00580-01|H4-L00580-02|H4-L00580-03|H4-L00580-04|H4-L00580-05|H4-L00580-06,subjective_unvalidated_mapping_inference
581,INV-H4-000581,False,True,0.40,34770,outputs/hospital_4/line_pricing_review.csv,H4-L00581-01|H4-L00581-02|H4-L00581-03|H4-L00581-04|H4-L00581-05|H4-L00581-06|H4-L00581-07|H4-L00581-08|H4-L00581-09|H4-L00581-10|H4-L00581-11|H4-L00581-12|H4-L00581-13|H4-L00581-14,subjective_unvalidated_mapping_inference
583,INV-H4-000583,False,False,0.60,127800,outputs/hospital_4/line_pricing_review.csv,H4-L00583-01|H4-L00583-02|H4-L00583-03|H4-L00583-04|H4-L00583-05|H4-L00583-06,subjective_unvalidated_complete_calculation
591,INV-H4-000591,True,True,0.40,0,outputs/hospital_4/line_pricing_review.csv,H4-L00591-01|H4-L00591-02|H4-L00591-03|H4-L00591-04|H4-L00591-05,subjective_unvalidated_mapping_inference
594,INV-H4-000594,False,False,0.60,0,outputs/hospital_4/line_pricing_review.csv,H4-L00594-01|H4-L00594-02|H4-L00594-03|H4-L00594-04|H4-L00594-05,subjective_unvalidated_complete_calculation
597,INV-H4-000597,False,False,0.60,0,outputs/hospital_4/line_pricing_review.csv,H4-L00597-01|H4-L00597-02|H4-L00597-03|H4-L00597-04|H4-L00597-05|H4-L00597-06|H4-L00597-07,subjective_unvalidated_complete_calculation
599,INV-H4-000599,False,True,0.40,0,outputs/hospital_4/line_pricing_review.csv,H4-L00599-01|H4-L00599-02|H4-L00599-03|H4-L00599-04|H4-L00599-05|H4-L00599-06|H4-L00599-07|H4-L00599-08|H4-L00599-09|H4-L00599-10,subjective_unvalidated_mapping_inference
604,INV-H4-000604,False,False,0.60,0,outputs/hospital_4/line_pricing_review.csv,H4-L00604-01|H4-L00604-02|H4-L00604-03|H4-L00604-04|H4-L00604-05|H4-L00604-06|H4-L00604-07,subjective_unvalidated_complete_calculation
605,INV-H4-000605,False,True,0.40,0,outputs/hospital_4/line_pricing_review.csv,H4-L00605-01|H4-L00605-02|H4-L00605-03|H4-L00605-04|H4-L00605-05|H4-L00605-06|H4-L00605-07|H4-L00605-08|H4-L00605-09|H4-L00605-10|H4-L00605-11|H4-L00605-12|H4-L00605-13,subjective_unvalidated_mapping_inference
610,INV-H4-000610,False,True,0.40,28150,outputs/hospital_4/line_pricing_review.csv,H4-L00610-01|H4-L00610-02|H4-L00610-03|H4-L00610-04|H4-L00610-05|H4-L00610-06|H4-L00610-07|H4-L00610-08|H4-L00610-09|H4-L00610-10|H4-L00610-11|H4-L00610-12|H4-L00610-13|H4-L00610-14|H4-L00610-15|H4-L00610-16,subjective_unvalidated_mapping_inference
611,INV-H4-000611,False,False,0.60,0,outputs/hospital_4/line_pricing_review.csv,H4-L00611-01|H4-L00611-02|H4-L00611-03|H4-L00611-04|H4-L00611-05|H4-L00611-06|H4-L00611-07|H4-L00611-08|H4-L00611-09|H4-L00611-10|H4-L00611-11|H4-L00611-12|H4-L00611-13|H4-L00611-14|H4-L00611-15,subjective_unvalidated_complete_calculation
614,INV-H4-000614,False,False,0.60,0,outputs/hospital_4/line_pricing_review.csv,H4-L00614-01|H4-L00614-02|H4-L00614-03|H4-L00614-04|H4-L00614-05|H4-L00614-06|H4-L00614-07|H4-L00614-08|H4-L00614-09|H4-L00614-10|H4-L00614-11|H4-L00614-12|H4-L00614-13|H4-L00614-14|H4-L00614-15|H4-L00614-16|H4-L00614-17|H4-L00614-18|H4-L00614-19,subjective_unvalidated_complete_calculation
617,INV-H4-000617,False,False,0.60,0,outputs/hospital_4/line_pricing_review.csv,H4-L00617-01|H4-L00617-02|H4-L00617-03|H4-L00617-04|H4-L00617-05|H4-L00617-06|H4-L00617-07|H4-L00617-08|H4-L00617-09,subjective_unvalidated_complete_calculation
619,INV-H4-000619,False,True,0.40,0,outputs/hospital_4/line_pricing_review.csv,H4-L00619-01|H4-L00619-02|H4-L00619-03|H4-L00619-04|H4-L00619-05|H4-L00619-06|H4-L00619-07|H4-L00619-08|H4-L00619-09|H4-L00619-10|H4-L00619-11|H4-L00619-12,subjective_unvalidated_mapping_inference
620,INV-H4-000620,False,True,0.40,0,outputs/hospital_4/line_pricing_review.csv,H4-L00620-01|H4-L00620-02|H4-L00620-03|H4-L00620-04|H4-L00620-05|H4-L00620-06|H4-L00620-07|H4-L00620-08,subjective_unvalidated_mapping_inference
623,INV-H4-000623,False,False,0.60,0,outputs/hospital_4/line_pricing_review.csv,H4-L00623-01|H4-L00623-02|H4-L00623-03|H4-L00623-04|H4-L00623-05,subjective_unvalidated_complete_calculation
627,INV-H4-000627,True,True,0.40,0,outputs/hospital_4/line_pricing_review.csv,H4-L00627-01|H4-L00627-02|H4-L00627-03|H4-L00627-04|H4-L00627-05|H4-L00627-06|H4-L00627-07|H4-L00627-08,subjective_unvalidated_mapping_inference
629,INV-H4-000629,False,True,0.40,0,outputs/hospital_4/line_pricing_review.csv,H4-L00629-01|H4-L00629-02|H4-L00629-03|H4-L00629-04|H4-L00629-05|H4-L00629-06|H4-L00629-07|H4-L00629-08|H4-L00629-09|H4-L00629-10|H4-L00629-11|H4-L00629-12|H4-L00629-13|H4-L00629-14,subjective_unvalidated_mapping_inference
632,INV-H4-000632,True,True,0.40,0,outputs/hospital_4/line_pricing_review.csv,H4-L00632-01|H4-L00632-02|H4-L00632-03|H4-L00632-04|H4-L00632-05|H4-L00632-06|H4-L00632-07|H4-L00632-08|H4-L00632-09|H4-L00632-10|H4-L00632-11|H4-L00632-12|H4-L00632-13|H4-L00632-14,subjective_unvalidated_mapping_inference
633,INV-H4-000633,False,False,0.60,0,outputs/hospital_4/line_pricing_review.csv,H4-L00633-01|H4-L00633-02|H4-L00633-03|H4-L00633-04|H4-L00633-05|H4-L00633-06|H4-L00633-07,subjective_unvalidated_complete_calculation
634,INV-H4-000634,False,False,0.60,0,outputs/hospital_4/line_pricing_review.csv,H4-L00634-01|H4-L00634-02|H4-L00634-03|H4-L00634-04|H4-L00634-05|H4-L00634-06|H4-L00634-07|H4-L00634-08|H4-L00634-09|H4-L00634-10|H4-L00634-11,subjective_unvalidated_complete_calculation
639,INV-H4-000639,False,False,0.60,0,outputs/hospital_4/line_pricing_review.csv,H4-L00639-01|H4-L00639-02|H4-L00639-03|H4-L00639-04|H4-L00639-05|H4-L00639-06,subjective_unvalidated_complete_calculation
640,INV-H4-000640,True,True,0.40,0,outputs/hospital_4/line_pricing_review.csv,H4-L00640-01|H4-L00640-02|H4-L00640-03|H4-L00640-04|H4-L00640-05|H4-L00640-06|H4-L00640-07|H4-L00640-08|H4-L00640-09|H4-L00640-10|H4-L00640-11|H4-L00640-12|H4-L00640-13|H4-L00640-14|H4-L00640-15|H4-L00640-16|H4-L00640-17|H4-L00640-18,subjective_unvalidated_mapping_inference
642,INV-H4-000642,False,False,0.60,0,outputs/hospital_4/line_pricing_review.csv,H4-L00642-01|H4-L00642-02|H4-L00642-03|H4-L00642-04|H4-L00642-05,subjective_unvalidated_complete_calculation
650,INV-H4-000650,False,False,0.60,0,outputs/hospital_4/line_pricing_review.csv,H4-L00650-01|H4-L00650-02|H4-L00650-03|H4-L00650-04|H4-L00650-05|H4-L00650-06|H4-L00650-07|H4-L00650-08|H4-L00650-09|H4-L00650-10|H4-L00650-11|H4-L00650-12|H4-L00650-13|H4-L00650-14|H4-L00650-15|H4-L00650-16,subjective_unvalidated_complete_calculation
656,INV-H4-000656,False,False,0.60,0,outputs/hospital_4/line_pricing_review.csv,H4-L00656-01|H4-L00656-02|H4-L00656-03|H4-L00656-04|H4-L00656-05|H4-L00656-06|H4-L00656-07,subjective_unvalidated_complete_calculation
660,INV-H4-000660,False,True,0.40,0,outputs/hospital_4/line_pricing_review.csv,H4-L00660-01|H4-L00660-02|H4-L00660-03|H4-L00660-04|H4-L00660-05|H4-L00660-06|H4-L00660-07|H4-L00660-08|H4-L00660-09|H4-L00660-10|H4-L00660-11|H4-L00660-12|H4-L00660-13|H4-L00660-14|H4-L00660-15,subjective_unvalidated_mapping_inference
661,INV-H4-000661,False,False,0.60,0,outputs/hospital_4/line_pricing_review.csv,H4-L00661-01|H4-L00661-02|H4-L00661-03|H4-L00661-04|H4-L00661-05|H4-L00661-06|H4-L00661-07|H4-L00661-08|H4-L00661-09|H4-L00661-10|H4-L00661-11|H4-L00661-12|H4-L00661-13|H4-L00661-14|H4-L00661-15|H4-L00661-16|H4-L00661-17|H4-L00661-18|H4-L00661-19,subjective_unvalidated_complete_calculation
667,INV-H4-000667,False,False,0.60,0,outputs/hospital_4/line_pricing_review.csv,H4-L00667-01|H4-L00667-02|H4-L00667-03|H4-L00667-04|H4-L00667-05|H4-L00667-06|H4-L00667-07|H4-L00667-08|H4-L00667-09|H4-L00667-10|H4-L00667-11,subjective_unvalidated_complete_calculation
669,INV-H4-000669,False,True,0.40,0,outputs/hospital_4/line_pricing_review.csv,H4-L00669-01|H4-L00669-02|H4-L00669-03|H4-L00669-04|H4-L00669-05|H4-L00669-06|H4-L00669-07|H4-L00669-08|H4-L00669-09|H4-L00669-10,subjective_unvalidated_mapping_inference
670,INV-H4-000670,False,False,0.60,0,outputs/hospital_4/line_pricing_review.csv,H4-L00670-01|H4-L00670-02|H4-L00670-03|H4-L00670-04|H4-L00670-05|H4-L00670-06|H4-L00670-07|H4-L00670-08|H4-L00670-09|H4-L00670-10,subjective_unvalidated_complete_calculation
671,INV-H4-000671,False,False,0.60,0,outputs/hospital_4/line_pricing_review.csv,H4-L00671-01|H4-L00671-02|H4-L00671-03|H4-L00671-04|H4-L00671-05|H4-L00671-06|H4-L00671-07|H4-L00671-08|H4-L00671-09|H4-L00671-10|H4-L00671-11|H4-L00671-12,subjective_unvalidated_complete_calculation
673,INV-H4-000673,True,True,0.40,0,outputs/hospital_4/line_pricing_review.csv,H4-L00673-01|H4-L00673-02|H4-L00673-03|H4-L00673-04|H4-L00673-05|H4-L00673-06|H4-L00673-07|H4-L00673-08|H4-L00673-09|H4-L00673-10|H4-L00673-11|H4-L00673-12|H4-L00673-13|H4-L00673-14|H4-L00673-15,subjective_unvalidated_mapping_inference
674,INV-H4-000674,False,False,0.60,0,outputs/hospital_4/line_pricing_review.csv,H4-L00674-01|H4-L00674-02|H4-L00674-03|H4-L00674-04|H4-L00674-05|H4-L00674-06|H4-L00674-07|H4-L00674-08|H4-L00674-09|H4-L00674-10|H4-L00674-11,subjective_unvalidated_complete_calculation
683,INV-H4-000683,False,True,0.40,0,outputs/hospital_4/line_pricing_review.csv,H4-L00683-01|H4-L00683-02|H4-L00683-03|H4-L00683-04|H4-L00683-05|H4-L00683-06|H4-L00683-07|H4-L00683-08|H4-L00683-09|H4-L00683-10|H4-L00683-11|H4-L00683-12|H4-L00683-13|H4-L00683-14|H4-L00683-15|H4-L00683-16,subjective_unvalidated_mapping_inference
684,INV-H4-000684,False,True,0.40,0,outputs/hospital_4/line_pricing_review.csv,H4-L00684-01|H4-L00684-02|H4-L00684-03|H4-L00684-04|H4-L00684-05|H4-L00684-06|H4-L00684-07|H4-L00684-08|H4-L00684-09|H4-L00684-10|H4-L00684-11|H4-L00684-12|H4-L00684-13,subjective_unvalidated_mapping_inference
685,INV-H4-000685,False,False,0.60,0,outputs/hospital_4/line_pricing_review.csv,H4-L00685-01|H4-L00685-02|H4-L00685-03|H4-L00685-04|H4-L00685-05|H4-L00685-06|H4-L00685-07|H4-L00685-08,subjective_unvalidated_complete_calculation
687,INV-H4-000687,False,False,0.60,0,outputs/hospital_4/line_pricing_review.csv,H4-L00687-01|H4-L00687-02|H4-L00687-03|H4-L00687-04|H4-L00687-05|H4-L00687-06|H4-L00687-07|H4-L00687-08|H4-L00687-09|H4-L00687-10|H4-L00687-11|H4-L00687-12,subjective_unvalidated_complete_calculation
688,INV-H4-000688,False,False,0.60,0,outputs/hospital_4/line_pricing_review.csv,H4-L00688-01|H4-L00688-02|H4-L00688-03|H4-L00688-04|H4-L00688-05|H4-L00688-06|H4-L00688-07|H4-L00688-08|H4-L00688-09|H4-L00688-10|H4-L00688-11|H4-L00688-12|H4-L00688-13,subjective_unvalidated_complete_calculation
689,INV-H4-000689,False,True,0.40,0,outputs/hospital_4/line_pricing_review.csv,H4-L00689-01|H4-L00689-02|H4-L00689-03|H4-L00689-04|H4-L00689-05|H4-L00689-06,subjective_unvalidated_mapping_inference
692,INV-H4-000692,False,False,0.60,-10302,outputs/hospital_4/line_pricing_review.csv,H4-L00692-01|H4-L00692-02|H4-L00692-03|H4-L00692-04|H4-L00692-05|H4-L00692-06|H4-L00692-07,subjective_unvalidated_complete_calculation
697,INV-H4-000697,False,True,0.40,0,outputs/hospital_4/line_pricing_review.csv,H4-L00697-01|H4-L00697-02|H4-L00697-03|H4-L00697-04|H4-L00697-05|H4-L00697-06,subjective_unvalidated_mapping_inference
707,INV-H4-000707,True,True,0.40,0,outputs/hospital_4/line_pricing_review.csv,H4-L00707-01|H4-L00707-02|H4-L00707-03|H4-L00707-04|H4-L00707-05|H4-L00707-06|H4-L00707-07|H4-L00707-08|H4-L00707-09|H4-L00707-10|H4-L00707-11|H4-L00707-12|H4-L00707-13|H4-L00707-14|H4-L00707-15|H4-L00707-16|H4-L00707-17|H4-L00707-18|H4-L00707-19,subjective_unvalidated_mapping_inference
717,INV-H4-000717,False,True,0.40,0,outputs/hospital_4/line_pricing_review.csv,H4-L00717-01|H4-L00717-02|H4-L00717-03|H4-L00717-04|H4-L00717-05,subjective_unvalidated_mapping_inference
718,INV-H4-000718,False,True,0.40,0,outputs/hospital_4/line_pricing_review.csv,H4-L00718-01|H4-L00718-02|H4-L00718-03|H4-L00718-04|H4-L00718-05|H4-L00718-06|H4-L00718-07,subjective_unvalidated_mapping_inference
721,INV-H4-000721,False,True,0.40,0,outputs/hospital_4/line_pricing_review.csv,H4-L00721-01|H4-L00721-02|H4-L00721-03|H4-L00721-04|H4-L00721-05|H4-L00721-06|H4-L00721-07|H4-L00721-08|H4-L00721-09|H4-L00721-10|H4-L00721-11|H4-L00721-12|H4-L00721-13|H4-L00721-14|H4-L00721-15|H4-L00721-16|H4-L00721-17,subjective_unvalidated_mapping_inference
722,INV-H4-000722,False,True,0.40,0,outputs/hospital_4/line_pricing_review.csv,H4-L00722-01|H4-L00722-02|H4-L00722-03|H4-L00722-04|H4-L00722-05|H4-L00722-06|H4-L00722-07|H4-L00722-08|H4-L00722-09|H4-L00722-10|H4-L00722-11|H4-L00722-12,subjective_unvalidated_mapping_inference
728,INV-H4-000728,False,True,0.40,0,outputs/hospital_4/line_pricing_review.csv,H4-L00728-01|H4-L00728-02|H4-L00728-03|H4-L00728-04|H4-L00728-05,subjective_unvalidated_mapping_inference
730,INV-H4-000730,False,True,0.40,0,outputs/hospital_4/line_pricing_review.csv,H4-L00730-01|H4-L00730-02|H4-L00730-03|H4-L00730-04|H4-L00730-05|H4-L00730-06|H4-L00730-07|H4-L00730-08|H4-L00730-09|H4-L00730-10|H4-L00730-11|H4-L00730-12|H4-L00730-13|H4-L00730-14|H4-L00730-15|H4-L00730-16|H4-L00730-17|H4-L00730-18|H4-L00730-19,subjective_unvalidated_mapping_inference
731,INV-H4-000731,False,True,0.40,0,outputs/hospital_4/line_pricing_review.csv,H4-L00731-01|H4-L00731-02|H4-L00731-03|H4-L00731-04|H4-L00731-05|H4-L00731-06|H4-L00731-07|H4-L00731-08,subjective_unvalidated_mapping_inference
732,INV-H4-000732,False,False,0.60,0,outputs/hospital_4/line_pricing_review.csv,H4-L00732-01|H4-L00732-02|H4-L00732-03|H4-L00732-04|H4-L00732-05|H4-L00732-06,subjective_unvalidated_complete_calculation
735,INV-H4-000735,False,False,0.60,0,outputs/hospital_4/line_pricing_review.csv,H4-L00735-01|H4-L00735-02|H4-L00735-03|H4-L00735-04|H4-L00735-05,subjective_unvalidated_complete_calculation
737,INV-H4-000737,False,True,0.40,0,outputs/hospital_4/line_pricing_review.csv,H4-L00737-01|H4-L00737-02|H4-L00737-03|H4-L00737-04|H4-L00737-05|H4-L00737-06,subjective_unvalidated_mapping_inference
738,INV-H4-000738,False,False,0.60,0,outputs/hospital_4/line_pricing_review.csv,H4-L00738-01|H4-L00738-02|H4-L00738-03|H4-L00738-04|H4-L00738-05|H4-L00738-06|H4-L00738-07|H4-L00738-08|H4-L00738-09|H4-L00738-10|H4-L00738-11|H4-L00738-12|H4-L00738-13|H4-L00738-14|H4-L00738-15|H4-L00738-16,subjective_unvalidated_complete_calculation
744,INV-H4-000744,False,True,0.40,0,outputs/hospital_4/line_pricing_review.csv,H4-L00744-01|H4-L00744-02|H4-L00744-03|H4-L00744-04|H4-L00744-05|H4-L00744-06,subjective_unvalidated_mapping_inference
745,INV-H4-000745,False,False,0.60,0,outputs/hospital_4/line_pricing_review.csv,H4-L00745-01|H4-L00745-02|H4-L00745-03|H4-L00745-04|H4-L00745-05|H4-L00745-06,subjective_unvalidated_complete_calculation
748,INV-H4-000748,False,False,0.60,0,outputs/hospital_4/line_pricing_review.csv,H4-L00748-01|H4-L00748-02|H4-L00748-03|H4-L00748-04|H4-L00748-05,subjective_unvalidated_complete_calculation
752,INV-H4-000752,False,True,0.40,0,outputs/hospital_4/line_pricing_review.csv,H4-L00752-01|H4-L00752-02|H4-L00752-03|H4-L00752-04|H4-L00752-05|H4-L00752-06,subjective_unvalidated_mapping_inference
753,INV-H4-000753,False,False,0.60,0,outputs/hospital_4/line_pricing_review.csv,H4-L00753-01|H4-L00753-02|H4-L00753-03|H4-L00753-04|H4-L00753-05|H4-L00753-06|H4-L00753-07|H4-L00753-08|H4-L00753-09|H4-L00753-10,subjective_unvalidated_complete_calculation
754,INV-H4-000754,True,True,0.40,0,outputs/hospital_4/line_pricing_review.csv,H4-L00754-01|H4-L00754-02|H4-L00754-03|H4-L00754-04|H4-L00754-05|H4-L00754-06|H4-L00754-07|H4-L00754-08|H4-L00754-09|H4-L00754-10|H4-L00754-11,subjective_unvalidated_mapping_inference
755,INV-H4-000755,False,False,0.60,0,outputs/hospital_4/line_pricing_review.csv,H4-L00755-01|H4-L00755-02|H4-L00755-03|H4-L00755-04|H4-L00755-05|H4-L00755-06|H4-L00755-07|H4-L00755-08|H4-L00755-09|H4-L00755-10,subjective_unvalidated_complete_calculation
757,INV-H4-000757,True,True,0.40,0,outputs/hospital_4/line_pricing_review.csv,H4-L00757-01|H4-L00757-02|H4-L00757-03|H4-L00757-04|H4-L00757-05|H4-L00757-06|H4-L00757-07|H4-L00757-08|H4-L00757-09,subjective_unvalidated_mapping_inference
764,INV-H4-000764,False,True,0.40,0,outputs/hospital_4/line_pricing_review.csv,H4-L00764-01|H4-L00764-02|H4-L00764-03|H4-L00764-04|H4-L00764-05|H4-L00764-06|H4-L00764-07|H4-L00764-08|H4-L00764-09|H4-L00764-10|H4-L00764-11|H4-L00764-12|H4-L00764-13|H4-L00764-14|H4-L00764-15|H4-L00764-16|H4-L00764-17|H4-L00764-18|H4-L00764-19|H4-L00764-20,subjective_unvalidated_mapping_inference
771,INV-H4-000771,False,False,0.60,0,outputs/hospital_4/line_pricing_review.csv,H4-L00771-01|H4-L00771-02|H4-L00771-03|H4-L00771-04|H4-L00771-05,subjective_unvalidated_complete_calculation
772,INV-H4-000772,False,True,0.40,0,outputs/hospital_4/line_pricing_review.csv,H4-L00772-01|H4-L00772-02|H4-L00772-03|H4-L00772-04|H4-L00772-05|H4-L00772-06|H4-L00772-07|H4-L00772-08|H4-L00772-09|H4-L00772-10|H4-L00772-11|H4-L00772-12,subjective_unvalidated_mapping_inference
784,INV-H4-000784,True,True,0.40,0,outputs/hospital_4/line_pricing_review.csv,H4-L00784-01|H4-L00784-02|H4-L00784-03|H4-L00784-04|H4-L00784-05|H4-L00784-06|H4-L00784-07|H4-L00784-08|H4-L00784-09|H4-L00784-10|H4-L00784-11|H4-L00784-12|H4-L00784-13|H4-L00784-14|H4-L00784-15|H4-L00784-16|H4-L00784-17|H4-L00784-18|H4-L00784-19,subjective_unvalidated_mapping_inference
790,INV-H4-000790,False,True,0.40,0,outputs/hospital_4/line_pricing_review.csv,H4-L00790-01|H4-L00790-02|H4-L00790-03|H4-L00790-04|H4-L00790-05|H4-L00790-06|H4-L00790-07|H4-L00790-08|H4-L00790-09|H4-L00790-10|H4-L00790-11,subjective_unvalidated_mapping_inference
792,INV-H4-000792,False,False,0.60,0,outputs/hospital_4/line_pricing_review.csv,H4-L00792-01|H4-L00792-02|H4-L00792-03|H4-L00792-04|H4-L00792-05|H4-L00792-06|H4-L00792-07|H4-L00792-08|H4-L00792-09|H4-L00792-10,subjective_unvalidated_complete_calculation
796,INV-H4-000796,False,False,0.60,0,outputs/hospital_4/line_pricing_review.csv,H4-L00796-01|H4-L00796-02|H4-L00796-03|H4-L00796-04|H4-L00796-05|H4-L00796-06|H4-L00796-07|H4-L00796-08|H4-L00796-09|H4-L00796-10,subjective_unvalidated_complete_calculation
797,INV-H4-000797,False,False,0.60,0,outputs/hospital_4/line_pricing_review.csv,H4-L00797-01|H4-L00797-02|H4-L00797-03|H4-L00797-04|H4-L00797-05|H4-L00797-06|H4-L00797-07|H4-L00797-08,subjective_unvalidated_complete_calculation
800,INV-H4-000800,False,True,0.40,0,outputs/hospital_4/line_pricing_review.csv,H4-L00800-01|H4-L00800-02|H4-L00800-03|H4-L00800-04|H4-L00800-05,subjective_unvalidated_mapping_inference
801,INV-H4-000801,False,True,0.40,0,outputs/hospital_4/line_pricing_review.csv,H4-L00801-01|H4-L00801-02|H4-L00801-03|H4-L00801-04|H4-L00801-05|H4-L00801-06|H4-L00801-07|H4-L00801-08,subjective_unvalidated_mapping_inference
812,INV-H4-000812,False,False,0.60,0,outputs/hospital_4/line_pricing_review.csv,H4-L00812-01|H4-L00812-02|H4-L00812-03|H4-L00812-04|H4-L00812-05|H4-L00812-06|H4-L00812-07|H4-L00812-08|H4-L00812-09|H4-L00812-10|H4-L00812-11|H4-L00812-12|H4-L00812-13|H4-L00812-14|H4-L00812-15|H4-L00812-16|H4-L00812-17|H4-L00812-18|H4-L00812-19,subjective_unvalidated_complete_calculation
816,INV-H4-000816,False,False,0.60,0,outputs/hospital_4/line_pricing_review.csv,H4-L00816-01|H4-L00816-02|H4-L00816-03|H4-L00816-04|H4-L00816-05|H4-L00816-06|H4-L00816-07|H4-L00816-08|H4-L00816-09|H4-L00816-10|H4-L00816-11|H4-L00816-12|H4-L00816-13|H4-L00816-14|H4-L00816-15|H4-L00816-16,subjective_unvalidated_complete_calculation
819,INV-H4-000819,True,True,0.40,0,outputs/hospital_4/line_pricing_review.csv,H4-L00819-01|H4-L00819-02|H4-L00819-03|H4-L00819-04|H4-L00819-05|H4-L00819-06|H4-L00819-07|H4-L00819-08|H4-L00819-09|H4-L00819-10|H4-L00819-11|H4-L00819-12|H4-L00819-13,subjective_unvalidated_mapping_inference
820,INV-H4-000820,True,True,0.40,0,outputs/hospital_4/line_pricing_review.csv,H4-L00820-01|H4-L00820-02|H4-L00820-03|H4-L00820-04|H4-L00820-05|H4-L00820-06|H4-L00820-07|H4-L00820-08|H4-L00820-09|H4-L00820-10|H4-L00820-11|H4-L00820-12|H4-L00820-13|H4-L00820-14,subjective_unvalidated_mapping_inference
821,INV-H4-000821,False,False,0.60,0,outputs/hospital_4/line_pricing_review.csv,H4-L00821-01|H4-L00821-02|H4-L00821-03|H4-L00821-04|H4-L00821-05|H4-L00821-06|H4-L00821-07|H4-L00821-08|H4-L00821-09,subjective_unvalidated_complete_calculation
824,INV-H4-000824,False,False,0.60,0,outputs/hospital_4/line_pricing_review.csv,H4-L00824-01|H4-L00824-02|H4-L00824-03|H4-L00824-04|H4-L00824-05|H4-L00824-06|H4-L00824-07|H4-L00824-08|H4-L00824-09|H4-L00824-10|H4-L00824-11|H4-L00824-12|H4-L00824-13|H4-L00824-14|H4-L00824-15,subjective_unvalidated_complete_calculation
825,INV-H4-000825,True,True,0.40,0,outputs/hospital_4/line_pricing_review.csv,H4-L00825-01|H4-L00825-02|H4-L00825-03|H4-L00825-04|H4-L00825-05|H4-L00825-06|H4-L00825-07|H4-L00825-08|H4-L00825-09,subjective_unvalidated_mapping_inference
826,INV-H4-000826,False,False,0.60,0,outputs/hospital_4/line_pricing_review.csv,H4-L00826-01|H4-L00826-02|H4-L00826-03|H4-L00826-04|H4-L00826-05|H4-L00826-06|H4-L00826-07|H4-L00826-08|H4-L00826-09|H4-L00826-10,subjective_unvalidated_complete_calculation
830,INV-H4-000830,True,True,0.40,0,outputs/hospital_4/line_pricing_review.csv,H4-L00830-01|H4-L00830-02|H4-L00830-03|H4-L00830-04|H4-L00830-05|H4-L00830-06|H4-L00830-07|H4-L00830-08,subjective_unvalidated_mapping_inference
831,INV-H4-000831,False,False,0.60,0,outputs/hospital_4/line_pricing_review.csv,H4-L00831-01|H4-L00831-02|H4-L00831-03|H4-L00831-04|H4-L00831-05|H4-L00831-06|H4-L00831-07,subjective_unvalidated_complete_calculation
834,INV-H4-000834,False,False,0.60,0,outputs/hospital_4/line_pricing_review.csv,H4-L00834-01|H4-L00834-02|H4-L00834-03|H4-L00834-04|H4-L00834-05|H4-L00834-06|H4-L00834-07|H4-L00834-08|H4-L00834-09|H4-L00834-10|H4-L00834-11|H4-L00834-12|H4-L00834-13|H4-L00834-14|H4-L00834-15,subjective_unvalidated_complete_calculation
835,INV-H4-000835,True,True,0.40,0,outputs/hospital_4/line_pricing_review.csv,H4-L00835-01|H4-L00835-02|H4-L00835-03|H4-L00835-04|H4-L00835-05|H4-L00835-06|H4-L00835-07|H4-L00835-08|H4-L00835-09|H4-L00835-10|H4-L00835-11|H4-L00835-12|H4-L00835-13|H4-L00835-14|H4-L00835-15|H4-L00835-16,subjective_unvalidated_mapping_inference
838,INV-H4-000838,False,False,0.60,0,outputs/hospital_4/line_pricing_review.csv,H4-L00838-01|H4-L00838-02|H4-L00838-03|H4-L00838-04|H4-L00838-05|H4-L00838-06,subjective_unvalidated_complete_calculation
