record_id,invoice_id,line_id,reason,kind,contract_reference,description,candidate_services,billed_unit,service_date,required_resolution
3,INV-H4-000003,H4-L00003-11,unit_conversion_unresolved,unit,"H4 sections 1.3, 3 and 4.4",adv  - PAED thtr /CW-9651,Advanced Paediatric Theatre Time,per_night,2024-01-06,Confirm the quantity on the contractual unit basis; do not assume a change of unit label leaves quantity unchanged.
6,INV-H4-000006,H4-L00006-02,ambiguous_contract_unit,compound_unit,"H4 sections 1.3, 3 and 4.4",MONIT  interm UROLOGIC telemetry /CW-1251,Intermittent Urologic Telemetry Monitoring,per_hour_per_item,2024-01-07,"Clarify whether ""per hour, per item"" means item-hours, alternative rates, or separate quantities, and what the supplied quantity measures."
53,INV-H4-000053,H4-L00053-12,bundle_partner_unresolved,dependency,H4 section 7; H1 section 9,postop  - PALLIATIVE recov ROOM occupancy /CW-6043,Postoperative Palliative Recovery Room Occupancy,per_night,2024-02-25,Resolve possible partner-service delivery for this patient and day.
53,INV-H4-000053,H4-L00053-03,daily_quantity_unresolved,dependency,Contract daily quantity caps,intens - UROL specimen ANLY /CW-8319,Intensive Urologic Specimen Analysis,per_item,2024-02-25,"Resolve all contributing quantities, mappings and dates for the patient/service/day."
53,INV-H4-000053,H4-L00053-15,exclusion_trigger_unresolved,dependency,H4 section 9; H1 section 10,amb - HAEMATOLOGY transf SVC /CW-5136,Ambulatory Haematology Transfusion Service,per_procedure,2024-02-26,Resolve possible trigger-service delivery and dates in the exclusion window.
53,INV-H4-000053,H4-L00053-02,possible_unresolved_same_day_service,dependency,Contract section 11,amb MSK spcm,Ambulatory Musculoskeletal Specimen Analysis,per_item,2024-02-24,Resolve possible same-patient/service/day occurrences before certifying a complete payable total.
53,INV-H4-000053,H4-L00053-03,possible_unresolved_same_day_service,dependency,Contract section 11,intens - UROL specimen ANLY /CW-8319,Intensive Urologic Specimen Analysis,per_item,2024-02-25,Resolve possible same-patient/service/day occurrences before certifying a complete payable total.
53,INV-H4-000053,H4-L00053-08,possible_unresolved_same_day_service,dependency,Contract section 11,ADMIN - outpt RHEUM anaes /CW-8338,Outpatient Rheumatologic Anaesthesia Administration,per_hour,2024-02-24,Resolve possible same-patient/service/day occurrences before certifying a complete payable total.
53,INV-H4-000053,H4-L00053-09,possible_unresolved_same_day_service,dependency,Contract section 11,interm ONC home VST /CW-1380,Intermittent Oncology Home Visit,per_visit,2024-02-25,Resolve possible same-patient/service/day occurrences before certifying a complete payable total.
53,INV-H4-000053,H4-L00053-12,possible_unresolved_same_day_service,dependency,Contract section 11,postop  - PALLIATIVE recov ROOM occupancy /CW-6043,Postoperative Palliative Recovery Room Occupancy,per_night,2024-02-25,Resolve possible same-patient/service/day occurrences before certifying a complete payable total.
53,INV-H4-000053,H4-L00053-14,possible_unresolved_same_day_service,dependency,Contract section 11,ONC wd BD occ STD,Standard Oncology Ward Bed Occupancy,per_day,2024-02-25,Resolve possible same-patient/service/day occurrences before certifying a complete payable total.
53,INV-H4-000053,H4-L00053-10,unit_conversion_unresolved,unit,"H4 sections 1.3, 3 and 4.4",supervised - PULM admin,Supervised Pulmonary Anaesthesia Administration,per_procedure,2024-02-26,Confirm the quantity on the contractual unit basis; do not assume a change of unit label leaves quantity unchanged.
53,INV-H4-000053,H4-L00053-01,unresolved_service_mapping,mapping,Contract service schedule,SVC - ortho STERILISATION,,per_procedure,2024-02-25,"Resolve the service from clinical/billing description evidence, not its billed price. An unlisted description has no established payable rate."
53,INV-H4-000053,H4-L00053-05,unresolved_service_mapping,mapping,Contract service schedule,CONF ger CS,Intensive Geriatric Case Conference|Postoperative Geriatric Case Conference,per_visit,2024-02-26,"Resolve the service from clinical/billing description evidence, not its billed price. An unlisted description has no established payable rate."
53,INV-H4-000053,H4-L00053-07,unresolved_service_mapping,mapping,Contract service schedule,CONSULT rtn NEURO /CW-8916,,per_procedure,2024-02-24,"Resolve the service from clinical/billing description evidence, not its billed price. An unlisted description has no established payable rate."
73,INV-H4-000073,,ambiguous_invoice_identifier,identifier,Contract section 11,,,,,Identify the intended record for each reused invoice ID; the submission key cannot distinguish both records.
79,INV-H4-000079,,ambiguous_invoice_identifier,identifier,Contract section 11,,,,,Identify the intended record for each reused invoice ID; the submission key cannot distinguish both records.
79,INV-H4-000079,H4-L00079-01,out_of_term_date,date,Contract term and section 11,adv PALL hm VST /CW-7657,Advanced Palliative Home Visit,per_visit,2026-10-06,Confirm applicable contractual authority or corrected date for the out-of-term service.
79,INV-H4-000079,H4-L00079-04,out_of_term_date,date,Contract term and section 11,interm - ONCOLOGY hm VST /CW-7658,Intermittent Oncology Home Visit,per_visit,2023-06-14,Confirm applicable contractual authority or corrected date for the out-of-term service.
95,INV-H4-000095,H4-L00095-01,unit_conversion_unresolved,unit,"H4 sections 1.3, 3 and 4.4",compr - OPHTH lab PANEL /CW-3670,Comprehensive Ophthalmic Laboratory Panel,per_visit,2024-03-30,Confirm the quantity on the contractual unit basis; do not assume a change of unit label leaves quantity unchanged.
125,INV-H4-000125,H4-L00125-04,bundle_partner_unresolved,dependency,H4 section 7; H1 section 9,INTERM - rheum SESS /CW-7476,Intermittent Rheumatologic Dialysis Session,per_procedure,2024-04-24,Resolve possible partner-service delivery for this patient and day.
125,INV-H4-000125,H4-L00125-08,bundle_partner_unresolved,dependency,H4 section 7; H1 section 9,OCCUPANCY - outpt ORTHO recov ROOM /CW-9263,Outpatient Orthopaedic Recovery Room Occupancy,per_hour,2024-04-24,Resolve possible partner-service delivery for this patient and day.
125,INV-H4-000125,H4-L00125-01,daily_quantity_unresolved,dependency,Contract daily quantity caps,FOCUSED metab BIOP proc /CW-3728,Focused Metabolic Biopsy Procedure,per_item,2024-04-24,"Resolve all contributing quantities, mappings and dates for the patient/service/day."
125,INV-H4-000125,H4-L00125-05,daily_quantity_unresolved,dependency,Contract daily quantity caps,monit - EXT urol TELEM /CW-7204,Extended Urologic Telemetry Monitoring,per_day,2024-04-24,"Resolve all contributing quantities, mappings and dates for the patient/service/day."
125,INV-H4-000125,H4-L00125-12,daily_quantity_unresolved,dependency,Contract daily quantity caps,PROCEDURE - beds GI biopsy /CW-5425,Bedside Gastrointestinal Biopsy Procedure,per_item,2024-04-24,"Resolve all contributing quantities, mappings and dates for the patient/service/day."
125,INV-H4-000125,H4-L00125-13,daily_quantity_unresolved,dependency,Contract daily quantity caps,postop ONCOLOGY imaging /CW-3721,Postoperative Oncology Diagnostic Imaging,per_item,2024-04-24,"Resolve all contributing quantities, mappings and dates for the patient/service/day."
125,INV-H4-000125,H4-L00125-03,exclusion_trigger_unresolved,dependency,H4 section 9; H1 section 10,foc UROLOGIC cs CONFERENCE,Focused Urologic Case Conference,per_hour,2024-04-24,Resolve possible trigger-service delivery and dates in the exclusion window.
125,INV-H4-000125,H4-L00125-01,possible_unresolved_same_day_service,dependency,Contract section 11,FOCUSED metab BIOP proc /CW-3728,Focused Metabolic Biopsy Procedure,per_item,2024-04-24,Resolve possible same-patient/service/day occurrences before certifying a complete payable total.
125,INV-H4-000125,H4-L00125-02,possible_unresolved_same_day_service,dependency,Contract section 11,ext - RHEUMATOLOGIC observation /CW-5150,Extended Rheumatologic Nursing Observation,per_night,2024-04-24,Resolve possible same-patient/service/day occurrences before certifying a complete payable total.
125,INV-H4-000125,H4-L00125-03,possible_unresolved_same_day_service,dependency,Contract section 11,foc UROLOGIC cs CONFERENCE,Focused Urologic Case Conference,per_hour,2024-04-24,Resolve possible same-patient/service/day occurrences before certifying a complete payable total.
125,INV-H4-000125,H4-L00125-04,possible_unresolved_same_day_service,dependency,Contract section 11,INTERM - rheum SESS /CW-7476,Intermittent Rheumatologic Dialysis Session,per_procedure,2024-04-24,Resolve possible same-patient/service/day occurrences before certifying a complete payable total.
125,INV-H4-000125,H4-L00125-05,possible_unresolved_same_day_service,dependency,Contract section 11,monit - EXT urol TELEM /CW-7204,Extended Urologic Telemetry Monitoring,per_day,2024-04-24,Resolve possible same-patient/service/day occurrences before certifying a complete payable total.
125,INV-H4-000125,H4-L00125-06,possible_unresolved_same_day_service,dependency,Contract section 11,ADMIN - outpt RHEUM anaes,Outpatient Rheumatologic Anaesthesia Administration,per_hour,2024-04-24,Resolve possible same-patient/service/day occurrences before certifying a complete payable total.
125,INV-H4-000125,H4-L00125-07,possible_unresolved_same_day_service,dependency,Contract section 11,interpretation - COMPR img /CW-2951,Comprehensive Urologic Imaging Interpretation,per_test,2024-04-24,Resolve possible same-patient/service/day occurrences before certifying a complete payable total.
125,INV-H4-000125,H4-L00125-08,possible_unresolved_same_day_service,dependency,Contract section 11,OCCUPANCY - outpt ORTHO recov ROOM /CW-9263,Outpatient Orthopaedic Recovery Room Occupancy,per_hour,2024-04-24,Resolve possible same-patient/service/day occurrences before certifying a complete payable total.
125,INV-H4-000125,H4-L00125-09,possible_unresolved_same_day_service,dependency,Contract section 11,std - VASC hm VST /CW-7377,Standard Vascular Home Visit,per_visit,2024-04-24,Resolve possible same-patient/service/day occurrences before certifying a complete payable total.
125,INV-H4-000125,H4-L00125-10,possible_unresolved_same_day_service,dependency,Contract section 11,CARD hm VST RTN,Routine Cardiac Home Visit,per_visit,2024-04-24,Resolve possible same-patient/service/day occurrences before certifying a complete payable total.
125,INV-H4-000125,H4-L00125-11,possible_unresolved_same_day_service,dependency,Contract section 11,COMPR neuro ENDOSCOPIC proc,Comprehensive Neurological Endoscopic Procedure,per_procedure,2024-04-24,Resolve possible same-patient/service/day occurrences before certifying a complete payable total.
125,INV-H4-000125,H4-L00125-12,possible_unresolved_same_day_service,dependency,Contract section 11,PROCEDURE - beds GI biopsy /CW-5425,Bedside Gastrointestinal Biopsy Procedure,per_item,2024-04-24,Resolve possible same-patient/service/day occurrences before certifying a complete payable total.
125,INV-H4-000125,H4-L00125-13,possible_unresolved_same_day_service,dependency,Contract section 11,postop ONCOLOGY imaging /CW-3721,Postoperative Oncology Diagnostic Imaging,per_item,2024-04-24,Resolve possible same-patient/service/day occurrences before certifying a complete payable total.
125,INV-H4-000125,H4-L00125-10,premium_quantity_unresolved,dependency,Contract section 5,CARD hm VST RTN,Routine Cardiac Home Visit,per_visit,2024-04-24,"Resolve all contributing quantities, mappings and dates for the patient/service/day."
125,INV-H4-000125,H4-L00125-14,unresolved_service_mapping,mapping,Contract service schedule,ADMIN spclst NEURO anaes /CW-6871,,per_night,2024-04-24,"Resolve the service from clinical/billing description evidence, not its billed price. An unlisted description has no established payable rate."
144,INV-H4-000144,H4-L00144-06,discount_utilisation_unresolved,dependency,H4 section 8; H1 section 7,SUPP - amb MSK vent /CW-6725,Ambulatory Musculoskeletal Ventilation Support,per_day,2024-05-17,"Resolve the service identity, quantity or date affecting cumulative utilisation; current lower and upper bounds select different discounts."
144,INV-H4-000144,H4-L00144-01,possible_unresolved_same_day_service,dependency,Contract section 11,spclst GI img INTERP /CW-5639,Specialist Gastrointestinal Imaging Interpretation,per_procedure,2024-05-16,Resolve possible same-patient/service/day occurrences before certifying a complete payable total.
144,INV-H4-000144,H4-L00144-04,possible_unresolved_same_day_service,dependency,Contract section 11,visit STD vasc,Standard Vascular Home Visit,per_visit,2024-05-16,Resolve possible same-patient/service/day occurrences before certifying a complete payable total.
144,INV-H4-000144,H4-L00144-07,possible_unresolved_same_day_service,dependency,Contract section 11,SUPPORT - amb MSK vent,Ambulatory Musculoskeletal Ventilation Support,per_day,2024-05-16,Resolve possible same-patient/service/day occurrences before certifying a complete payable total.
144,INV-H4-000144,H4-L00144-08,unresolved_service_mapping,mapping,Contract service schedule,RTN - ortho TRANSF service /CW-3818,,per_procedure,2024-05-16,"Resolve the service from clinical/billing description evidence, not its billed price. An unlisted description has no established payable rate."
153,INV-H4-000153,H4-L00153-01,exclusion_trigger_unresolved,dependency,H4 section 9; H1 section 10,INTERP - postop PAEDIATRIC img /CW-8778,Postoperative Paediatric Imaging Interpretation,per_procedure,2024-05-26,Resolve possible trigger-service delivery and dates in the exclusion window.
153,INV-H4-000153,H4-L00153-02,exclusion_trigger_unresolved,dependency,H4 section 9; H1 section 10,STD - ophth LAB pnl /CW-8684,Standard Ophthalmic Laboratory Panel,per_item,2024-05-27,Resolve possible trigger-service delivery and dates in the exclusion window.
153,INV-H4-000153,H4-L00153-05,exclusion_trigger_unresolved,dependency,H4 section 9; H1 section 10,haematology - TRANSF svc,Ambulatory Haematology Transfusion Service,per_procedure,2024-05-24,Resolve possible trigger-service delivery and dates in the exclusion window.
153,INV-H4-000153,H4-L00153-11,exclusion_trigger_unresolved,dependency,H4 section 9; H1 section 10,POSTOPERATIVE card CR,Postoperative Cardiac Wound Care,per_item,2024-05-23,Resolve possible trigger-service delivery and dates in the exclusion window.
153,INV-H4-000153,H4-L00153-13,exclusion_trigger_unresolved,dependency,H4 section 9; H1 section 10,panel  INTERM neuro LAB,Intermittent Neurological Laboratory Panel,per_test,2024-05-22,Resolve possible trigger-service delivery and dates in the exclusion window.
153,INV-H4-000153,H4-L00153-12,invalid_service_date,date,Contract section 11,std - DIAL sess /CW-2606,Standard Paediatric Dialysis Session,per_procedure,31/02/2024,Obtain the valid service date. Do not substitute the invoice or admission date.
153,INV-H4-000153,H4-L00153-02,possible_unresolved_same_day_service,dependency,Contract section 11,STD - ophth LAB pnl /CW-8684,Standard Ophthalmic Laboratory Panel,per_item,2024-05-27,Resolve possible same-patient/service/day occurrences before certifying a complete payable total.
153,INV-H4-000153,H4-L00153-03,possible_unresolved_same_day_service,dependency,Contract section 11,EXT psych ENDOSC proc,Extended Psychiatric Endoscopic Procedure,per_procedure,2024-05-27,Resolve possible same-patient/service/day occurrences before certifying a complete payable total.
153,INV-H4-000153,H4-L00153-06,possible_unresolved_same_day_service,dependency,Contract section 11,INTERP preoperative HAEM img,Preoperative Haematology Imaging Interpretation,per_test,2024-05-25,Resolve possible same-patient/service/day occurrences before certifying a complete payable total.
153,INV-H4-000153,H4-L00153-17,possible_unresolved_same_day_service,dependency,Contract section 11,rheum REHAB prog emer,Emergency Rheumatologic Rehabilitation Programme,per_day,2024-05-25,Resolve possible same-patient/service/day occurrences before certifying a complete payable total.
153,INV-H4-000153,H4-L00153-03,premium_quantity_unresolved,dependency,Contract section 5,EXT psych ENDOSC proc,Extended Psychiatric Endoscopic Procedure,per_procedure,2024-05-27,"Resolve all contributing quantities, mappings and dates for the patient/service/day."
153,INV-H4-000153,H4-L00153-06,premium_quantity_unresolved,dependency,Contract section 5,INTERP preoperative HAEM img,Preoperative Haematology Imaging Interpretation,per_test,2024-05-25,"Resolve all contributing quantities, mappings and dates for the patient/service/day."
153,INV-H4-000153,H4-L00153-17,premium_quantity_unresolved,dependency,Contract section 5,rheum REHAB prog emer,Emergency Rheumatologic Rehabilitation Programme,per_day,2024-05-25,"Resolve all contributing quantities, mappings and dates for the patient/service/day."
153,INV-H4-000153,H4-L00153-14,unresolved_service_mapping,mapping,Contract service schedule,ASST - obstetric TRANSP svc /CW-7850,,per_visit,2024-05-25,"Resolve the service from clinical/billing description evidence, not its billed price. An unlisted description has no established payable rate."
153,INV-H4-000153,H4-L00153-15,unresolved_service_mapping,mapping,Contract service schedule,VST  foc NEURO /CW-8682,,per_test,2024-05-27,"Resolve the service from clinical/billing description evidence, not its billed price. An unlisted description has no established payable rate."
157,INV-H4-000157,H4-L00157-03,unresolved_service_mapping,mapping,Contract service schedule,CONF ger CS,Intensive Geriatric Case Conference|Postoperative Geriatric Case Conference,per_visit,2024-05-30,"Resolve the service from clinical/billing description evidence, not its billed price. An unlisted description has no established payable rate."
164,INV-H4-000164,H4-L00164-11,invalid_service_date,date,Contract section 11,tm OUTPATIENT urol /CW-9136,Outpatient Urologic Theatre Time,per_hour,2024-00-17,Obtain the valid service date. Do not substitute the invoice or admission date.
168,INV-H4-000168,H4-L00168-14,exclusion_boundary_unresolved,boundary,H4 section 9; H1 section 10,ASST - paed TM /CW-5883,Assisted Paediatric Theatre Time,per_hour,2024-05-20,Clarify whether exactly N calendar days is inside the exclusion window.
168,INV-H4-000168,H4-L00168-02,premium_quantity_unresolved,dependency,Contract section 5,CONT  infect CRIT care OCC,Continuous Infectious Critical Care Occupancy,per_test,2024-05-31,"Resolve all contributing quantities, mappings and dates for the patient/service/day."
168,INV-H4-000168,H4-L00168-02,unit_conversion_unresolved,unit,"H4 sections 1.3, 3 and 4.4",CONT  infect CRIT care OCC,Continuous Infectious Critical Care Occupancy,per_test,2024-05-31,Confirm the quantity on the contractual unit basis; do not assume a change of unit label leaves quantity unchanged.
168,INV-H4-000168,H4-L00168-04,unresolved_service_mapping,mapping,Contract service schedule,CONF ger CS,Intensive Geriatric Case Conference|Postoperative Geriatric Case Conference,per_visit,2024-05-30,"Resolve the service from clinical/billing description evidence, not its billed price. An unlisted description has no established payable rate."
196,INV-H4-000196,H4-L00196-04,unit_conversion_unresolved,unit,"H4 sections 1.3, 3 and 4.4",POSTOP - ger IMG interpretation /CW-5101,Postoperative Geriatric Imaging Interpretation,per_hour,2024-06-30,Confirm the quantity on the contractual unit basis; do not assume a change of unit label leaves quantity unchanged.
217,INV-H4-000217,H4-L00217-06,ambiguous_contract_unit,compound_unit,"H4 sections 1.3, 3 and 4.4",INTERM urologic TELEM monit /CW-6015,Intermittent Urologic Telemetry Monitoring,per_hour_per_item,2024-07-19,"Clarify whether ""per hour, per item"" means item-hours, alternative rates, or separate quantities, and what the supplied quantity measures."
226,INV-H4-000226,H4-L00226-05,unresolved_service_mapping,mapping,Contract service schedule,CONF ger CS,Intensive Geriatric Case Conference|Postoperative Geriatric Case Conference,per_visit,2024-07-24,"Resolve the service from clinical/billing description evidence, not its billed price. An unlisted description has no established payable rate."
235,INV-H4-000235,H4-L00235-06,exclusion_boundary_unresolved,boundary,H4 section 9; H1 section 10,foc UROLOGIC cs CONFERENCE,Focused Urologic Case Conference,per_hour,2024-07-17,Clarify whether exactly N calendar days is inside the exclusion window.
247,INV-H4-000247,H4-L00247-09,discount_utilisation_unresolved,dependency,H4 section 8; H1 section 7,standard - ONC ward BD occ /CW-4538,Standard Oncology Ward Bed Occupancy,per_day,2024-08-16,"Resolve the service identity, quantity or date affecting cumulative utilisation; current lower and upper bounds select different discounts."
247,INV-H4-000247,H4-L00247-14,unresolved_service_mapping,mapping,Contract service schedule,card VENT support,Assisted Cardiac Ventilation Support|Specialist Cardiac Ventilation Support,per_hour,2024-08-16,"Resolve the service from clinical/billing description evidence, not its billed price. An unlisted description has no established payable rate."
260,INV-H4-000260,H4-L00260-07,out_of_term_date,date,Contract term and section 11,beds - OBST img INTERPRETATION,Bedside Obstetric Imaging Interpretation,per_procedure,2023-04-25,Confirm applicable contractual authority or corrected date for the out-of-term service.
264,INV-H4-000264,,ambiguous_invoice_identifier,identifier,Contract section 11,,,,,Identify the intended record for each reused invoice ID; the submission key cannot distinguish both records.
264,INV-H4-000264,H4-L00264-08,duplicate_service_allocation_unresolved,allocation,Contract section 11,vst - INTERM onc HM,Intermittent Oncology Home Visit,per_visit,2024-09-04,Confirm duplicate ownership and allocation; a deterministic sorting convention does not establish which charge is payable.
264,INV-H4-000264,H4-L00264-09,duplicate_service_allocation_unresolved,allocation,Contract section 11,OCC adv ONC ward BD /CW-1103,Advanced Oncology Ward Bed Occupancy,per_night,2024-09-04,Confirm duplicate ownership and allocation; a deterministic sorting convention does not establish which charge is payable.
303,INV-H4-000079,,ambiguous_invoice_identifier,identifier,Contract section 11,,,,,Identify the intended record for each reused invoice ID; the submission key cannot distinguish both records.
309,INV-H4-000309,H4-L00309-01,bundle_partner_unresolved,dependency,H4 section 7; H1 section 9,foc VASC infusion THER,Focused Vascular Infusion Therapy,per_unit_dispensed,2024-10-12,Resolve possible partner-service delivery for this patient and day.
309,INV-H4-000309,H4-L00309-14,duplicate_service_allocation_unresolved,allocation,Contract section 11,PREOP msk ROOM occ,Preoperative Musculoskeletal Recovery Room Occupancy,per_night,2024-03-10,Confirm duplicate ownership and allocation; a deterministic sorting convention does not establish which charge is payable.
309,INV-H4-000309,H4-L00309-10,exclusion_trigger_unresolved,dependency,H4 section 9; H1 section 10,foc UROLOGIC cs CONFERENCE,Focused Urologic Case Conference,per_hour,2024-10-10,Resolve possible trigger-service delivery and dates in the exclusion window.
309,INV-H4-000309,H4-L00309-01,possible_unresolved_same_day_service,dependency,Contract section 11,foc VASC infusion THER,Focused Vascular Infusion Therapy,per_unit_dispensed,2024-10-12,Resolve possible same-patient/service/day occurrences before certifying a complete payable total.
309,INV-H4-000309,H4-L00309-12,possible_unresolved_same_day_service,dependency,Contract section 11,vst STD vasc HM /CW-9701,Standard Vascular Home Visit,per_visit,2024-10-12,Resolve possible same-patient/service/day occurrences before certifying a complete payable total.
309,INV-H4-000309,H4-L00309-06,unresolved_service_mapping,mapping,Contract service schedule,SPCLST wnd CR /CW-6542,,per_night,2024-10-09,"Resolve the service from clinical/billing description evidence, not its billed price. An unlisted description has no established payable rate."
309,INV-H4-000309,H4-L00309-08,unresolved_service_mapping,mapping,Contract service schedule,PLNG cont OTOLARYNGOLOGIC disch,,per_hour_per_item,2024-10-12,"Resolve the service from clinical/billing description evidence, not its billed price. An unlisted description has no established payable rate."
418,INV-H4-000264,H4-L00418-14,ambiguous_contract_unit,compound_unit,"H4 sections 1.3, 3 and 4.4",MONIT  interm UROLOGIC telemetry /CW-1251,Intermittent Urologic Telemetry Monitoring,per_hour_per_item,2025-01-05,"Clarify whether ""per hour, per item"" means item-hours, alternative rates, or separate quantities, and what the supplied quantity measures."
418,INV-H4-000264,,ambiguous_invoice_identifier,identifier,Contract section 11,,,,,Identify the intended record for each reused invoice ID; the submission key cannot distinguish both records.
431,INV-H4-000431,,ambiguous_invoice_identifier,identifier,Contract section 11,,,,,Identify the intended record for each reused invoice ID; the submission key cannot distinguish both records.
445,INV-H4-000445,H4-L00445-09,out_of_term_date,date,Contract term and section 11,adv PALL hm VST /CW-7657,Advanced Palliative Home Visit,per_visit,2026-10-15,Confirm applicable contractual authority or corrected date for the out-of-term service.
458,INV-H4-000458,H4-L00458-06,daily_quantity_unresolved,dependency,Contract daily quantity caps,intens - UROL specimen ANLY /CW-8319,Intensive Urologic Specimen Analysis,per_item,2025-02-08,"Resolve all contributing quantities, mappings and dates for the patient/service/day."
458,INV-H4-000458,H4-L00458-09,duplicate_service_allocation_unresolved,allocation,Contract section 11,vst - INTERM onc HM,Intermittent Oncology Home Visit,per_visit,2024-09-04,Confirm duplicate ownership and allocation; a deterministic sorting convention does not establish which charge is payable.
458,INV-H4-000458,H4-L00458-10,duplicate_service_allocation_unresolved,allocation,Contract section 11,OCC adv ONC ward BD /CW-1103,Advanced Oncology Ward Bed Occupancy,per_night,2024-09-04,Confirm duplicate ownership and allocation; a deterministic sorting convention does not establish which charge is payable.
458,INV-H4-000458,H4-L00458-03,exclusion_trigger_unresolved,dependency,H4 section 9; H1 section 10,svc FOC vasc TRANSPORT,Focused Vascular Transport Service,per_item,2025-02-07,Resolve possible trigger-service delivery and dates in the exclusion window.
458,INV-H4-000458,H4-L00458-02,possible_unresolved_same_day_service,dependency,Contract section 11,assisted - NUTR supp,Assisted Renal Nutritional Support,per_unit_dispensed,2025-02-08,Resolve possible same-patient/service/day occurrences before certifying a complete payable total.
458,INV-H4-000458,H4-L00458-04,possible_unresolved_same_day_service,dependency,Contract section 11,CONT infectious CRIT cr OCCUPANCY,Continuous Infectious Critical Care Occupancy,per_hour,2025-02-08,Resolve possible same-patient/service/day occurrences before certifying a complete payable total.
458,INV-H4-000458,H4-L00458-06,possible_unresolved_same_day_service,dependency,Contract section 11,intens - UROL specimen ANLY /CW-8319,Intensive Urologic Specimen Analysis,per_item,2025-02-08,Resolve possible same-patient/service/day occurrences before certifying a complete payable total.
458,INV-H4-000458,H4-L00458-04,premium_quantity_unresolved,dependency,Contract section 5,CONT infectious CRIT cr OCCUPANCY,Continuous Infectious Critical Care Occupancy,per_hour,2025-02-08,"Resolve all contributing quantities, mappings and dates for the patient/service/day."
458,INV-H4-000458,H4-L00458-08,unresolved_service_mapping,mapping,Contract service schedule,LAB  - emer DERM /CW-2124,,per_night,2025-02-08,"Resolve the service from clinical/billing description evidence, not its billed price. An unlisted description has no established payable rate."
473,INV-H4-000473,H4-L00473-07,duplicate_service_allocation_unresolved,allocation,Contract section 11,interp - BEDS obst IMG /CW-9860,Bedside Obstetric Imaging Interpretation,per_procedure,2024-03-23,Confirm duplicate ownership and allocation; a deterministic sorting convention does not establish which charge is payable.
473,INV-H4-000473,H4-L00473-08,exclusion_boundary_unresolved,boundary,H4 section 9; H1 section 10,obs SUPERVISED gi NURSING /CW-4223,Supervised Gastrointestinal Nursing Observation,per_night,2024-03-15,Clarify whether exactly N calendar days is inside the exclusion window.
473,INV-H4-000473,H4-L00473-03,premium_quantity_unresolved,dependency,Contract section 5,CONTINUOUS infectious CRITICAL occ,Continuous Infectious Critical Care Occupancy,per_procedure,2025-02-24,"Resolve all contributing quantities, mappings and dates for the patient/service/day."
473,INV-H4-000473,H4-L00473-03,unit_conversion_unresolved,unit,"H4 sections 1.3, 3 and 4.4",CONTINUOUS infectious CRITICAL occ,Continuous Infectious Critical Care Occupancy,per_procedure,2025-02-24,Confirm the quantity on the contractual unit basis; do not assume a change of unit label leaves quantity unchanged.
483,INV-H4-000483,H4-L00483-06,unresolved_service_mapping,mapping,Contract service schedule,ger - CASE conf,Intensive Geriatric Case Conference|Postoperative Geriatric Case Conference,per_hour,2025-03-06,"Resolve the service from clinical/billing description evidence, not its billed price. An unlisted description has no established payable rate."
504,INV-H4-000504,H4-L00504-11,unit_conversion_unresolved,unit,"H4 sections 1.3, 3 and 4.4",OCC  - outpt ORTHO recov ROOM /CW-6062,Outpatient Orthopaedic Recovery Room Occupancy,per_night,2025-03-20,Confirm the quantity on the contractual unit basis; do not assume a change of unit label leaves quantity unchanged.
517,INV-H4-000073,,ambiguous_invoice_identifier,identifier,Contract section 11,,,,,Identify the intended record for each reused invoice ID; the submission key cannot distinguish both records.
517,INV-H4-000073,H4-L00517-04,unresolved_service_mapping,mapping,Contract service schedule,amb WD bed OCC /CW-2964,Ambulatory Cardiac Ward Bed Occupancy|Ambulatory Immunologic Ward Bed Occupancy,per_day,2025-04-08,"Resolve the service from clinical/billing description evidence, not its billed price. An unlisted description has no established payable rate."
528,INV-H4-000528,H4-L00528-13,invalid_service_date,date,Contract section 11,interm ONC home VST /CW-1380,Intermittent Oncology Home Visit,per_visit,2024-00-17,Obtain the valid service date. Do not substitute the invoice or admission date.
541,INV-H4-000541,H4-L00541-03,unit_conversion_unresolved,unit,"H4 sections 1.3, 3 and 4.4",assisted - PAED physio SESS /CW-5564,Assisted Paediatric Physiotherapy Session,per_unit_dispensed,2025-04-23,Confirm the quantity on the contractual unit basis; do not assume a change of unit label leaves quantity unchanged.
576,INV-H4-000576,H4-L00576-14,bundle_partner_unresolved,dependency,H4 section 7; H1 section 9,conf  - EXT obst CS /CW-8663,Extended Obstetric Case Conference,per_visit,2025-05-22,Resolve possible partner-service delivery for this patient and day.
576,INV-H4-000576,H4-L00576-03,exclusion_trigger_unresolved,dependency,H4 section 9; H1 section 10,ASST - paediatric THEATRE tm /CW-7535,Assisted Paediatric Theatre Time,per_hour,2025-05-22,Resolve possible trigger-service delivery and dates in the exclusion window.
576,INV-H4-000576,H4-L00576-05,invalid_service_date,date,Contract section 11,spclst GI img INTERP /CW-5639,Specialist Gastrointestinal Imaging Interpretation,per_procedure,2024-13-05,Obtain the valid service date. Do not substitute the invoice or admission date.
576,INV-H4-000576,H4-L00576-13,unresolved_service_mapping,mapping,Contract service schedule,CARDIAC physio SESS /CW-4455,Emergency Cardiac Physiotherapy Session|Outpatient Cardiac Physiotherapy Session,per_hour,2025-05-22,"Resolve the service from clinical/billing description evidence, not its billed price. An unlisted description has no established payable rate."
607,INV-H4-000607,,ambiguous_invoice_identifier,identifier,Contract section 11,,,,,Identify the intended record for each reused invoice ID; the submission key cannot distinguish both records.
609,INV-H4-000609,H4-L00609-09,ambiguous_contract_unit,compound_unit,"H4 sections 1.3, 3 and 4.4",INTERM - urol TELEM monit,Intermittent Urologic Telemetry Monitoring,per_hour_per_item,2025-06-17,"Clarify whether ""per hour, per item"" means item-hours, alternative rates, or separate quantities, and what the supplied quantity measures."
648,INV-H4-000648,H4-L00648-07,premium_quantity_unresolved,dependency,Contract section 5,ELECT - ophthalmic RADIOTHER fract /CW-9522,Elective Ophthalmic Radiotherapy Fraction,per_hour,2025-07-07,"Resolve all contributing quantities, mappings and dates for the patient/service/day."
648,INV-H4-000648,H4-L00648-07,unit_conversion_unresolved,unit,"H4 sections 1.3, 3 and 4.4",ELECT - ophthalmic RADIOTHER fract /CW-9522,Elective Ophthalmic Radiotherapy Fraction,per_hour,2025-07-07,Confirm the quantity on the contractual unit basis; do not assume a change of unit label leaves quantity unchanged.
658,INV-H4-000658,H4-L00658-13,ambiguous_contract_unit,compound_unit,"H4 sections 1.3, 3 and 4.4",INTERM - urol TELEM monit,Intermittent Urologic Telemetry Monitoring,per_hour_per_item,2025-07-19,"Clarify whether ""per hour, per item"" means item-hours, alternative rates, or separate quantities, and what the supplied quantity measures."
658,INV-H4-000658,H4-L00658-14,bundle_partner_unresolved,dependency,H4 section 7; H1 section 9,AMB paed CRIT cr OCCUPANCY /CW-5795,Ambulatory Paediatric Critical Care Occupancy,per_hour,2025-07-21,Resolve possible partner-service delivery for this patient and day.
658,INV-H4-000658,H4-L00658-19,exclusion_boundary_unresolved,boundary,H4 section 9; H1 section 10,gi NURS obs supv,Supervised Gastrointestinal Nursing Observation,per_night,2024-07-10,Clarify whether exactly N calendar days is inside the exclusion window.
658,INV-H4-000658,H4-L00658-02,unit_conversion_unresolved,unit,"H4 sections 1.3, 3 and 4.4",foc VASC infusion THER,Focused Vascular Infusion Therapy,per_day,2025-07-20,Confirm the quantity on the contractual unit basis; do not assume a change of unit label leaves quantity unchanged.
658,INV-H4-000658,H4-L00658-15,unresolved_service_mapping,mapping,Contract service schedule,RHEUM rehabilitation PROGRAMME /CW-4700,Ambulatory Rheumatologic Rehabilitation Programme|Emergency Rheumatologic Rehabilitation Programme,per_visit,2025-07-21,"Resolve the service from clinical/billing description evidence, not its billed price. An unlisted description has no established payable rate."
665,INV-H4-000665,H4-L00665-06,unresolved_service_mapping,mapping,Contract service schedule,card VENT support,Assisted Cardiac Ventilation Support|Specialist Cardiac Ventilation Support,per_hour,2025-07-25,"Resolve the service from clinical/billing description evidence, not its billed price. An unlisted description has no established payable rate."
678,INV-H4-000678,H4-L00678-08,invalid_service_date,date,Contract section 11,PREOP - musculoskeletal RECOV rm OCC,Preoperative Musculoskeletal Recovery Room Occupancy,per_night,2025-02-30,Obtain the valid service date. Do not substitute the invoice or admission date.
678,INV-H4-000678,H4-L00678-11,unresolved_service_mapping,mapping,Contract service schedule,CARDIAC physio SESS /CW-4455,Emergency Cardiac Physiotherapy Session|Outpatient Cardiac Physiotherapy Session,per_hour,2025-08-04,"Resolve the service from clinical/billing description evidence, not its billed price. An unlisted description has no established payable rate."
691,INV-H4-000691,H4-L00691-17,unit_conversion_unresolved,unit,"H4 sections 1.3, 3 and 4.4",foc UROLOGIC cs CONFERENCE,Focused Urologic Case Conference,per_procedure,2025-08-17,Confirm the quantity on the contractual unit basis; do not assume a change of unit label leaves quantity unchanged.
691,INV-H4-000691,H4-L00691-07,unresolved_service_mapping,mapping,Contract service schedule,RHEUM rehabilitation PROGRAMME /CW-4700,Ambulatory Rheumatologic Rehabilitation Programme|Emergency Rheumatologic Rehabilitation Programme,per_visit,2025-08-16,"Resolve the service from clinical/billing description evidence, not its billed price. An unlisted description has no established payable rate."
691,INV-H4-000691,H4-L00691-13,unresolved_service_mapping,mapping,Contract service schedule,amb WD bed OCC /CW-2964,Ambulatory Cardiac Ward Bed Occupancy|Ambulatory Immunologic Ward Bed Occupancy,per_day,2025-08-19,"Resolve the service from clinical/billing description evidence, not its billed price. An unlisted description has no established payable rate."
693,INV-H4-000693,H4-L00693-01,ambiguous_contract_unit,compound_unit,"H4 sections 1.3, 3 and 4.4",INTERM urologic TELEM monit /CW-6015,Intermittent Urologic Telemetry Monitoring,per_hour_per_item,2025-08-25,"Clarify whether ""per hour, per item"" means item-hours, alternative rates, or separate quantities, and what the supplied quantity measures."
693,INV-H4-000693,H4-L00693-16,duplicate_service_allocation_unresolved,allocation,Contract section 11,supp - ASSISTED renal NUTR /CW-6071,Assisted Renal Nutritional Support,per_unit_dispensed,2024-01-22,Confirm duplicate ownership and allocation; a deterministic sorting convention does not establish which charge is payable.
693,INV-H4-000693,H4-L00693-11,out_of_term_date,date,Contract term and section 11,interm - ONCOLOGY hm VST /CW-7658,Intermittent Oncology Home Visit,per_visit,2023-04-05,Confirm applicable contractual authority or corrected date for the out-of-term service.
700,INV-H4-000700,H4-L00700-08,daily_quantity_unresolved,dependency,Contract daily quantity caps,monit  POSTOPERATIVE otolaryngologic TELEMETRY,Postoperative Otolaryngologic Telemetry Monitoring,per_hour,2025-08-26,"Resolve all contributing quantities, mappings and dates for the patient/service/day."
700,INV-H4-000700,H4-L00700-06,invalid_service_date,date,Contract section 11,std - DIAL sess /CW-2606,Standard Paediatric Dialysis Session,per_procedure,31/02/2024,Obtain the valid service date. Do not substitute the invoice or admission date.
700,INV-H4-000700,H4-L00700-01,possible_unresolved_same_day_service,dependency,Contract section 11,elect  OBSTETRIC transf SVC /CW-6472,Elective Obstetric Transfusion Service,per_unit_dispensed,2025-08-26,Resolve possible same-patient/service/day occurrences before certifying a complete payable total.
700,INV-H4-000700,H4-L00700-02,possible_unresolved_same_day_service,dependency,Contract section 11,INTERM - rheum SESS /CW-7476,Intermittent Rheumatologic Dialysis Session,per_procedure,2025-08-26,Resolve possible same-patient/service/day occurrences before certifying a complete payable total.
700,INV-H4-000700,H4-L00700-03,possible_unresolved_same_day_service,dependency,Contract section 11,IMMUN - spclst /CW-9956,Specialist Immunologic Consultation,per_procedure,2025-08-26,Resolve possible same-patient/service/day occurrences before certifying a complete payable total.
700,INV-H4-000700,H4-L00700-04,possible_unresolved_same_day_service,dependency,Contract section 11,sess - SUPV rheum DIALYSIS,Supervised Rheumatologic Dialysis Session,per_visit,2025-08-26,Resolve possible same-patient/service/day occurrences before certifying a complete payable total.
700,INV-H4-000700,H4-L00700-07,possible_unresolved_same_day_service,dependency,Contract section 11,ASST - obst SPCM anly /CW-7565,Assisted Obstetric Specimen Analysis,per_test,2025-08-26,Resolve possible same-patient/service/day occurrences before certifying a complete payable total.
700,INV-H4-000700,H4-L00700-08,possible_unresolved_same_day_service,dependency,Contract section 11,monit  POSTOPERATIVE otolaryngologic TELEMETRY,Postoperative Otolaryngologic Telemetry Monitoring,per_hour,2025-08-26,Resolve possible same-patient/service/day occurrences before certifying a complete payable total.
700,INV-H4-000700,H4-L00700-05,unresolved_service_mapping,mapping,Contract service schedule,BEDS - oncology TRANSF /CW-9855,,per_procedure,2025-08-26,"Resolve the service from clinical/billing description evidence, not its billed price. An unlisted description has no established payable rate."
724,INV-H4-000724,H4-L00724-08,ambiguous_contract_unit,compound_unit,"H4 sections 1.3, 3 and 4.4",INTERM - urol TELEM monit,Intermittent Urologic Telemetry Monitoring,per_hour_per_item,2025-09-18,"Clarify whether ""per hour, per item"" means item-hours, alternative rates, or separate quantities, and what the supplied quantity measures."
724,INV-H4-000724,H4-L00724-15,ambiguous_contract_unit,compound_unit,"H4 sections 1.3, 3 and 4.4",INTERM  - urol TELEM monit /CW-1964,Intermittent Urologic Telemetry Monitoring,per_hour_per_item,2025-09-17,"Clarify whether ""per hour, per item"" means item-hours, alternative rates, or separate quantities, and what the supplied quantity measures."
724,INV-H4-000724,H4-L00724-17,out_of_term_date,date,Contract term and section 11,OCCUPANCY adv ONC wd BD,Advanced Oncology Ward Bed Occupancy,per_night,2023-05-05,Confirm applicable contractual authority or corrected date for the out-of-term service.
724,INV-H4-000724,H4-L00724-02,unresolved_service_mapping,mapping,Contract service schedule,hep - DISCHARGE plng /CW-2290,Extended Hepatic Discharge Planning|Specialist Hepatic Discharge Planning,per_procedure,2025-09-19,"Resolve the service from clinical/billing description evidence, not its billed price. An unlisted description has no established payable rate."
787,INV-H4-000607,,ambiguous_invoice_identifier,identifier,Contract section 11,,,,,Identify the intended record for each reused invoice ID; the submission key cannot distinguish both records.
795,INV-H4-000795,H4-L00795-11,ambiguous_contract_unit,compound_unit,"H4 sections 1.3, 3 and 4.4",MONIT  interm UROLOGIC telemetry /CW-1251,Intermittent Urologic Telemetry Monitoring,per_hour_per_item,2025-11-18,"Clarify whether ""per hour, per item"" means item-hours, alternative rates, or separate quantities, and what the supplied quantity measures."
795,INV-H4-000795,H4-L00795-05,daily_quantity_unresolved,dependency,Contract daily quantity caps,ASST  urol OBSERVATION /CW-2070,Assisted Urologic Nursing Observation,per_day,2025-11-18,"Resolve all contributing quantities, mappings and dates for the patient/service/day."
795,INV-H4-000795,H4-L00795-08,daily_quantity_unresolved,dependency,Contract daily quantity caps,PREOP - onc DIAGNOSTIC img /CW-1315,Preoperative Oncology Diagnostic Imaging,per_procedure,2025-11-18,"Resolve all contributing quantities, mappings and dates for the patient/service/day."
795,INV-H4-000795,H4-L00795-15,daily_quantity_unresolved,dependency,Contract daily quantity caps,ortho  - ANAES admin /CW-7356,Inpatient Orthopaedic Anaesthesia Administration,per_procedure,2025-11-18,"Resolve all contributing quantities, mappings and dates for the patient/service/day."
795,INV-H4-000795,H4-L00795-16,daily_quantity_unresolved,dependency,Contract daily quantity caps,IMMUN wd BD occ AMB,Ambulatory Immunologic Ward Bed Occupancy,per_day,2025-11-18,"Resolve all contributing quantities, mappings and dates for the patient/service/day."
795,INV-H4-000795,H4-L00795-17,daily_quantity_unresolved,dependency,Contract daily quantity caps,POSTOP  - rheumatologic NURSING observation /CW-6924,Postoperative Rheumatologic Nursing Observation,per_day,2025-11-18,"Resolve all contributing quantities, mappings and dates for the patient/service/day."
795,INV-H4-000795,H4-L00795-03,exclusion_trigger_unresolved,dependency,H4 section 9; H1 section 10,STD - ophth LAB pnl,Standard Ophthalmic Laboratory Panel,per_item,2025-11-18,Resolve possible trigger-service delivery and dates in the exclusion window.
795,INV-H4-000795,H4-L00795-09,exclusion_trigger_unresolved,dependency,H4 section 9; H1 section 10,compr - OPHTH lab PNL,Comprehensive Ophthalmic Laboratory Panel,per_test,2025-11-18,Resolve possible trigger-service delivery and dates in the exclusion window.
795,INV-H4-000795,H4-L00795-12,exclusion_trigger_unresolved,dependency,H4 section 9; H1 section 10,adv  - PAED thtr TM,Advanced Paediatric Theatre Time,per_hour,2025-11-18,Resolve possible trigger-service delivery and dates in the exclusion window.
795,INV-H4-000795,H4-L00795-01,possible_unresolved_same_day_service,dependency,Contract section 11,VST - supv PULMONARY /CW-3511,Supervised Pulmonary Home Visit,per_visit,2025-11-18,Resolve possible same-patient/service/day occurrences before certifying a complete payable total.
795,INV-H4-000795,H4-L00795-03,possible_unresolved_same_day_service,dependency,Contract section 11,STD - ophth LAB pnl,Standard Ophthalmic Laboratory Panel,per_item,2025-11-18,Resolve possible same-patient/service/day occurrences before certifying a complete payable total.
795,INV-H4-000795,H4-L00795-04,possible_unresolved_same_day_service,dependency,Contract section 11,ext - RHEUMATOLOGIC observation /CW-5150,Extended Rheumatologic Nursing Observation,per_night,2025-11-18,Resolve possible same-patient/service/day occurrences before certifying a complete payable total.
795,INV-H4-000795,H4-L00795-05,possible_unresolved_same_day_service,dependency,Contract section 11,ASST  urol OBSERVATION /CW-2070,Assisted Urologic Nursing Observation,per_day,2025-11-18,Resolve possible same-patient/service/day occurrences before certifying a complete payable total.
795,INV-H4-000795,H4-L00795-06,possible_unresolved_same_day_service,dependency,Contract section 11,sess  - STD paediatric DIAL /CW-3203,Standard Paediatric Dialysis Session,per_procedure,2025-11-18,Resolve possible same-patient/service/day occurrences before certifying a complete payable total.
795,INV-H4-000795,H4-L00795-07,possible_unresolved_same_day_service,dependency,Contract section 11,CARD physio SESS OUTPT,Outpatient Cardiac Physiotherapy Session,per_visit,2025-11-18,Resolve possible same-patient/service/day occurrences before certifying a complete payable total.
795,INV-H4-000795,H4-L00795-08,possible_unresolved_same_day_service,dependency,Contract section 11,PREOP - onc DIAGNOSTIC img /CW-1315,Preoperative Oncology Diagnostic Imaging,per_procedure,2025-11-18,Resolve possible same-patient/service/day occurrences before certifying a complete payable total.
795,INV-H4-000795,H4-L00795-09,possible_unresolved_same_day_service,dependency,Contract section 11,compr - OPHTH lab PNL,Comprehensive Ophthalmic Laboratory Panel,per_test,2025-11-18,Resolve possible same-patient/service/day occurrences before certifying a complete payable total.
795,INV-H4-000795,H4-L00795-10,possible_unresolved_same_day_service,dependency,Contract section 11,CONSULT intens PAED /CW-3137,Intensive Paediatric Consultation,per_visit,2025-11-18,Resolve possible same-patient/service/day occurrences before certifying a complete payable total.
795,INV-H4-000795,H4-L00795-11,possible_unresolved_same_day_service,dependency,Contract section 11,MONIT  interm UROLOGIC telemetry /CW-1251,Intermittent Urologic Telemetry Monitoring,per_hour_per_item,2025-11-18,Resolve possible same-patient/service/day occurrences before certifying a complete payable total.
795,INV-H4-000795,H4-L00795-12,possible_unresolved_same_day_service,dependency,Contract section 11,adv  - PAED thtr TM,Advanced Paediatric Theatre Time,per_hour,2025-11-18,Resolve possible same-patient/service/day occurrences before certifying a complete payable total.
795,INV-H4-000795,H4-L00795-14,possible_unresolved_same_day_service,dependency,Contract section 11,OCCUPANCY - advanced ONC wd BD /CW-2874,Advanced Oncology Ward Bed Occupancy,per_night,2025-11-18,Resolve possible same-patient/service/day occurrences before certifying a complete payable total.
795,INV-H4-000795,H4-L00795-15,possible_unresolved_same_day_service,dependency,Contract section 11,ortho  - ANAES admin /CW-7356,Inpatient Orthopaedic Anaesthesia Administration,per_procedure,2025-11-18,Resolve possible same-patient/service/day occurrences before certifying a complete payable total.
795,INV-H4-000795,H4-L00795-16,possible_unresolved_same_day_service,dependency,Contract section 11,IMMUN wd BD occ AMB,Ambulatory Immunologic Ward Bed Occupancy,per_day,2025-11-18,Resolve possible same-patient/service/day occurrences before certifying a complete payable total.
795,INV-H4-000795,H4-L00795-17,possible_unresolved_same_day_service,dependency,Contract section 11,POSTOP  - rheumatologic NURSING observation /CW-6924,Postoperative Rheumatologic Nursing Observation,per_day,2025-11-18,Resolve possible same-patient/service/day occurrences before certifying a complete payable total.
795,INV-H4-000795,H4-L00795-01,premium_quantity_unresolved,dependency,Contract section 5,VST - supv PULMONARY /CW-3511,Supervised Pulmonary Home Visit,per_visit,2025-11-18,"Resolve all contributing quantities, mappings and dates for the patient/service/day."
795,INV-H4-000795,H4-L00795-10,premium_quantity_unresolved,dependency,Contract section 5,CONSULT intens PAED /CW-3137,Intensive Paediatric Consultation,per_visit,2025-11-18,"Resolve all contributing quantities, mappings and dates for the patient/service/day."
795,INV-H4-000795,H4-L00795-02,unresolved_service_mapping,mapping,Contract service schedule,INTENS  neurological DIAG img /CW-9312,,per_hour,2025-11-18,"Resolve the service from clinical/billing description evidence, not its billed price. An unlisted description has no established payable rate."
795,INV-H4-000795,H4-L00795-13,unresolved_service_mapping,mapping,Contract service schedule,AMB haem ENDOSC proc /CW-9607,,per_procedure,2025-11-18,"Resolve the service from clinical/billing description evidence, not its billed price. An unlisted description has no established payable rate."
839,INV-H4-000431,,ambiguous_invoice_identifier,identifier,Contract section 11,,,,,Identify the intended record for each reused invoice ID; the submission key cannot distinguish both records.
839,INV-H4-000431,H4-L00839-08,exclusion_boundary_unresolved,boundary,H4 section 9; H1 section 10,supv  - GASTROINTESTINAL nurs OBS,Supervised Gastrointestinal Nursing Observation,per_night,2024-05-20,Clarify whether exactly N calendar days is inside the exclusion window.
