record_id,invoice_id,detected_errors,billed_total_cents,review_reasons,unresolved_line_count,unresolved_line_ids,known_lines_subtotal_NOT_expected_total_cents,resolution_status
3,INV-H4-000003,wrong_unit_basis,2990225,unit_conversion_unresolved,1,H4-L00003-11,2804725,not_submission_ready
6,INV-H4-000006,invoice_total_mismatch,640175,ambiguous_contract_unit,1,H4-L00006-02,408375,not_submission_ready
53,INV-H4-000053,unknown_service|wrong_unit_basis,3818450,bundle_partner_unresolved|daily_quantity_unresolved|exclusion_trigger_unresolved|possible_unresolved_same_day_service|unit_conversion_unresolved|unresolved_service_mapping,11,H4-L00053-01|H4-L00053-02|H4-L00053-03|H4-L00053-05|H4-L00053-07|H4-L00053-08|H4-L00053-09|H4-L00053-10|H4-L00053-12|H4-L00053-14|H4-L00053-15,1238675,not_submission_ready
73,INV-H4-000073,duplicate_invoice_id,1575625,ambiguous_invoice_identifier,0,,1575625,not_submission_ready
79,INV-H4-000079,duplicate_invoice_id|service_date_after_invoice_date|service_date_out_of_window,233850,ambiguous_invoice_identifier|out_of_term_date,2,H4-L00079-01|H4-L00079-04,144800,not_submission_ready
95,INV-H4-000095,line_total_arithmetic|wrong_unit_basis,1797350,unit_conversion_unresolved,1,H4-L00095-01,1395175,not_submission_ready
125,INV-H4-000125,unknown_service,2398750,bundle_partner_unresolved|daily_quantity_unresolved|exclusion_trigger_unresolved|possible_unresolved_same_day_service|premium_quantity_unresolved|unresolved_service_mapping,14,H4-L00125-01|H4-L00125-02|H4-L00125-03|H4-L00125-04|H4-L00125-05|H4-L00125-06|H4-L00125-07|H4-L00125-08|H4-L00125-09|H4-L00125-10|H4-L00125-11|H4-L00125-12|H4-L00125-13|H4-L00125-14,0,not_submission_ready
144,INV-H4-000144,contract_number_mismatch|premium_incorrectly_applied|unit_price_mismatch|unknown_service,3105319,discount_utilisation_unresolved|possible_unresolved_same_day_service|unresolved_service_mapping,5,H4-L00144-01|H4-L00144-04|H4-L00144-06|H4-L00144-07|H4-L00144-08,1171038,not_submission_ready
153,INV-H4-000153,malformed_service_date|unknown_service,3656250,exclusion_trigger_unresolved|invalid_service_date|possible_unresolved_same_day_service|premium_quantity_unresolved|unresolved_service_mapping,11,H4-L00153-01|H4-L00153-02|H4-L00153-03|H4-L00153-05|H4-L00153-06|H4-L00153-11|H4-L00153-12|H4-L00153-13|H4-L00153-14|H4-L00153-15|H4-L00153-17,1154675,not_submission_ready
157,INV-H4-000157,invoice_total_mismatch|unit_price_mismatch|volume_discount_omitted,1066600,unresolved_service_mapping,1,H4-L00157-03,963031,not_submission_ready
164,INV-H4-000164,contract_number_mismatch|malformed_service_date|premium_incorrectly_applied|unit_price_mismatch,2241308,invalid_service_date,1,H4-L00164-11,2103053,not_submission_ready
168,INV-H4-000168,wrong_unit_basis,2221715,exclusion_boundary_unresolved|premium_quantity_unresolved|unit_conversion_unresolved|unresolved_service_mapping,3,H4-L00168-02|H4-L00168-04|H4-L00168-14,1734775,not_submission_ready
196,INV-H4-000196,bundle_not_applied|premium_incorrectly_applied|unit_price_mismatch|wrong_unit_basis,2769483,unit_conversion_unresolved,1,H4-L00196-04,2468450,not_submission_ready
217,INV-H4-000217,bundle_not_applied|unit_price_mismatch|volume_discount_incorrectly_applied,2424724,ambiguous_contract_unit,1,H4-L00217-06,2589475,not_submission_ready
226,INV-H4-000226,line_total_arithmetic,941750,unresolved_service_mapping,1,H4-L00226-05,906275,not_submission_ready
235,INV-H4-000235,contract_number_mismatch,1538350,exclusion_boundary_unresolved,1,H4-L00235-06,1518150,not_submission_ready
247,INV-H4-000247,premium_incorrectly_applied|unit_price_mismatch,3224198,discount_utilisation_unresolved|unresolved_service_mapping,2,H4-L00247-09|H4-L00247-14,2491125,not_submission_ready
260,INV-H4-000260,line_total_arithmetic|service_date_out_of_window,1657025,out_of_term_date,1,H4-L00260-07,1316350,not_submission_ready
264,INV-H4-000264,duplicate_invoice_id,2802450,ambiguous_invoice_identifier|duplicate_service_allocation_unresolved,2,H4-L00264-08|H4-L00264-09,2711700,not_submission_ready
303,INV-H4-000079,duplicate_invoice_id,1486726,ambiguous_invoice_identifier,0,,1486726,not_submission_ready
309,INV-H4-000309,cross_invoice_duplicate|unknown_service,3550818,bundle_partner_unresolved|duplicate_service_allocation_unresolved|exclusion_trigger_unresolved|possible_unresolved_same_day_service|unresolved_service_mapping,6,H4-L00309-01|H4-L00309-06|H4-L00309-08|H4-L00309-10|H4-L00309-12|H4-L00309-14,2118418,not_submission_ready
418,INV-H4-000264,duplicate_invoice_id|premium_incorrectly_applied|unit_price_mismatch,4696974,ambiguous_contract_unit|ambiguous_invoice_identifier,1,H4-L00418-14,4576590,not_submission_ready
431,INV-H4-000431,duplicate_invoice_id,824750,ambiguous_invoice_identifier,0,,824750,not_submission_ready
445,INV-H4-000445,service_date_after_invoice_date|service_date_out_of_window,3669725,out_of_term_date,1,H4-L00445-09,3658275,not_submission_ready
458,INV-H4-000458,cross_invoice_duplicate,1395600,daily_quantity_unresolved|duplicate_service_allocation_unresolved|exclusion_trigger_unresolved|possible_unresolved_same_day_service|premium_quantity_unresolved|unresolved_service_mapping,7,H4-L00458-02|H4-L00458-03|H4-L00458-04|H4-L00458-06|H4-L00458-08|H4-L00458-09|H4-L00458-10,158700,not_submission_ready
473,INV-H4-000473,cross_invoice_duplicate|wrong_unit_basis,2150500,duplicate_service_allocation_unresolved|exclusion_boundary_unresolved|premium_quantity_unresolved|unit_conversion_unresolved,3,H4-L00473-03|H4-L00473-07|H4-L00473-08,865125,not_submission_ready
483,INV-H4-000483,daily_cap_exceeded|invoice_total_mismatch|unit_price_mismatch|volume_discount_omitted,1702575,unresolved_service_mapping,1,H4-L00483-06,1405940,not_submission_ready
504,INV-H4-000504,contract_number_mismatch|invoice_total_mismatch|wrong_unit_basis,995875,unit_conversion_unresolved,1,H4-L00504-11,839625,not_submission_ready
517,INV-H4-000073,duplicate_invoice_id,1732300,ambiguous_invoice_identifier|unresolved_service_mapping,1,H4-L00517-04,1593250,not_submission_ready
528,INV-H4-000528,bundle_not_applied|malformed_service_date|unit_price_mismatch|volume_discount_omitted,4855400,invalid_service_date,1,H4-L00528-13,4770780,not_submission_ready
541,INV-H4-000541,wrong_unit_basis,508925,unit_conversion_unresolved,1,H4-L00541-03,502625,not_submission_ready
576,INV-H4-000576,daily_cap_exceeded|malformed_service_date,5976355,bundle_partner_unresolved|exclusion_trigger_unresolved|invalid_service_date|unresolved_service_mapping,4,H4-L00576-03|H4-L00576-05|H4-L00576-13|H4-L00576-14,5219530,not_submission_ready
607,INV-H4-000607,duplicate_invoice_id,2023725,ambiguous_invoice_identifier,0,,2023725,not_submission_ready
609,INV-H4-000609,daily_cap_exceeded,5398250,ambiguous_contract_unit,1,H4-L00609-09,4803725,not_submission_ready
648,INV-H4-000648,unit_price_mismatch|volume_discount_omitted|wrong_unit_basis,1874237,premium_quantity_unresolved|unit_conversion_unresolved,1,H4-L00648-07,1390543,not_submission_ready
658,INV-H4-000658,unit_price_mismatch|wrong_unit_basis,3976687,ambiguous_contract_unit|bundle_partner_unresolved|exclusion_boundary_unresolved|unit_conversion_unresolved|unresolved_service_mapping,5,H4-L00658-02|H4-L00658-13|H4-L00658-14|H4-L00658-15|H4-L00658-19,2665850,not_submission_ready
665,INV-H4-000665,bundle_not_applied|premium_omitted|unit_price_mismatch,3833775,unresolved_service_mapping,1,H4-L00665-06,3728935,not_submission_ready
678,INV-H4-000678,malformed_service_date|service_date_after_invoice_date,3039017,invalid_service_date|unresolved_service_mapping,2,H4-L00678-08|H4-L00678-11,2481567,not_submission_ready
691,INV-H4-000691,bundle_not_applied|service_date_after_invoice_date|unit_price_mismatch|wrong_unit_basis,4074340,unit_conversion_unresolved|unresolved_service_mapping,3,H4-L00691-07|H4-L00691-13|H4-L00691-17,3418840,not_submission_ready
693,INV-H4-000693,cross_invoice_duplicate|service_date_out_of_window,1856825,ambiguous_contract_unit|duplicate_service_allocation_unresolved|out_of_term_date,3,H4-L00693-01|H4-L00693-11|H4-L00693-16,1575150,not_submission_ready
700,INV-H4-000700,malformed_service_date|unknown_service,1300625,daily_quantity_unresolved|invalid_service_date|possible_unresolved_same_day_service|unresolved_service_mapping,8,H4-L00700-01|H4-L00700-02|H4-L00700-03|H4-L00700-04|H4-L00700-05|H4-L00700-06|H4-L00700-07|H4-L00700-08,0,not_submission_ready
724,INV-H4-000724,bundle_not_applied|service_date_out_of_window|unit_price_mismatch,3060765,ambiguous_contract_unit|out_of_term_date|unresolved_service_mapping,4,H4-L00724-02|H4-L00724-08|H4-L00724-15|H4-L00724-17,2647790,not_submission_ready
787,INV-H4-000607,duplicate_invoice_id,1108400,ambiguous_invoice_identifier,0,,1108400,not_submission_ready
795,INV-H4-000795,unknown_service,5008875,ambiguous_contract_unit|daily_quantity_unresolved|exclusion_trigger_unresolved|possible_unresolved_same_day_service|premium_quantity_unresolved|unresolved_service_mapping,17,H4-L00795-01|H4-L00795-02|H4-L00795-03|H4-L00795-04|H4-L00795-05|H4-L00795-06|H4-L00795-07|H4-L00795-08|H4-L00795-09|H4-L00795-10|H4-L00795-11|H4-L00795-12|H4-L00795-13|H4-L00795-14|H4-L00795-15|H4-L00795-16|H4-L00795-17,0,not_submission_ready
839,INV-H4-000431,duplicate_invoice_id,1837700,ambiguous_invoice_identifier|exclusion_boundary_unresolved,1,H4-L00839-08,1367225,not_submission_ready
