category,invoices_evaluated,tp,fp,fn,precision,recall
bundle_not_applied,908,0,0,5,,0.0
contract_number_mismatch,908,4,0,0,1.0,1.0
cross_invoice_duplicate,908,0,0,4,,0.0
daily_cap_exceeded,908,0,0,4,,0.0
exclusion_window_violation,908,0,0,3,,0.0
invoice_total_mismatch,908,6,0,0,1.0,1.0
line_total_arithmetic,908,6,0,0,1.0,1.0
malformed_service_date,908,6,0,0,1.0,1.0
premium_incorrectly_applied,908,0,0,6,,0.0
premium_omitted,908,0,0,3,,0.0
service_date_after_invoice_date,908,5,2,0,0.7142857142857143,1.0
service_date_out_of_window,908,5,0,0,1.0,1.0
unit_price_mismatch,908,3,0,7,1.0,0.3
unknown_service,908,0,0,12,,0.0
volume_discount_incorrectly_applied,908,0,0,4,,0.0
volume_discount_omitted,908,0,0,4,,0.0
weekend_rate_mismatch,908,0,2,0,0.0,
wrong_unit_basis,908,9,0,1,1.0,0.9
