invoice_id,error_categories,record_id,invoice_date,invoice_total_cents,line_id,service_date,description,contract_service,mapping_status,unit_basis_as_billed,expected_unit_basis,unit_price_cents,base_rate_cents,expected_checked_unit_price_cents,price_check_status
INV-H1-000015,daily_cap_exceeded,15,2024-01-26,1284475,H1-L00015-01,2024-01-19,Focused Immun Physiotherapy Sess,Focused Immunologic Physiotherapy Session,mapped_explicit_terms,per_hour,per_hour,3300,3300,3300,base_rate_checked
INV-H1-000015,daily_cap_exceeded,15,2024-01-26,1284475,H1-L00015-02,2024-01-15,Obs Cont Card Nursing,Continuous Cardiac Nursing Observation,mapped_explicit_terms,per_hour,per_hour,9875,9875,9875,base_rate_checked
INV-H1-000015,daily_cap_exceeded,15,2024-01-26,1284475,H1-L00015-03,2024-01-19,Extended Ren Transp,Extended Renal Transport Service,mapped_explicit_terms,per_item,per_item,25650,25650,25650,base_rate_checked
INV-H1-000015,daily_cap_exceeded,15,2024-01-26,1284475,H1-L00015-04,2024-01-18,Continuous Immun Theatre Time /NG-4759,Continuous Immunologic Theatre Time,mapped_explicit_terms,per_hour,per_hour,20975,20975,,needs_adjustment_or_mapping_review
INV-H1-000015,daily_cap_exceeded,15,2024-01-26,1284475,H1-L00015-05,2024-01-19,Amb Infectious Visit,Ambulatory Infectious Home Visit,mapped_explicit_terms,per_visit,per_visit,8225,8225,8225,base_rate_checked
INV-H1-000015,daily_cap_exceeded,15,2024-01-26,1284475,H1-L00015-06,2024-01-18,Adv Card Recov Rm,Advanced Cardiac Recovery Room Occupancy,mapped_explicit_terms,per_hour,per_hour,20000,20000,,needs_adjustment_or_mapping_review
INV-H1-000015,daily_cap_exceeded,15,2024-01-26,1284475,H1-L00015-07,2024-01-19,Advanced Metab Anaes,Advanced Metabolic Anaesthesia Administration,mapped_explicit_terms,per_hour,per_hour,9200,9200,,needs_adjustment_or_mapping_review
INV-H1-000015,daily_cap_exceeded,15,2024-01-26,1284475,H1-L00015-08,2024-01-19,Advanced Critical Cr Occupancy,,needs_review,per_day,,70925,,,needs_adjustment_or_mapping_review
INV-H1-000015,daily_cap_exceeded,15,2024-01-26,1284475,H1-L00015-09,2024-01-18,Beds Pulmonary Biop Proc,Bedside Pulmonary Biopsy Procedure,mapped_explicit_terms,per_procedure,per_procedure,316825,316825,316825,base_rate_checked
INV-H1-000015,daily_cap_exceeded,15,2024-01-26,1284475,H1-L00015-10,2024-01-18,Ophth Cs Conf Intens,Intensive Ophthalmic Case Conference,mapped_explicit_terms,per_hour,per_hour,21875,21875,,needs_adjustment_or_mapping_review
INV-H1-000015,daily_cap_exceeded,15,2024-01-26,1284475,H1-L00015-11,2024-01-20,Adv Rheumatologic Lab Panel,Advanced Rheumatologic Laboratory Panel,mapped_explicit_terms,per_test,per_test,14775,14775,,needs_adjustment_or_mapping_review
INV-H1-000015,daily_cap_exceeded,15,2024-01-26,1284475,H1-L00015-12,2024-01-18,Compr - Urologic Transport Service,Comprehensive Urologic Transport Service,mapped_explicit_terms,per_visit,per_visit,42750,42750,42750,base_rate_checked
INV-H1-000015,daily_cap_exceeded,15,2024-01-26,1284475,H1-L00015-13,2024-01-15,Programme Interm Pulmonary Rehab,Intermittent Pulmonary Rehabilitation Programme,mapped_explicit_terms,per_visit,per_visit,13450,13450,,needs_adjustment_or_mapping_review
INV-H1-000049,daily_cap_exceeded|premium_incorrectly_applied,49,2024-02-26,2866210,H1-L00049-01,2024-02-19,Observation Cont Nurs,,needs_review,per_hour,,9875,,,needs_adjustment_or_mapping_review
INV-H1-000049,daily_cap_exceeded|premium_incorrectly_applied,49,2024-02-26,2866210,H1-L00049-02,2024-02-17,Cont Pulmonary Wnd Cr,Continuous Pulmonary Wound Care,mapped_explicit_terms,per_day,per_day,144900,144900,144900,base_rate_checked
INV-H1-000049,daily_cap_exceeded|premium_incorrectly_applied,49,2024-02-26,2866210,H1-L00049-03,2024-02-15,Visit Amb Hm,,needs_review,per_visit,,8225,,,needs_adjustment_or_mapping_review
INV-H1-000049,daily_cap_exceeded|premium_incorrectly_applied,49,2024-02-26,2866210,H1-L00049-04,2024-02-18,Compr Onc Nurs Observation,Comprehensive Oncology Nursing Observation,mapped_explicit_terms,per_hour,per_hour,8475,8475,,needs_adjustment_or_mapping_review
INV-H1-000049,daily_cap_exceeded|premium_incorrectly_applied,49,2024-02-26,2866210,H1-L00049-05,2024-02-18,Interm Pulm Rehab Prog,Intermittent Pulmonary Rehabilitation Programme,mapped_explicit_terms,per_visit,per_visit,13450,13450,,needs_adjustment_or_mapping_review
INV-H1-000049,daily_cap_exceeded|premium_incorrectly_applied,49,2024-02-26,2866210,H1-L00049-06,2024-02-20,Supv Ent Steril Svc,Supervised Otolaryngologic Sterilisation Service,mapped_explicit_terms,per_item,per_item,24200,24200,,needs_adjustment_or_mapping_review
INV-H1-000049,daily_cap_exceeded|premium_incorrectly_applied,49,2024-02-26,2866210,H1-L00049-07,2024-02-14,Care Extended Ger Wound,Extended Geriatric Wound Care,mapped_explicit_terms,per_item,per_item,8585,10100,,needs_adjustment_or_mapping_review
INV-H1-000049,daily_cap_exceeded|premium_incorrectly_applied,49,2024-02-26,2866210,H1-L00049-08,2024-02-18,Preoperative - Immun Endoscopic Procedure,Preoperative Immunologic Endoscopic Procedure,mapped_explicit_terms,per_procedure,per_procedure,151975,151975,,needs_adjustment_or_mapping_review
INV-H1-000049,daily_cap_exceeded|premium_incorrectly_applied,49,2024-02-26,2866210,H1-L00049-09,2024-02-18,Spclst Otolaryngologic Pharm Disp,Specialist Otolaryngologic Pharmaceutical Dispensing,mapped_explicit_terms,per_unit_dispensed,per_unit_dispensed,1425,1425,1425,base_rate_checked
INV-H1-000049,daily_cap_exceeded|premium_incorrectly_applied,49,2024-02-26,2866210,H1-L00049-10,2024-02-18,Compr - Psych Transf Svc,Comprehensive Psychiatric Transfusion Service,mapped_explicit_terms,per_procedure,per_procedure,383650,383650,383650,base_rate_checked
INV-H1-000049,daily_cap_exceeded|premium_incorrectly_applied,49,2024-02-26,2866210,H1-L00049-11,2024-02-17,Continuous - Obst Rehab Programme,Continuous Obstetric Rehabilitation Programme,mapped_explicit_terms,per_day,per_day,112400,112400,112400,base_rate_checked
INV-H1-000049,daily_cap_exceeded|premium_incorrectly_applied,49,2024-02-26,2866210,H1-L00049-12,2024-02-14,Visit Amb Hm,,needs_review,per_visit,,8225,,,needs_adjustment_or_mapping_review
INV-H1-000049,daily_cap_exceeded|premium_incorrectly_applied,49,2024-02-26,2866210,H1-L00049-13,2024-02-19,Asst Urologic Home Vst,Assisted Urologic Home Visit,mapped_explicit_terms,per_visit,per_visit,13625,13625,13625,base_rate_checked
INV-H1-000049,daily_cap_exceeded|premium_incorrectly_applied,49,2024-02-26,2866210,H1-L00049-14,2024-02-17,Prog Emergency Ortho Rehabilitation /NG-5611,Emergency Orthopaedic Rehabilitation Programme,mapped_explicit_terms,per_visit,per_visit,28950,28950,28950,base_rate_checked
INV-H1-000049,daily_cap_exceeded|premium_incorrectly_applied,49,2024-02-26,2866210,H1-L00049-15,2024-02-14,Psych Rehab Prog Rtn,Routine Psychiatric Rehabilitation Programme,mapped_explicit_terms,per_day,per_day,90625,72500,,needs_adjustment_or_mapping_review
INV-H1-000102,unit_price_mismatch|volume_discount_incorrectly_applied,102,2024-04-05,2736250,H1-L00102-01,2024-03-30,Outpt Metab Radiother Fract,Outpatient Metabolic Radiotherapy Fraction,mapped_explicit_terms,per_item,per_item,22775,22775,22775,base_rate_checked
INV-H1-000102,unit_price_mismatch|volume_discount_incorrectly_applied,102,2024-04-05,2736250,H1-L00102-02,2024-03-29,Ext Pall Lab Panel,Extended Palliative Laboratory Panel,mapped_explicit_terms,per_test,per_test,17850,17850,,needs_adjustment_or_mapping_review
INV-H1-000102,unit_price_mismatch|volume_discount_incorrectly_applied,102,2024-04-05,2736250,H1-L00102-03,2024-03-29,Interm - Diag Img /NG-6221,,needs_review,per_procedure,,197700,,,needs_adjustment_or_mapping_review
INV-H1-000102,unit_price_mismatch|volume_discount_incorrectly_applied,102,2024-04-05,2736250,H1-L00102-04,2024-03-29,Specialist - Otolaryngologic Pharm Disp /NG-4235,Specialist Otolaryngologic Pharmaceutical Dispensing,mapped_explicit_terms,per_unit_dispensed,per_unit_dispensed,1425,1425,1425,base_rate_checked
INV-H1-000102,unit_price_mismatch|volume_discount_incorrectly_applied,102,2024-04-05,2736250,H1-L00102-05,2024-03-29,Pulm Wnd Cr Cont,Continuous Pulmonary Wound Care,mapped_explicit_terms,per_day,per_day,144900,144900,144900,base_rate_checked
INV-H1-000102,unit_price_mismatch|volume_discount_incorrectly_applied,102,2024-04-05,2736250,H1-L00102-06,2024-03-30,Occupancy - Spclst Neurological Recovery Rm /NG-4948,Specialist Neurological Recovery Room Occupancy,mapped_explicit_terms,per_hour,per_hour,20020,15400,,needs_adjustment_or_mapping_review
INV-H1-000102,unit_price_mismatch|volume_discount_incorrectly_applied,102,2024-04-05,2736250,H1-L00102-07,2024-03-30,Preoperative - Immun Endoscopic Procedure,Preoperative Immunologic Endoscopic Procedure,mapped_explicit_terms,per_procedure,per_procedure,121580,151975,,needs_adjustment_or_mapping_review
INV-H1-000102,unit_price_mismatch|volume_discount_incorrectly_applied,102,2024-04-05,2736250,H1-L00102-08,2024-03-30,Immun Wd Bd Occ Amb,Ambulatory Immunologic Ward Bed Occupancy,mapped_explicit_terms,per_day,per_day,87250,87250,87250,base_rate_checked
INV-H1-000102,unit_price_mismatch|volume_discount_incorrectly_applied,102,2024-04-05,2736250,H1-L00102-09,2024-03-29,Assisted Gi Inf Ther /NG-8862,Assisted Gastrointestinal Infusion Therapy,mapped_explicit_terms,per_hour,per_hour,8925,8925,8925,base_rate_checked
INV-H1-000102,unit_price_mismatch|volume_discount_incorrectly_applied,102,2024-04-05,2736250,H1-L00102-10,2024-03-29,Intens Gastrointestinal Isolation Rm Occupancy,Intensive Gastrointestinal Isolation Room Occupancy,mapped_explicit_terms,per_night,per_night,141438,160725,,needs_adjustment_or_mapping_review
INV-H1-000102,unit_price_mismatch|volume_discount_incorrectly_applied,102,2024-04-05,2736250,H1-L00102-11,2024-03-30,Ophth Radiother Fract Postop,Postoperative Ophthalmic Radiotherapy Fraction,mapped_explicit_terms,per_procedure,per_procedure,516656,413325,,needs_adjustment_or_mapping_review
INV-H1-000132,bundle_not_applied|unknown_service,132,2024-04-30,2536783,H1-L00132-01,2024-04-23,Support Intens Geriatric Nutritional,Intensive Geriatric Nutritional Support,mapped_explicit_terms,per_unit_dispensed,per_unit_dispensed,4275,4275,4275,base_rate_checked
INV-H1-000132,bundle_not_applied|unknown_service,132,2024-04-30,2536783,H1-L00132-02,2024-04-23,Advanced Card Recov Rm Occ,Advanced Cardiac Recovery Room Occupancy,mapped_explicit_terms,per_hour,per_hour,20000,20000,,needs_adjustment_or_mapping_review
INV-H1-000132,bundle_not_applied|unknown_service,132,2024-04-30,2536783,H1-L00132-03,2024-04-23,Rtn Cardiac Specimen,Routine Cardiac Specimen Analysis,mapped_explicit_terms,per_item,per_item,23350,23350,,needs_adjustment_or_mapping_review
INV-H1-000132,bundle_not_applied|unknown_service,132,2024-04-30,2536783,H1-L00132-04,2024-04-23,Compr Infectious Nursing,Comprehensive Infectious Nursing Observation,mapped_explicit_terms,per_day,per_day,152843,169825,,needs_adjustment_or_mapping_review
INV-H1-000132,bundle_not_applied|unknown_service,132,2024-04-30,2536783,H1-L00132-05,2024-04-23,Programme  Rtn Psych Rehab /NG-3241,Routine Psychiatric Rehabilitation Programme,mapped_explicit_terms,per_day,per_day,72500,72500,,needs_adjustment_or_mapping_review
INV-H1-000132,bundle_not_applied|unknown_service,132,2024-04-30,2536783,H1-L00132-06,2024-04-23,Amb Pulm Recov Rm Occupancy,Ambulatory Pulmonary Recovery Room Occupancy,mapped_explicit_terms,per_night,per_night,101543,112825,,needs_adjustment_or_mapping_review
INV-H1-000132,bundle_not_applied|unknown_service,132,2024-04-30,2536783,H1-L00132-07,2024-04-23,Postoperative - Ophth Radiother Fract /NG-1408,Postoperative Ophthalmic Radiotherapy Fraction,mapped_explicit_terms,per_procedure,per_procedure,413325,413325,,needs_adjustment_or_mapping_review
INV-H1-000132,bundle_not_applied|unknown_service,132,2024-04-30,2536783,H1-L00132-08,2024-04-23,Session  Interm Hep Dial,,needs_review,per_night,,150450,,,needs_adjustment_or_mapping_review
INV-H1-000132,bundle_not_applied|unknown_service,132,2024-04-30,2536783,H1-L00132-09,2024-04-23,Comprehensive - Onc Nurs Obs,Comprehensive Oncology Nursing Observation,mapped_explicit_terms,per_hour,per_hour,8475,8475,,needs_adjustment_or_mapping_review
INV-H1-000132,bundle_not_applied|unknown_service,132,2024-04-30,2536783,H1-L00132-10,2024-04-23,Psych Dial Sess Beds,Bedside Psychiatric Dialysis Session,mapped_explicit_terms,per_visit,per_visit,20575,20575,20575,base_rate_checked
INV-H1-000151,unit_price_mismatch,151,2024-05-13,2953392,H1-L00151-01,2024-05-11,Amb Pulm Recov Rm Occupancy,Ambulatory Pulmonary Recovery Room Occupancy,mapped_explicit_terms,per_night,per_night,304629,112825,,needs_adjustment_or_mapping_review
INV-H1-000151,unit_price_mismatch,151,2024-05-13,2953392,H1-L00151-02,2024-05-07,Preoperative - Immun Endoscopic Procedure,Preoperative Immunologic Endoscopic Procedure,mapped_explicit_terms,per_procedure,per_procedure,133738,151975,,needs_adjustment_or_mapping_review
INV-H1-000151,unit_price_mismatch,151,2024-05-13,2953392,H1-L00151-03,2024-05-07,Advanced Haem Physiotherapy Session,Advanced Haematology Physiotherapy Session,mapped_explicit_terms,per_hour,per_hour,10150,10150,10150,base_rate_checked
INV-H1-000151,unit_price_mismatch,151,2024-05-13,2953392,H1-L00151-04,2024-05-09,Programme Extended Vascular Rehab,Extended Vascular Rehabilitation Programme,mapped_explicit_terms,per_day,per_day,65400,65400,65400,base_rate_checked
INV-H1-000151,unit_price_mismatch,151,2024-05-13,2953392,H1-L00151-05,2024-05-10,Session Inpatient Endo Dial,Inpatient Endocrine Dialysis Session,mapped_explicit_terms,per_procedure,per_procedure,81750,81750,81750,base_rate_checked
INV-H1-000151,unit_price_mismatch,151,2024-05-13,2953392,H1-L00151-06,2024-05-11,Extended Metab Isolation Room Occupancy,Extended Metabolic Isolation Room Occupancy,mapped_explicit_terms,per_night,per_night,87300,87300,87300,base_rate_checked
INV-H1-000151,unit_price_mismatch,151,2024-05-13,2953392,H1-L00151-07,2024-05-10,Ambulatory  Pulm Recov Rm Occupancy /NG-9869,Ambulatory Pulmonary Recovery Room Occupancy,mapped_explicit_terms,per_night,per_night,101543,112825,,needs_adjustment_or_mapping_review
INV-H1-000151,unit_price_mismatch,151,2024-05-13,2953392,H1-L00151-08,2024-05-08,Intensive Gi Isolation Rm Occ,Intensive Gastrointestinal Isolation Room Occupancy,mapped_explicit_terms,per_night,per_night,141438,160725,,needs_adjustment_or_mapping_review
INV-H1-000231,cross_invoice_duplicate,231,2024-07-19,1991725,H1-L00231-01,2024-07-12,Preop - Geriatric Ventilation Supp,Preoperative Geriatric Ventilation Support,mapped_explicit_terms,per_hour,per_hour,8250,6875,,needs_adjustment_or_mapping_review
INV-H1-000231,cross_invoice_duplicate,231,2024-07-19,1991725,H1-L00231-02,2024-07-17,Std Psychiatric Endosc Procedure /NG-5963,Standard Psychiatric Endoscopic Procedure,mapped_explicit_terms,per_procedure,per_procedure,242225,242225,242225,base_rate_checked
INV-H1-000231,cross_invoice_duplicate,231,2024-07-19,1991725,H1-L00231-03,2024-07-13,Extended Metabolic Isol Rm Occupancy /NG-9372,Extended Metabolic Isolation Room Occupancy,mapped_explicit_terms,per_night,per_night,87300,87300,87300,base_rate_checked
INV-H1-000231,cross_invoice_duplicate,231,2024-07-19,1991725,H1-L00231-04,2024-07-12,Supervised  Ren Isol Room Occ,Supervised Renal Isolation Room Occupancy,mapped_explicit_terms,per_night,per_night,164500,164500,164500,base_rate_checked
INV-H1-000231,cross_invoice_duplicate,231,2024-07-19,1991725,H1-L00231-05,2024-07-16,Asst - Gi Inf Therapy /NG-1139,Assisted Gastrointestinal Infusion Therapy,mapped_explicit_terms,per_hour,per_hour,8925,8925,8925,base_rate_checked
INV-H1-000231,cross_invoice_duplicate,231,2024-07-19,1991725,H1-L00231-06,2024-07-12,Rtn Palliative Critical Cr Occupancy,Routine Palliative Critical Care Occupancy,mapped_explicit_terms,per_night,per_night,96975,96975,96975,base_rate_checked
INV-H1-000231,cross_invoice_duplicate,231,2024-07-19,1991725,H1-L00231-07,2024-03-12,Svc Preop Ent Steril,Preoperative Otolaryngologic Sterilisation Service,mapped_explicit_terms,per_procedure,per_procedure,134725,134725,134725,base_rate_checked
INV-H1-000271,bundle_not_applied,271,2024-08-25,5139791,H1-L00271-01,2024-08-18,Intens Gi Isolation Room Occupancy /NG-9835,Intensive Gastrointestinal Isolation Room Occupancy,mapped_explicit_terms,per_night,per_night,112508,160725,,needs_adjustment_or_mapping_review
INV-H1-000271,bundle_not_applied,271,2024-08-25,5139791,H1-L00271-02,2024-08-19,Emer Ortho Rehabilitation Prog,Emergency Orthopaedic Rehabilitation Programme,mapped_explicit_terms,per_visit,per_visit,28950,28950,28950,base_rate_checked
INV-H1-000271,bundle_not_applied,271,2024-08-25,5139791,H1-L00271-03,2024-08-18,Observation Cont Nurs,,needs_review,per_hour,,9875,,,needs_adjustment_or_mapping_review
INV-H1-000271,bundle_not_applied,271,2024-08-25,5139791,H1-L00271-04,2024-08-16,Assisted Infect Disch Planning /NG-1542,Assisted Infectious Discharge Planning,mapped_explicit_terms,per_hour,per_hour,8875,8875,8875,weekend_rule_checked
INV-H1-000271,bundle_not_applied,271,2024-08-25,5139791,H1-L00271-05,2024-08-19,Extended Metabolic Isol Rm Occupancy /NG-9372,Extended Metabolic Isolation Room Occupancy,mapped_explicit_terms,per_night,per_night,87300,87300,87300,base_rate_checked
INV-H1-000271,bundle_not_applied,271,2024-08-25,5139791,H1-L00271-06,2024-08-17,Rtn Immun Ward Bed Occupancy,Routine Immunologic Ward Bed Occupancy,mapped_explicit_terms,per_night,per_night,215875,215875,,needs_adjustment_or_mapping_review
INV-H1-000271,bundle_not_applied,271,2024-08-25,5139791,H1-L00271-07,2024-08-17,Specialist Ent Pharmaceutical Dispensing,Specialist Otolaryngologic Pharmaceutical Dispensing,mapped_explicit_terms,per_unit_dispensed,per_unit_dispensed,1425,1425,1425,base_rate_checked
INV-H1-000271,bundle_not_applied,271,2024-08-25,5139791,H1-L00271-08,2024-08-17,Proc Std Psychiatric Endosc /NG-2345,Standard Psychiatric Endoscopic Procedure,mapped_explicit_terms,per_procedure,per_procedure,242225,242225,242225,base_rate_checked
INV-H1-000271,bundle_not_applied,271,2024-08-25,5139791,H1-L00271-09,2024-08-17,Ambulatory - Card Home Vst,Ambulatory Cardiac Home Visit,mapped_explicit_terms,per_visit,per_visit,28425,28425,28425,base_rate_checked
INV-H1-000271,bundle_not_applied,271,2024-08-25,5139791,H1-L00271-10,2024-08-19,Imaging Interm Rheum Diagnostic,Intermittent Rheumatologic Diagnostic Imaging,mapped_explicit_terms,per_procedure,per_procedure,197700,197700,197700,base_rate_checked
INV-H1-000271,bundle_not_applied,271,2024-08-25,5139791,H1-L00271-11,2024-08-18,Supervised Msk Dialysis Sess,Supervised Musculoskeletal Dialysis Session,mapped_explicit_terms,per_visit,per_visit,39368,35150,39368,weekend_rule_checked
INV-H1-000271,bundle_not_applied,271,2024-08-25,5139791,H1-L00271-12,2024-08-18,Cont Msk Wound Cr,Continuous Musculoskeletal Wound Care,mapped_explicit_terms,per_day,per_day,36800,36800,,needs_adjustment_or_mapping_review
INV-H1-000271,bundle_not_applied,271,2024-08-25,5139791,H1-L00271-13,2024-08-16,Ext Vasc Rehabilitation Prog,Extended Vascular Rehabilitation Programme,mapped_explicit_terms,per_day,per_day,65400,65400,65400,base_rate_checked
INV-H1-000271,bundle_not_applied,271,2024-08-25,5139791,H1-L00271-14,2024-08-16,Specialist Paediatric Biop Proc /NG-5601,Specialist Paediatric Biopsy Procedure,mapped_explicit_terms,per_procedure,per_procedure,257325,257325,257325,base_rate_checked
INV-H1-000271,bundle_not_applied,271,2024-08-25,5139791,H1-L00271-15,2024-08-18,Amb Msk Wd Bd Occupancy /NG-3394,Ambulatory Musculoskeletal Ward Bed Occupancy,mapped_explicit_terms,per_night,per_night,154575,154575,154575,base_rate_checked
INV-H1-000271,bundle_not_applied,271,2024-08-25,5139791,H1-L00271-16,2024-08-19,Occ - Postoperative Metabolic Critical Care,Postoperative Metabolic Critical Care Occupancy,mapped_explicit_terms,per_night,per_night,59700,59700,59700,base_rate_checked
INV-H1-000271,bundle_not_applied,271,2024-08-25,5139791,H1-L00271-17,2024-08-19,Assisted  Urol Hm Vst,Assisted Urologic Home Visit,mapped_explicit_terms,per_visit,per_visit,13625,13625,13625,base_rate_checked
INV-H1-000271,bundle_not_applied,271,2024-08-25,5139791,H1-L00271-18,2024-08-19,Conference Amb Ophth Cs /NG-9862,Ambulatory Ophthalmic Case Conference,mapped_explicit_terms,per_visit,per_visit,16925,16925,,needs_adjustment_or_mapping_review
INV-H1-000271,bundle_not_applied,271,2024-08-25,5139791,H1-L00271-19,2024-08-17,Rtn Cardiac Spcm Anly /NG-6683,Routine Cardiac Specimen Analysis,mapped_explicit_terms,per_item,per_item,23350,23350,,needs_adjustment_or_mapping_review
INV-H1-000271,bundle_not_applied,271,2024-08-25,5139791,H1-L00271-20,2024-08-17,Occupancy Advanced Card Recov Rm,Advanced Cardiac Recovery Room Occupancy,mapped_explicit_terms,per_hour,per_hour,20000,20000,,needs_adjustment_or_mapping_review
INV-H1-000304,premium_incorrectly_applied|unknown_service|volume_discount_omitted,304,2024-09-16,1878062,H1-L00304-01,2024-09-11,Elective Pulm Nutr Support,Elective Pulmonary Nutritional Support,mapped_explicit_terms,per_unit_dispensed,per_unit_dispensed,7450,7450,7450,base_rate_checked
INV-H1-000304,premium_incorrectly_applied|unknown_service|volume_discount_omitted,304,2024-09-16,1878062,H1-L00304-02,2024-09-16,Specialist Paed Biop Proc,Specialist Paediatric Biopsy Procedure,mapped_explicit_terms,per_procedure,per_procedure,257325,257325,257325,base_rate_checked
INV-H1-000304,premium_incorrectly_applied|unknown_service|volume_discount_omitted,304,2024-09-16,1878062,H1-L00304-03,2024-09-10,Continuous Psych Rehabilitation Prog,Continuous Psychiatric Rehabilitation Programme,mapped_explicit_terms,per_visit,per_visit,20300,20300,20300,base_rate_checked
INV-H1-000304,premium_incorrectly_applied|unknown_service|volume_discount_omitted,304,2024-09-16,1878062,H1-L00304-04,2024-09-13,Cont - Psychiatric Rehab Prog /NG-1498,Continuous Psychiatric Rehabilitation Programme,mapped_explicit_terms,per_visit,per_visit,20300,20300,20300,base_rate_checked
INV-H1-000304,premium_incorrectly_applied|unknown_service|volume_discount_omitted,304,2024-09-16,1878062,H1-L00304-05,2024-09-12,Elect  Card Nutritional Supp,Elective Cardiac Nutritional Support,mapped_explicit_terms,per_day,per_day,158625,158625,158625,base_rate_checked
INV-H1-000304,premium_incorrectly_applied|unknown_service|volume_discount_omitted,304,2024-09-16,1878062,H1-L00304-06,2024-09-16,Preop - Geriatric Ventilation Supp,Preoperative Geriatric Ventilation Support,mapped_explicit_terms,per_hour,per_hour,6875,6875,,needs_adjustment_or_mapping_review
INV-H1-000304,premium_incorrectly_applied|unknown_service|volume_discount_omitted,304,2024-09-16,1878062,H1-L00304-07,2024-09-13,Std Psychiatric Endosc Procedure /NG-5963,Standard Psychiatric Endoscopic Procedure,mapped_explicit_terms,per_procedure,per_procedure,242225,242225,242225,base_rate_checked
INV-H1-000304,premium_incorrectly_applied|unknown_service|volume_discount_omitted,304,2024-09-16,1878062,H1-L00304-08,2024-09-13,Fraction  Std Ent Radiotherapy,Standard Otolaryngologic Radiotherapy Fraction,mapped_explicit_terms,per_item,per_item,25250,25250,,needs_adjustment_or_mapping_review
INV-H1-000304,premium_incorrectly_applied|unknown_service|volume_discount_omitted,304,2024-09-16,1878062,H1-L00304-09,2024-09-14,Care Extended Ger Wound,Extended Geriatric Wound Care,mapped_explicit_terms,per_item,per_item,8585,10100,,needs_adjustment_or_mapping_review
INV-H1-000304,premium_incorrectly_applied|unknown_service|volume_discount_omitted,304,2024-09-16,1878062,H1-L00304-10,2024-09-10,Session Std Pulmonary Dialysis,Standard Pulmonary Dialysis Session,mapped_explicit_terms,per_visit,per_visit,53969,43175,,needs_adjustment_or_mapping_review
INV-H1-000304,premium_incorrectly_applied|unknown_service|volume_discount_omitted,304,2024-09-16,1878062,H1-L00304-11,2024-09-12,Extended Ortho Ventilation Support,,needs_review,per_procedure,,243150,,,needs_adjustment_or_mapping_review
INV-H1-000304,premium_incorrectly_applied|unknown_service|volume_discount_omitted,304,2024-09-16,1878062,H1-L00304-12,2024-09-14,Advanced Haem Physiotherapy Session,Advanced Haematology Physiotherapy Session,mapped_explicit_terms,per_hour,per_hour,10150,10150,10150,base_rate_checked
INV-H1-000348,premium_omitted|unknown_service,348,2024-10-25,4415338,H1-L00348-01,2024-10-22,Ambulatory Ophthalmic Dial Session,Ambulatory Ophthalmic Dialysis Session,mapped_explicit_terms,per_procedure,per_procedure,479825,479825,,needs_adjustment_or_mapping_review
INV-H1-000348,premium_omitted|unknown_service,348,2024-10-25,4415338,H1-L00348-02,2024-10-20,Outpatient Orthopaedic Pharm Dispensing /NG-2825,,needs_review,per_night,,96975,,,needs_adjustment_or_mapping_review
INV-H1-000348,premium_omitted|unknown_service,348,2024-10-25,4415338,H1-L00348-03,2024-10-22,Preop Geriatric Ventilation Support /NG-1168,Preoperative Geriatric Ventilation Support,mapped_explicit_terms,per_hour,per_hour,6875,6875,,needs_adjustment_or_mapping_review
INV-H1-000348,premium_omitted|unknown_service,348,2024-10-25,4415338,H1-L00348-04,2024-10-21,Proc - Amb Immun Endoscopic /NG-3634,Ambulatory Immunologic Endoscopic Procedure,mapped_explicit_terms,per_procedure,per_procedure,607900,607900,607900,base_rate_checked
INV-H1-000348,premium_omitted|unknown_service,348,2024-10-25,4415338,H1-L00348-05,2024-10-18,Intens - Ophthalmic Cs Conference /NG-6174,Intensive Ophthalmic Case Conference,mapped_explicit_terms,per_hour,per_hour,21875,21875,,needs_adjustment_or_mapping_review
INV-H1-000348,premium_omitted|unknown_service,348,2024-10-25,4415338,H1-L00348-06,2024-10-19,Admin Advanced Metabolic Anaes /NG-1114,Advanced Metabolic Anaesthesia Administration,mapped_explicit_terms,per_hour,per_hour,9200,9200,,needs_adjustment_or_mapping_review
INV-H1-000348,premium_omitted|unknown_service,348,2024-10-25,4415338,H1-L00348-07,2024-10-18,Standard Ent Radiotherapy Fract,Standard Otolaryngologic Radiotherapy Fraction,mapped_explicit_terms,per_item,per_item,17675,25250,,needs_adjustment_or_mapping_review
INV-H1-000348,premium_omitted|unknown_service,348,2024-10-25,4415338,H1-L00348-08,2024-10-20,Foc Immunologic Physio Sess,Focused Immunologic Physiotherapy Session,mapped_explicit_terms,per_hour,per_hour,3300,3300,3300,base_rate_checked
INV-H1-000348,premium_omitted|unknown_service,348,2024-10-25,4415338,H1-L00348-09,2024-10-19,Observation Cont Nurs,,needs_review,per_hour,,9875,,,needs_adjustment_or_mapping_review
INV-H1-000348,premium_omitted|unknown_service,348,2024-10-25,4415338,H1-L00348-10,2024-10-22,Advanced Haem Physiotherapy Session,Advanced Haematology Physiotherapy Session,mapped_explicit_terms,per_hour,per_hour,10150,10150,10150,base_rate_checked
INV-H1-000348,premium_omitted|unknown_service,348,2024-10-25,4415338,H1-L00348-11,2024-10-18,Ren Radiotherapy Fract,,needs_review,per_item,,11000,,,needs_adjustment_or_mapping_review
INV-H1-000348,premium_omitted|unknown_service,348,2024-10-25,4415338,H1-L00348-12,2024-10-20,Session Inpatient Endo Dial,Inpatient Endocrine Dialysis Session,mapped_explicit_terms,per_procedure,per_procedure,81750,81750,81750,base_rate_checked
INV-H1-000348,premium_omitted|unknown_service,348,2024-10-25,4415338,H1-L00348-13,2024-10-20,Emer Ortho Consult,Emergency Orthopaedic Consultation,mapped_explicit_terms,per_procedure,per_procedure,418900,418900,418900,base_rate_checked
INV-H1-000348,premium_omitted|unknown_service,348,2024-10-25,4415338,H1-L00348-14,2024-10-19,Immun Endosc Proc Preop,Preoperative Immunologic Endoscopic Procedure,mapped_explicit_terms,per_procedure,per_procedure,133738,151975,,needs_adjustment_or_mapping_review
INV-H1-000348,premium_omitted|unknown_service,348,2024-10-25,4415338,H1-L00348-15,2024-10-21,Spclst - Ent Thtr Tm /NG-7710,Specialist Otolaryngologic Theatre Time,mapped_explicit_terms,per_hour,per_hour,8025,8025,,needs_adjustment_or_mapping_review
INV-H1-000362,premium_incorrectly_applied|unit_price_mismatch,362,2024-11-07,2702627,H1-L00362-01,2024-10-29,Spclst Ent Thtr Time,Specialist Otolaryngologic Theatre Time,mapped_explicit_terms,per_hour,per_hour,8025,8025,,needs_adjustment_or_mapping_review
INV-H1-000362,premium_incorrectly_applied|unit_price_mismatch,362,2024-11-07,2702627,H1-L00362-02,2024-10-30,Advanced Haem Physiotherapy Session,Advanced Haematology Physiotherapy Session,mapped_explicit_terms,per_hour,per_hour,10150,10150,10150,base_rate_checked
INV-H1-000362,premium_incorrectly_applied|unit_price_mismatch,362,2024-11-07,2702627,H1-L00362-03,2024-10-31,Standard Ent Radiotherapy Fract,Standard Otolaryngologic Radiotherapy Fraction,mapped_explicit_terms,per_item,per_item,17675,25250,,needs_adjustment_or_mapping_review
INV-H1-000362,premium_incorrectly_applied|unit_price_mismatch,362,2024-11-07,2702627,H1-L00362-04,2024-11-01,Rtn Infect Crit Cr Occupancy,Routine Infectious Critical Care Occupancy,mapped_explicit_terms,per_night,per_night,72968,58375,,needs_adjustment_or_mapping_review
INV-H1-000362,premium_incorrectly_applied|unit_price_mismatch,362,2024-11-07,2702627,H1-L00362-05,2024-10-30,Preop - Geriatric Ventilation Supp,Preoperative Geriatric Ventilation Support,mapped_explicit_terms,per_hour,per_hour,6875,6875,,needs_adjustment_or_mapping_review
INV-H1-000362,premium_incorrectly_applied|unit_price_mismatch,362,2024-11-07,2702627,H1-L00362-06,2024-11-04,Sess Ambulatory Psych Dialysis /NG-7178,Ambulatory Psychiatric Dialysis Session,mapped_explicit_terms,per_procedure,per_procedure,355550,355550,355550,base_rate_checked
INV-H1-000362,premium_incorrectly_applied|unit_price_mismatch,362,2024-11-07,2702627,H1-L00362-07,2024-11-04,Cont Musculoskeletal Wound Care,Continuous Musculoskeletal Wound Care,mapped_explicit_terms,per_day,per_day,51520,36800,,needs_adjustment_or_mapping_review
INV-H1-000362,premium_incorrectly_applied|unit_price_mismatch,362,2024-11-07,2702627,H1-L00362-08,2024-11-02,Rtn Palliative Critical Cr Occ,Routine Palliative Critical Care Occupancy,mapped_explicit_terms,per_night,per_night,96975,96975,96975,base_rate_checked
INV-H1-000362,premium_incorrectly_applied|unit_price_mismatch,362,2024-11-07,2702627,H1-L00362-09,2024-10-30,Visit Cardiac Hm,,needs_review,per_visit,,28425,,,needs_adjustment_or_mapping_review
INV-H1-000362,premium_incorrectly_applied|unit_price_mismatch,362,2024-11-07,2702627,H1-L00362-10,2024-11-02,Occupancy Bedside Ent Recovery Room,Bedside Otolaryngologic Recovery Room Occupancy,mapped_explicit_terms,per_night,per_night,150450,150450,150450,base_rate_checked
INV-H1-000410,unit_price_mismatch|unknown_service,410,2024-12-12,971719,H1-L00410-01,2024-11-27,Standard Ent Radiotherapy Fract,Standard Otolaryngologic Radiotherapy Fraction,mapped_explicit_terms,per_item,per_item,17675,25250,,needs_adjustment_or_mapping_review
INV-H1-000410,unit_price_mismatch|unknown_service,410,2024-12-12,971719,H1-L00410-02,2024-12-02,Comprehensive Infect Nursing,Comprehensive Infectious Nursing Observation,mapped_explicit_terms,per_day,per_day,127369,169825,,needs_adjustment_or_mapping_review
INV-H1-000410,unit_price_mismatch|unknown_service,410,2024-12-12,971719,H1-L00410-03,2024-12-01,Supv Ent Steril Svc,Supervised Otolaryngologic Sterilisation Service,mapped_explicit_terms,per_item,per_item,24200,24200,,needs_adjustment_or_mapping_review
INV-H1-000410,unit_price_mismatch|unknown_service,410,2024-12-12,971719,H1-L00410-04,2024-11-29,Admin Advanced Metabolic Anaes /NG-1114,Advanced Metabolic Anaesthesia Administration,mapped_explicit_terms,per_hour,per_hour,6900,9200,,needs_adjustment_or_mapping_review
INV-H1-000410,unit_price_mismatch|unknown_service,410,2024-12-12,971719,H1-L00410-05,2024-11-26,Support Interm Neurological Nutr,Intermittent Neurological Nutritional Support,mapped_explicit_terms,per_day,per_day,50275,50275,50275,base_rate_checked
INV-H1-000410,unit_price_mismatch|unknown_service,410,2024-12-12,971719,H1-L00410-06,2024-11-26,Ger Nutr Support /NG-2366,,needs_review,per_unit_dispensed,,4275,,,needs_adjustment_or_mapping_review
INV-H1-000410,unit_price_mismatch|unknown_service,410,2024-12-12,971719,H1-L00410-07,2024-11-29,Occ Advanced Orthopaedic Recovery Rm /NG-2920,,needs_review,per_day,,87250,,,needs_adjustment_or_mapping_review
INV-H1-000410,unit_price_mismatch|unknown_service,410,2024-12-12,971719,H1-L00410-08,2024-11-29,Psych Rehab Programme,,needs_review,per_day,,72500,,,needs_adjustment_or_mapping_review
INV-H1-000458,volume_discount_omitted,458,2025-01-19,1899303,H1-L00458-01,2025-01-11,Preop Endo Physiotherapy Sess,Preoperative Endocrine Physiotherapy Session,mapped_explicit_terms,per_visit,per_visit,29975,29975,29975,base_rate_checked
INV-H1-000458,volume_discount_omitted,458,2025-01-19,1899303,H1-L00458-02,2025-01-10,Interm - Derm Transf Svc,Intermittent Dermatologic Transfusion Service,mapped_explicit_terms,per_procedure,per_procedure,243150,243150,243150,base_rate_checked
INV-H1-000458,volume_discount_omitted,458,2025-01-19,1899303,H1-L00458-03,2025-01-11,Ambulatory  Pulm Recov Rm Occupancy /NG-9869,Ambulatory Pulmonary Recovery Room Occupancy,mapped_explicit_terms,per_night,per_night,112825,112825,,needs_adjustment_or_mapping_review
INV-H1-000458,volume_discount_omitted,458,2025-01-19,1899303,H1-L00458-04,2025-01-11,Std Endo Dial Session /NG-7220,Standard Endocrine Dialysis Session,mapped_explicit_terms,per_visit,per_visit,37600,37600,,needs_adjustment_or_mapping_review
INV-H1-000458,volume_discount_omitted,458,2025-01-19,1899303,H1-L00458-05,2025-01-11,Postop Critical Cr Occupancy,,needs_review,per_night,,59700,,,needs_adjustment_or_mapping_review
INV-H1-000458,volume_discount_omitted,458,2025-01-19,1899303,H1-L00458-06,2025-01-11,Supervised Musculoskeletal Dialysis Sess /NG-6660,Supervised Musculoskeletal Dialysis Session,mapped_explicit_terms,per_visit,per_visit,39368,35150,39368,weekend_rule_checked
INV-H1-000458,volume_discount_omitted,458,2025-01-19,1899303,H1-L00458-07,2025-01-10,Cr Focused Ent Wound,Focused Otolaryngologic Wound Care,mapped_explicit_terms,per_visit,per_visit,24725,24725,24725,base_rate_checked
INV-H1-000458,volume_discount_omitted,458,2025-01-19,1899303,H1-L00458-08,2025-01-11,Focused - Orthopaedic Transp Svc,Focused Orthopaedic Transport Service,mapped_explicit_terms,per_visit,per_visit,46310,42100,46310,weekend_rule_checked
INV-H1-000458,volume_discount_omitted,458,2025-01-19,1899303,H1-L00458-09,2025-01-11,Ger Nutr Supp Std,Standard Geriatric Nutritional Support,mapped_explicit_terms,per_day,per_day,42475,42475,42475,base_rate_checked
INV-H1-000646,exclusion_window_violation|premium_incorrectly_applied|unit_price_mismatch,646,2025-06-22,2952045,H1-L00646-01,2025-06-16,Intensive Gi Isolation Rm Occ,Intensive Gastrointestinal Isolation Room Occupancy,mapped_explicit_terms,per_night,per_night,112508,160725,,needs_adjustment_or_mapping_review
INV-H1-000646,exclusion_window_violation|premium_incorrectly_applied|unit_price_mismatch,646,2025-06-22,2952045,H1-L00646-02,2025-06-14,Observation Compr Infectious Nurs,Comprehensive Infectious Nursing Observation,mapped_explicit_terms,per_day,per_day,127369,169825,,needs_adjustment_or_mapping_review
INV-H1-000646,exclusion_window_violation|premium_incorrectly_applied|unit_price_mismatch,646,2025-06-22,2952045,H1-L00646-03,2025-06-15,Programme Interm Pulmonary Rehab,Intermittent Pulmonary Rehabilitation Programme,mapped_explicit_terms,per_visit,per_visit,12105,13450,,needs_adjustment_or_mapping_review
INV-H1-000646,exclusion_window_violation|premium_incorrectly_applied|unit_price_mismatch,646,2025-06-22,2952045,H1-L00646-04,2025-06-15,Occupancy Rtn Pall Crit Cr,Routine Palliative Critical Care Occupancy,mapped_explicit_terms,per_night,per_night,96975,96975,96975,base_rate_checked
INV-H1-000646,exclusion_window_violation|premium_incorrectly_applied|unit_price_mismatch,646,2025-06-22,2952045,H1-L00646-05,2025-06-15,Rtn Immunologic Ward Bd Occ,Routine Immunologic Ward Bed Occupancy,mapped_explicit_terms,per_night,per_night,215875,215875,,needs_adjustment_or_mapping_review
INV-H1-000646,exclusion_window_violation|premium_incorrectly_applied|unit_price_mismatch,646,2025-06-22,2952045,H1-L00646-06,2025-06-15,Conference Amb Ophth Case,Ambulatory Ophthalmic Case Conference,mapped_explicit_terms,per_visit,per_visit,20310,16925,,needs_adjustment_or_mapping_review
INV-H1-000646,exclusion_window_violation|premium_incorrectly_applied|unit_price_mismatch,646,2025-06-22,2952045,H1-L00646-07,2025-06-14,Std Endocrine Endosc Procedure /NG-7684,Standard Endocrine Endoscopic Procedure,mapped_explicit_terms,per_procedure,per_procedure,62225,124450,,needs_adjustment_or_mapping_review
INV-H1-000646,exclusion_window_violation|premium_incorrectly_applied|unit_price_mismatch,646,2025-06-22,2952045,H1-L00646-08,2025-06-16,Rtn Immunologic Wd Bed Occupancy,Routine Immunologic Ward Bed Occupancy,mapped_explicit_terms,per_night,per_night,215875,215875,,needs_adjustment_or_mapping_review
INV-H1-000646,exclusion_window_violation|premium_incorrectly_applied|unit_price_mismatch,646,2025-06-22,2952045,H1-L00646-09,2025-06-07,Adv Metabolic Anaes Administration,Advanced Metabolic Anaesthesia Administration,mapped_explicit_terms,per_hour,per_hour,9200,9200,,needs_adjustment_or_mapping_review
INV-H1-000657,wrong_unit_basis,657,2025-07-03,4217639,H1-L00657-01,2025-06-19,Amb Immun Endosc Proc,Ambulatory Immunologic Endoscopic Procedure,mapped_explicit_terms,per_procedure,per_procedure,607900,607900,607900,base_rate_checked
INV-H1-000657,wrong_unit_basis,657,2025-07-03,4217639,H1-L00657-02,2025-06-20,Procedure Immun Endosc,,needs_review,per_night,,121580,,,needs_adjustment_or_mapping_review
INV-H1-000657,wrong_unit_basis,657,2025-07-03,4217639,H1-L00657-03,2025-06-21,Cont - Pulmonary Wnd Cr /NG-2407,Continuous Pulmonary Wound Care,mapped_explicit_terms,per_day,per_day,144900,144900,144900,base_rate_checked
INV-H1-000657,wrong_unit_basis,657,2025-07-03,4217639,H1-L00657-04,2025-06-20,Ambulatory  Pulm Recovery Room Occupancy,Ambulatory Pulmonary Recovery Room Occupancy,mapped_explicit_terms,per_night,per_night,101543,112825,,needs_adjustment_or_mapping_review
INV-H1-000657,wrong_unit_basis,657,2025-07-03,4217639,H1-L00657-05,2025-06-19,Occupancy Bedside Ent Recovery Room,Bedside Otolaryngologic Recovery Room Occupancy,mapped_explicit_terms,per_night,per_night,150450,150450,150450,base_rate_checked
INV-H1-000657,wrong_unit_basis,657,2025-07-03,4217639,H1-L00657-06,2025-06-23,Inpt - Ren Radiotherapy Fract,Inpatient Renal Radiotherapy Fraction,mapped_explicit_terms,per_procedure,per_procedure,455300,455300,455300,base_rate_checked
INV-H1-000657,wrong_unit_basis,657,2025-07-03,4217639,H1-L00657-07,2025-06-21,Case - Intensive Ophth /NG-3641,Intensive Ophthalmic Case Conference,mapped_explicit_terms,per_hour,per_hour,21875,21875,,needs_adjustment_or_mapping_review
INV-H1-000657,wrong_unit_basis,657,2025-07-03,4217639,H1-L00657-08,2025-06-22,Spclst Otolaryngologic Thtr Tm,Specialist Otolaryngologic Theatre Time,mapped_explicit_terms,per_hour,per_hour,7050,8025,,needs_adjustment_or_mapping_review
INV-H1-000657,wrong_unit_basis,657,2025-07-03,4217639,H1-L00657-09,2025-06-22,Inpt Hepatic Session,Inpatient Hepatic Physiotherapy Session,mapped_explicit_terms,per_visit,per_visit,37500,42600,,needs_adjustment_or_mapping_review
INV-H1-000667,unknown_service,667,2025-07-02,2053255,H1-L00667-01,2025-06-29,Emer Ortho Rehabilitation Prog,Emergency Orthopaedic Rehabilitation Programme,mapped_explicit_terms,per_visit,per_visit,28950,28950,28950,base_rate_checked
INV-H1-000667,unknown_service,667,2025-07-02,2053255,H1-L00667-02,2025-06-28,Preop Immun Endosc Proc,Preoperative Immunologic Endoscopic Procedure,mapped_explicit_terms,per_procedure,per_procedure,121580,151975,,needs_adjustment_or_mapping_review
INV-H1-000667,unknown_service,667,2025-07-02,2053255,H1-L00667-03,2025-06-28,Inpatient Vascular Diag Imaging,Inpatient Vascular Diagnostic Imaging,mapped_explicit_terms,per_item,per_item,12725,12725,12725,base_rate_checked
INV-H1-000667,unknown_service,667,2025-07-02,2053255,H1-L00667-04,2025-06-29,Routine - Onc Discharge Plng,Routine Oncology Discharge Planning,mapped_explicit_terms,per_visit,per_visit,29050,29050,29050,base_rate_checked
INV-H1-000667,unknown_service,667,2025-07-02,2053255,H1-L00667-05,2025-06-29,Fraction Emergency Ren Radiotherapy,Emergency Renal Radiotherapy Fraction,mapped_explicit_terms,per_item,per_item,13200,11000,13200,weekend_rule_checked
INV-H1-000667,unknown_service,667,2025-07-02,2053255,H1-L00667-06,2025-06-29,Inpt - Ren Radiotherapy Fract,Inpatient Renal Radiotherapy Fraction,mapped_explicit_terms,per_procedure,per_procedure,455300,455300,455300,base_rate_checked
INV-H1-000667,unknown_service,667,2025-07-02,2053255,H1-L00667-07,2025-06-28,Adv  Renal Consultation,,needs_review,per_procedure,,355550,,,needs_adjustment_or_mapping_review
INV-H1-000667,unknown_service,667,2025-07-02,2053255,H1-L00667-08,2025-06-29,Vasc  Diagnostic Img,,needs_review,per_procedure,,396725,,,needs_adjustment_or_mapping_review
INV-H1-000667,unknown_service,667,2025-07-02,2053255,H1-L00667-09,2025-06-29,Ext Pall Lab Panel /NG-9077,Extended Palliative Laboratory Panel,mapped_explicit_terms,per_test,per_test,17850,17850,,needs_adjustment_or_mapping_review
INV-H1-000675,cross_invoice_duplicate|unit_price_mismatch,675,2025-07-11,1380400,H1-L00675-01,2025-07-05,Specialist - Neuro Recov Rm Occ,Specialist Neurological Recovery Room Occupancy,mapped_explicit_terms,per_hour,per_hour,25025,15400,,needs_adjustment_or_mapping_review
INV-H1-000675,cross_invoice_duplicate|unit_price_mismatch,675,2025-07-11,1380400,H1-L00675-02,2025-07-07,Std Geriatric Nutritional Support,Standard Geriatric Nutritional Support,mapped_explicit_terms,per_day,per_day,42475,42475,42475,base_rate_checked
INV-H1-000675,cross_invoice_duplicate|unit_price_mismatch,675,2025-07-11,1380400,H1-L00675-03,2025-07-04,Prog Comprehensive Otolaryngologic Rehab,Comprehensive Otolaryngologic Rehabilitation Programme,mapped_explicit_terms,per_visit,per_visit,27025,27025,27025,base_rate_checked
INV-H1-000675,cross_invoice_duplicate|unit_price_mismatch,675,2025-07-11,1380400,H1-L00675-04,2025-07-03,Advanced Haem Physio Session,Advanced Haematology Physiotherapy Session,mapped_explicit_terms,per_hour,per_hour,10150,10150,10150,base_rate_checked
INV-H1-000675,cross_invoice_duplicate|unit_price_mismatch,675,2025-07-11,1380400,H1-L00675-05,2025-07-04,Interm Derm Transfusion Service /NG-8116,Intermittent Dermatologic Transfusion Service,mapped_explicit_terms,per_procedure,per_procedure,243150,243150,243150,base_rate_checked
INV-H1-000675,cross_invoice_duplicate|unit_price_mismatch,675,2025-07-11,1380400,H1-L00675-06,2025-07-07,Rtn - Urol Biop Procedure,Routine Urologic Biopsy Procedure,mapped_explicit_terms,per_procedure,per_procedure,226950,226950,,needs_adjustment_or_mapping_review
INV-H1-000675,cross_invoice_duplicate|unit_price_mismatch,675,2025-07-11,1380400,H1-L00675-07,2025-01-10,Amb Infectious Visit,Ambulatory Infectious Home Visit,mapped_explicit_terms,per_visit,per_visit,8225,8225,8225,base_rate_checked
INV-H1-000725,daily_cap_exceeded,725,2025-08-05,1925550,H1-L00725-01,2025-07-31,Std - Biop Proc,,needs_review,per_item,,16100,,,needs_adjustment_or_mapping_review
INV-H1-000725,daily_cap_exceeded,725,2025-08-05,1925550,H1-L00725-02,2025-07-31,Sess Amb Psych Dial,Ambulatory Psychiatric Dialysis Session,mapped_explicit_terms,per_procedure,per_procedure,355550,355550,355550,base_rate_checked
INV-H1-000725,daily_cap_exceeded,725,2025-08-05,1925550,H1-L00725-03,2025-08-02,Std Pulmonary Dial Sess,Standard Pulmonary Dialysis Session,mapped_explicit_terms,per_visit,per_visit,43175,43175,,needs_adjustment_or_mapping_review
INV-H1-000725,daily_cap_exceeded,725,2025-08-05,1925550,H1-L00725-04,2025-07-29,Session Specialist Hep Physiotherapy,Specialist Hepatic Physiotherapy Session,mapped_explicit_terms,per_hour,per_hour,5350,5350,5350,base_rate_checked
INV-H1-000725,daily_cap_exceeded,725,2025-08-05,1925550,H1-L00725-05,2025-07-30,Sess Ambulatory Psych Dialysis /NG-7178,Ambulatory Psychiatric Dialysis Session,mapped_explicit_terms,per_procedure,per_procedure,355550,355550,355550,base_rate_checked
INV-H1-000725,daily_cap_exceeded,725,2025-08-05,1925550,H1-L00725-06,2025-07-29,Ger Nutr Support /NG-2366,,needs_review,per_unit_dispensed,,4275,,,needs_adjustment_or_mapping_review
INV-H1-000725,daily_cap_exceeded,725,2025-08-05,1925550,H1-L00725-07,2025-08-02,Extended Ren Transp,Extended Renal Transport Service,mapped_explicit_terms,per_item,per_item,25650,25650,25650,base_rate_checked
INV-H1-000725,daily_cap_exceeded,725,2025-08-05,1925550,H1-L00725-08,2025-07-29,Cont - Pulmonary Wnd Cr,Continuous Pulmonary Wound Care,mapped_explicit_terms,per_day,per_day,144900,144900,144900,base_rate_checked
INV-H1-000725,daily_cap_exceeded,725,2025-08-05,1925550,H1-L00725-09,2025-08-01,Rtn Derm Transfusion Service /NG-2088,Routine Dermatologic Transfusion Service,mapped_explicit_terms,per_unit_dispensed,per_unit_dispensed,5325,5325,5325,base_rate_checked
INV-H1-000725,daily_cap_exceeded,725,2025-08-05,1925550,H1-L00725-10,2025-07-31,Std Endo Dial Session /NG-7220,Standard Endocrine Dialysis Session,mapped_explicit_terms,per_visit,per_visit,37600,37600,,needs_adjustment_or_mapping_review
INV-H1-000811,unknown_service|volume_discount_omitted,811,2025-10-17,3714657,H1-L00811-01,2025-10-07,Amb Infectious Hm Visit,Ambulatory Infectious Home Visit,mapped_explicit_terms,per_visit,per_visit,8225,8225,8225,base_rate_checked
INV-H1-000811,unknown_service|volume_discount_omitted,811,2025-10-17,3714657,H1-L00811-02,2025-10-11,Comprehensive Infect Nursing,Comprehensive Infectious Nursing Observation,mapped_explicit_terms,per_day,per_day,169825,169825,,needs_adjustment_or_mapping_review
INV-H1-000811,unknown_service|volume_discount_omitted,811,2025-10-17,3714657,H1-L00811-03,2025-10-07,Cont Vasc Pharmaceutical Disp,Continuous Vascular Pharmaceutical Dispensing,mapped_explicit_terms,per_unit_dispensed,per_unit_dispensed,6750,6750,6750,base_rate_checked
INV-H1-000811,unknown_service|volume_discount_omitted,811,2025-10-17,3714657,H1-L00811-04,2025-10-11,Therapy Rtn Haem Infusion /NG-2021,Routine Haematology Infusion Therapy,mapped_explicit_terms,per_hour,per_hour,10200,10200,10200,base_rate_checked
INV-H1-000811,unknown_service|volume_discount_omitted,811,2025-10-17,3714657,H1-L00811-05,2025-10-08,Ambulatory Card Hm Visit /NG-9268,Ambulatory Cardiac Home Visit,mapped_explicit_terms,per_visit,per_visit,28425,28425,28425,base_rate_checked
INV-H1-000811,unknown_service|volume_discount_omitted,811,2025-10-17,3714657,H1-L00811-06,2025-10-11,Fraction Inpatient Ren Radiother,Inpatient Renal Radiotherapy Fraction,mapped_explicit_terms,per_procedure,per_procedure,455300,455300,455300,base_rate_checked
INV-H1-000811,unknown_service|volume_discount_omitted,811,2025-10-17,3714657,H1-L00811-07,2025-10-09,Asst Specimen Anly,,needs_review,per_procedure,,243150,,,needs_adjustment_or_mapping_review
INV-H1-000811,unknown_service|volume_discount_omitted,811,2025-10-17,3714657,H1-L00811-08,2025-10-09,Extended Metab Isolation Room Occupancy,Extended Metabolic Isolation Room Occupancy,mapped_explicit_terms,per_night,per_night,87300,87300,87300,base_rate_checked
INV-H1-000811,unknown_service|volume_discount_omitted,811,2025-10-17,3714657,H1-L00811-09,2025-10-06,Preop Renal Wnd Cr,Preoperative Renal Wound Care,mapped_explicit_terms,per_visit,per_visit,40325,40325,,needs_adjustment_or_mapping_review
INV-H1-000811,unknown_service|volume_discount_omitted,811,2025-10-17,3714657,H1-L00811-10,2025-10-05,Compr Infectious Nursing Observation,Comprehensive Infectious Nursing Observation,mapped_explicit_terms,per_day,per_day,127369,169825,,needs_adjustment_or_mapping_review
INV-H1-000811,unknown_service|volume_discount_omitted,811,2025-10-17,3714657,H1-L00811-11,2025-10-06,Prog Emergency Ortho Rehabilitation /NG-5611,Emergency Orthopaedic Rehabilitation Programme,mapped_explicit_terms,per_visit,per_visit,28950,28950,28950,base_rate_checked
INV-H1-000811,unknown_service|volume_discount_omitted,811,2025-10-17,3714657,H1-L00811-12,2025-10-06,Occ - Inpt Isol Rm /NG-2747,,needs_review,per_night,,179600,,,needs_adjustment_or_mapping_review
INV-H1-000811,unknown_service|volume_discount_omitted,811,2025-10-17,3714657,H1-L00811-13,2025-10-06,Preoperative Otolaryngologic Steril Service,Preoperative Otolaryngologic Sterilisation Service,mapped_explicit_terms,per_procedure,per_procedure,134725,134725,134725,base_rate_checked
INV-H1-000811,unknown_service|volume_discount_omitted,811,2025-10-17,3714657,H1-L00811-14,2025-10-09,Supervised Msk Dial Session,Supervised Musculoskeletal Dialysis Session,mapped_explicit_terms,per_visit,per_visit,35150,35150,35150,weekend_rule_checked
INV-H1-000811,unknown_service|volume_discount_omitted,811,2025-10-17,3714657,H1-L00811-15,2025-10-06,Continuous Wnd Care,,needs_review,per_day,,144900,,,needs_adjustment_or_mapping_review
INV-H1-000811,unknown_service|volume_discount_omitted,811,2025-10-17,3714657,H1-L00811-16,2025-10-08,Preop - Geriatric Ventilation Supp,Preoperative Geriatric Ventilation Support,mapped_explicit_terms,per_hour,per_hour,8250,6875,,needs_adjustment_or_mapping_review
