invoice_id,error_categories
INV-H1-000015,daily_cap_exceeded
INV-H1-000049,daily_cap_exceeded|premium_incorrectly_applied
INV-H1-000102,unit_price_mismatch|volume_discount_incorrectly_applied
INV-H1-000132,bundle_not_applied|unknown_service
INV-H1-000151,unit_price_mismatch
INV-H1-000231,cross_invoice_duplicate
INV-H1-000271,bundle_not_applied
INV-H1-000304,premium_incorrectly_applied|unknown_service|volume_discount_omitted
INV-H1-000348,premium_omitted|unknown_service
INV-H1-000362,premium_incorrectly_applied|unit_price_mismatch
INV-H1-000410,unit_price_mismatch|unknown_service
INV-H1-000458,volume_discount_omitted
INV-H1-000646,exclusion_window_violation|premium_incorrectly_applied|unit_price_mismatch
INV-H1-000657,wrong_unit_basis
INV-H1-000667,unknown_service
INV-H1-000675,cross_invoice_duplicate|unit_price_mismatch
INV-H1-000725,daily_cap_exceeded
INV-H1-000811,unknown_service|volume_discount_omitted
