line_id,invoice_id,line_no,service_date,description,quantity,unit_basis_as_billed,unit_price_cents,line_total_cents,record_id,malformed_service_date,service_date_after_invoice_date,service_date_out_of_window,line_total_arithmetic,contract_service,mapping_status,candidate_services,expected_unit_basis,base_rate_cents,plain_rate_eligible,unit_check_status,wrong_unit_basis,unit_price_mismatch,price_check_status,expected_checked_unit_price_cents,weekend_rate_mismatch
H1-L00002-01,INV-H1-000002,1,2024-01-13,Inpt Ophthalmic Transport Svc,8,per_item,4800,38400,2,False,True,False,False,Inpatient Ophthalmic Transport Service,mapped_explicit_terms,Inpatient Ophthalmic Transport Service,per_item,4800,True,checked,False,False,base_rate_checked,4800,False
H1-L00004-02,INV-H1-000004,2,2024-01-04,Msk Wd Bd Occ Amb,1,per_night,463725,463725,4,False,False,False,False,Ambulatory Musculoskeletal Ward Bed Occupancy,mapped_explicit_terms,Ambulatory Musculoskeletal Ward Bed Occupancy,per_night,154575,True,checked,False,True,base_rate_checked,154575,False
H1-L00004-06,INV-H1-000004,6,2024-01-06,Preop Oncology Consult /NG-5826,1,per_visit,73718,73718,4,False,False,False,False,Preoperative Oncology Consultation,mapped_explicit_terms,Preoperative Oncology Consultation,per_visit,42125,True,checked,False,True,base_rate_checked,42125,False
H1-L00036-17,INV-H1-000036,17,2025-06-31,Preop Otolaryngologic Steril Svc,1,per_procedure,134725,134725,36,True,False,False,False,Preoperative Otolaryngologic Sterilisation Service,mapped_explicit_terms,Preoperative Otolaryngologic Sterilisation Service,per_procedure,134725,True,checked,False,False,needs_adjustment_or_mapping_review,,False
H1-L00069-02,INV-H1-000069,2,not-a-date,Occupancy Inpatient Palliative Isol Room,1,per_night,179600,179600,69,True,False,False,False,Inpatient Palliative Isolation Room Occupancy,mapped_explicit_terms,Inpatient Palliative Isolation Room Occupancy,per_night,179600,False,checked,False,False,needs_adjustment_or_mapping_review,,False
H1-L00069-05,INV-H1-000069,5,2024-03-04,Inpatient Pall Specimen Analysis /NG-4820,3,per_item,29725,96675,69,False,False,False,True,Inpatient Palliative Specimen Analysis,mapped_explicit_terms,Inpatient Palliative Specimen Analysis,per_item,29725,False,checked,False,False,needs_adjustment_or_mapping_review,,False
H1-L00072-03,INV-H1-000072,3,2024-04-08,Observation Cont Nurs,12,per_hour,9875,118500,72,False,True,False,False,,needs_review,Continuous Cardiac Nursing Observation,,,False,needs_mapping_or_unit_review,False,False,needs_adjustment_or_mapping_review,,False
H1-L00148-02,INV-H1-000148,2,2023-06-09,Intens Ger Nutr Support,9,per_unit_dispensed,4275,38475,148,False,False,True,False,Intensive Geriatric Nutritional Support,mapped_explicit_terms,Intensive Geriatric Nutritional Support,per_unit_dispensed,4275,True,checked,False,False,needs_adjustment_or_mapping_review,,False
H1-L00179-06,INV-H1-000179,6,2026-07-24,Postoperative Pulm Wnd Cr,2,per_visit,18050,36100,179,False,True,True,False,Postoperative Pulmonary Wound Care,mapped_explicit_terms,Postoperative Pulmonary Wound Care,per_visit,18050,True,checked,False,False,needs_adjustment_or_mapping_review,,False
H1-L00186-03,INV-H1-000186,3,2024-06-04,Occ - Inpt Isol Rm /NG-2747,6,per_night,179600,1102600,186,False,False,False,True,,needs_review,Inpatient Palliative Isolation Room Occupancy,,,False,needs_mapping_or_unit_review,False,False,needs_adjustment_or_mapping_review,,False
H1-L00211-05,INV-H1-000211,5,2024-06-25,Fract Inpt Ophthalmic Radiotherapy /NG-8037,5,per_unit_dispensed,25300,126500,211,False,False,False,False,Inpatient Ophthalmic Radiotherapy Fraction,mapped_explicit_terms,Inpatient Ophthalmic Radiotherapy Fraction,per_item,25300,False,checked,True,False,needs_adjustment_or_mapping_review,,False
H1-L00219-09,INV-H1-000219,9,2024-00-17,Consult Outpt Immun /NG-3689,2,per_procedure,279225,558450,219,True,False,False,False,Outpatient Immunologic Consultation,mapped_explicit_terms,Outpatient Immunologic Consultation,per_procedure,279225,True,checked,False,False,needs_adjustment_or_mapping_review,,False
H1-L00236-10,INV-H1-000236,10,2024-07-21,Fract Emergency Ren Radiother,5,per_item,11000,55000,236,False,False,False,False,Emergency Renal Radiotherapy Fraction,mapped_explicit_terms,Emergency Renal Radiotherapy Fraction,per_item,11000,False,checked,False,False,weekend_rule_checked,13200,True
H1-L00257-04,INV-H1-000257,4,2024-08-03,Endo Dial Sess Std,2,per_visit,37600,82700,257,False,False,False,True,Standard Endocrine Dialysis Session,mapped_explicit_terms,Standard Endocrine Dialysis Session,per_visit,37600,False,checked,False,False,needs_adjustment_or_mapping_review,,False
H1-L00257-11,INV-H1-000257,11,2024-08-04,Ambulatory - Immunologic Wd Bed Occ /NG-8463,3,per_procedure,87250,261750,257,False,False,False,False,Ambulatory Immunologic Ward Bed Occupancy,mapped_explicit_terms,Ambulatory Immunologic Ward Bed Occupancy,per_day,87250,True,checked,True,False,needs_adjustment_or_mapping_review,,False
H1-L00274-01,INV-H1-000274,1,2024-09-18,Amb Infectious Hm Visit,2,per_visit,8225,16450,274,False,True,False,False,Ambulatory Infectious Home Visit,mapped_explicit_terms,Ambulatory Infectious Home Visit,per_visit,8225,True,checked,False,False,base_rate_checked,8225,False
H1-L00274-08,INV-H1-000274,8,2024-09-10,Occupancy Bedside Ent Recovery Room,6,per_night,150450,902700,274,False,True,False,False,Bedside Otolaryngologic Recovery Room Occupancy,mapped_explicit_terms,Bedside Otolaryngologic Recovery Room Occupancy,per_night,150450,True,checked,False,False,base_rate_checked,150450,False
H1-L00281-10,INV-H1-000281,10,31/02/2024,Occupancy Bedside Ent Recovery Room,2,per_night,150450,300900,281,True,False,False,False,Bedside Otolaryngologic Recovery Room Occupancy,mapped_explicit_terms,Bedside Otolaryngologic Recovery Room Occupancy,per_night,150450,True,checked,False,False,needs_adjustment_or_mapping_review,,False
H1-L00369-12,INV-H1-000369,12,2024-11-06,Standard Ent Radiotherapy Fract,9,per_test,17675,159075,369,False,False,False,False,Standard Otolaryngologic Radiotherapy Fraction,mapped_explicit_terms,Standard Otolaryngologic Radiotherapy Fraction,per_item,25250,False,checked,True,False,needs_adjustment_or_mapping_review,,False
H1-L00483-02,INV-H1-000457,2,2025-02-01,Ext Geriatric Wnd Cr /NG-7617,4,per_unit_dispensed,8585,34340,483,False,False,False,False,Extended Geriatric Wound Care,mapped_explicit_terms,Extended Geriatric Wound Care,per_item,10100,False,checked,True,False,needs_adjustment_or_mapping_review,,False
H1-L00552-12,INV-H1-000552,12,2025-02-30,Occupancy Postop Obstetric Isol Room,1,per_day,43525,43525,552,True,False,False,False,Postoperative Obstetric Isolation Room Occupancy,mapped_explicit_terms,Postoperative Obstetric Isolation Room Occupancy,per_day,43525,True,checked,False,False,needs_adjustment_or_mapping_review,,False
H1-L00552-14,INV-H1-000552,14,2025-03-25,Intensive Gi Isolation Rm Occ,4,per_night,112508,442532,552,False,False,False,True,Intensive Gastrointestinal Isolation Room Occupancy,mapped_explicit_terms,Intensive Gastrointestinal Isolation Room Occupancy,per_night,160725,False,checked,False,False,needs_adjustment_or_mapping_review,,False
H1-L00552-15,INV-H1-000552,15,2025-03-26,Occ - Postoperative Metabolic Critical Care,4,per_item,59700,238800,552,False,False,False,False,Postoperative Metabolic Critical Care Occupancy,mapped_explicit_terms,Postoperative Metabolic Critical Care Occupancy,per_night,59700,True,checked,True,False,needs_adjustment_or_mapping_review,,False
H1-L00571-03,INV-H1-000571,3,2025-04-16,Interm Rehab Programme,1,per_visit,12105,19605,571,False,False,False,True,,needs_review,Intermittent Pulmonary Rehabilitation Programme,,,False,needs_mapping_or_unit_review,False,False,needs_adjustment_or_mapping_review,,False
H1-L00619-07,INV-H1-000619,7,2025-05-17,Emergency Ren Radiotherapy Fract,9,per_item,11000,99000,619,False,False,False,False,Emergency Renal Radiotherapy Fraction,mapped_explicit_terms,Emergency Renal Radiotherapy Fraction,per_item,11000,False,checked,False,False,weekend_rule_checked,13200,True
H1-L00635-01,INV-H1-000635,1,2025-06-03,Intermittent - Derm Transf Svc,1,per_item,243150,243150,635,False,False,False,False,Intermittent Dermatologic Transfusion Service,mapped_explicit_terms,Intermittent Dermatologic Transfusion Service,per_procedure,243150,True,checked,True,False,needs_adjustment_or_mapping_review,,False
H1-L00635-02,INV-H1-000635,2,2025-06-03,Inpatient Vascular Diag Imaging,6,per_item,6362,38172,635,False,False,False,False,Inpatient Vascular Diagnostic Imaging,mapped_explicit_terms,Inpatient Vascular Diagnostic Imaging,per_item,12725,True,checked,False,True,base_rate_checked,12725,False
H1-L00650-07,INV-H1-000650,7,2025-06-31,Inpatient Ophth Transp Svc,10,per_item,4800,48000,650,True,False,False,False,Inpatient Ophthalmic Transport Service,mapped_explicit_terms,Inpatient Ophthalmic Transport Service,per_item,4800,True,checked,False,False,needs_adjustment_or_mapping_review,,False
H1-L00659-07,INV-H1-000659,7,2023-02-24,Inpt Palliative Isol Room Occupancy,1,per_night,179600,179600,659,False,False,True,False,Inpatient Palliative Isolation Room Occupancy,mapped_explicit_terms,Inpatient Palliative Isolation Room Occupancy,per_night,179600,False,checked,False,False,needs_adjustment_or_mapping_review,,False
H1-L00659-09,INV-H1-000659,9,2022-12-30,Cont Ent Telem Monit,4,per_day,111975,447900,659,False,False,True,False,Continuous Otolaryngologic Telemetry Monitoring,mapped_explicit_terms,Continuous Otolaryngologic Telemetry Monitoring,per_day,111975,False,checked,False,False,needs_adjustment_or_mapping_review,,False
H1-L00674-08,INV-H1-000674,8,2025-08-07,Occ Inpt Msk Wd Bd,5,per_day,35625,178125,674,False,True,False,False,Inpatient Musculoskeletal Ward Bed Occupancy,mapped_explicit_terms,Inpatient Musculoskeletal Ward Bed Occupancy,per_day,35625,True,checked,False,False,base_rate_checked,35625,False
H1-L00677-05,INV-H1-000677,5,2025-07-07,Supervised - Ren Isolation Room Occupancy,5,per_night,287875,1439375,677,False,False,False,False,Supervised Renal Isolation Room Occupancy,mapped_explicit_terms,Supervised Renal Isolation Room Occupancy,per_night,164500,True,checked,False,True,base_rate_checked,164500,False
H1-L00677-12,INV-H1-000677,12,2025-07-06,Observation Compr Infectious Nurs,4,per_night,127369,509476,677,False,False,False,False,Comprehensive Infectious Nursing Observation,mapped_explicit_terms,Comprehensive Infectious Nursing Observation,per_day,169825,False,checked,True,False,needs_adjustment_or_mapping_review,,False
H1-L00703-01,INV-H1-000703,1,2025-07-22,Programme Interm Pulmonary Rehab,2,per_hour,12105,24210,703,False,False,False,False,Intermittent Pulmonary Rehabilitation Programme,mapped_explicit_terms,Intermittent Pulmonary Rehabilitation Programme,per_visit,13450,False,checked,True,False,needs_adjustment_or_mapping_review,,False
H1-L00703-05,INV-H1-000703,5,2025-07-22,Ext Pall Lab Panel /NG-9077,2,per_test,17850,28200,703,False,False,False,True,Extended Palliative Laboratory Panel,mapped_explicit_terms,Extended Palliative Laboratory Panel,per_test,17850,False,checked,False,False,needs_adjustment_or_mapping_review,,False
H1-L00717-10,INV-H1-000717,10,2025-07-30,Svc Routine Derm Transf /NG-2484,1,per_hour,5325,5325,717,False,False,False,False,Routine Dermatologic Transfusion Service,mapped_explicit_terms,Routine Dermatologic Transfusion Service,per_unit_dispensed,5325,True,checked,True,False,needs_adjustment_or_mapping_review,,False
H1-L00748-08,INV-H1-000748,8,2026-05-12,Observation Cont Nurs,16,per_hour,9875,158000,748,False,True,True,False,,needs_review,Continuous Cardiac Nursing Observation,,,False,needs_mapping_or_unit_review,False,False,needs_adjustment_or_mapping_review,,False
H1-L00748-12,INV-H1-000748,12,2025-09-13,Consult Outpt Immun /NG-3689,1,per_procedure,279225,279225,748,False,True,False,False,Outpatient Immunologic Consultation,mapped_explicit_terms,Outpatient Immunologic Consultation,per_procedure,279225,True,checked,False,False,base_rate_checked,279225,False
H1-L00847-02,INV-H1-000847,2,2025-11-02,Routine Card Specimen Analysis,10,per_unit_dispensed,19150,191500,847,False,False,False,False,Routine Cardiac Specimen Analysis,mapped_explicit_terms,Routine Cardiac Specimen Analysis,per_item,23350,False,checked,True,False,needs_adjustment_or_mapping_review,,False
H1-L00852-12,INV-H1-000852,12,2026-07-01,Compr - Otolaryngologic Rehab Prog,1,per_visit,27025,27025,852,False,True,True,False,Comprehensive Otolaryngologic Rehabilitation Programme,mapped_explicit_terms,Comprehensive Otolaryngologic Rehabilitation Programme,per_visit,27025,True,checked,False,False,needs_adjustment_or_mapping_review,,False
