invoice_id,hospital_id,contract_number,invoice_date,patient_id,facility_code,plan_tier,admission_date,discharge_date,invoice_total_cents,record_id,duplicate_invoice_id,contract_number_mismatch,malformed_invoice_date,sum_of_lines_cents,missing_items,invoice_total_mismatch,malformed_service_date,service_date_after_invoice_date,service_date_out_of_window,line_total_arithmetic,detected_errors,review_status,wrong_unit_basis,unit_price_mismatch,weekend_rate_mismatch,daily_cap_exceeded,quantity_premium_rate_mismatch
INV-H4-000073,H4,INS-H4-2024-2049,2024-03-14,PT-H4-000078,F-MAIN,SILVER,2024-03-13,2024-03-14,1575625,73,True,False,False,1575625,False,False,False,False,False,False,duplicate_invoice_id,errors_detected,False,False,False,False,False
INV-H4-000079,H4,INS-H4-2024-2049,2024-03-25,PT-H4-000161,F-MAIN,GOLD,2024-03-19,2024-03-22,233850,79,True,False,False,233850,False,False,False,True,True,False,duplicate_invoice_id|service_date_after_invoice_date|service_date_out_of_window,errors_detected,False,False,False,False,False
INV-H4-000264,H4,INS-H4-2024-2049,2024-09-04,PT-H4-000210,F-MAIN,SILVER,2024-09-04,2024-09-04,2802450,264,True,False,False,2802450,False,False,False,False,False,False,duplicate_invoice_id,errors_detected,False,False,False,False,False
INV-H4-000079,H4,INS-H4-2024-2049,2024-10-13,PT-H4-000040,F-MAIN,GOLD,2024-10-05,2024-10-08,1486726,303,True,False,False,1486726,False,False,False,False,False,False,duplicate_invoice_id,errors_detected,False,False,False,False,False
INV-H4-000264,H4,INS-H4-2024-2049,2025-01-11,PT-H4-000160,F-MAIN,GOLD,2025-01-03,2025-01-06,4696974,418,True,False,False,4696974,False,False,False,False,False,False,duplicate_invoice_id|quantity_premium_rate_mismatch,errors_detected,False,False,False,False,True
INV-H4-000431,H4,INS-H4-2024-2049,2025-01-16,PT-H4-000125,F-MAIN,GOLD,2025-01-14,2025-01-14,824750,431,True,False,False,824750,False,False,False,False,False,False,duplicate_invoice_id,errors_detected,False,False,False,False,False
INV-H4-000073,H4,INS-H4-2024-2049,2025-04-18,PT-H4-000110,F-MAIN,GOLD,2025-04-07,2025-04-08,1732300,517,True,False,False,1732300,False,False,False,False,False,False,duplicate_invoice_id,errors_detected,False,False,False,False,False
INV-H4-000607,H4,INS-H4-2024-2049,2025-06-29,PT-H4-000092,F-MAIN,SILVER,2025-06-16,2025-06-21,2023725,607,True,False,False,2023725,False,False,False,False,False,False,duplicate_invoice_id,errors_detected,False,False,False,False,False
INV-H4-000607,H4,INS-H4-2024-2049,2025-11-16,PT-H4-000176,F-MAIN,GOLD,2025-11-14,2025-11-16,1108400,787,True,False,False,1108400,False,False,False,False,False,False,duplicate_invoice_id,errors_detected,False,False,False,False,False
INV-H4-000431,H4,INS-H4-2024-2049,2025-12-31,PT-H4-000152,F-MAIN,SILVER,2025-12-27,2025-12-31,1837700,839,True,False,False,1837700,False,False,False,False,False,False,duplicate_invoice_id,errors_detected,False,False,False,False,False
