line_id,status
H4-L00001-01,no_mapped_trigger_found_not_clearance
H4-L00001-06,no_mapped_trigger_in_window_not_clearance
H4-L00003-01,no_mapped_trigger_found_not_clearance
H4-L00003-02,no_mapped_trigger_found_not_clearance
H4-L00003-11,no_mapped_trigger_in_window_not_clearance
H4-L00003-12,no_mapped_trigger_found_not_clearance
H4-L00003-20,no_mapped_trigger_in_window_not_clearance
H4-L00004-11,no_mapped_trigger_found_not_clearance
H4-L00004-15,no_mapped_trigger_found_not_clearance
H4-L00005-02,no_mapped_trigger_found_not_clearance
H4-L00007-14,no_mapped_trigger_in_window_not_clearance
H4-L00008-04,no_mapped_trigger_in_window_not_clearance
H4-L00009-12,no_mapped_trigger_found_not_clearance
H4-L00009-13,no_mapped_trigger_found_not_clearance
H4-L00010-01,no_mapped_trigger_in_window_not_clearance
H4-L00010-03,no_mapped_trigger_found_not_clearance
H4-L00010-15,no_mapped_trigger_in_window_not_clearance
H4-L00011-06,no_mapped_trigger_found_not_clearance
H4-L00011-10,no_mapped_trigger_found_not_clearance
H4-L00011-15,no_mapped_trigger_in_window_not_clearance
H4-L00012-05,no_mapped_trigger_found_not_clearance
H4-L00013-03,no_mapped_trigger_found_not_clearance
H4-L00013-09,no_mapped_trigger_found_not_clearance
H4-L00013-11,no_mapped_trigger_found_not_clearance
H4-L00013-12,no_mapped_trigger_found_not_clearance
H4-L00013-14,no_mapped_trigger_found_not_clearance
H4-L00013-16,no_mapped_trigger_found_not_clearance
H4-L00013-17,no_mapped_trigger_found_not_clearance
H4-L00014-01,no_mapped_trigger_found_not_clearance
H4-L00014-06,no_mapped_trigger_found_not_clearance
H4-L00014-07,no_mapped_trigger_in_window_not_clearance
H4-L00014-08,no_mapped_trigger_found_not_clearance
H4-L00014-10,no_mapped_trigger_found_not_clearance
H4-L00014-11,no_mapped_trigger_in_window_not_clearance
H4-L00014-12,no_mapped_trigger_in_window_not_clearance
H4-L00015-12,no_mapped_trigger_found_not_clearance
H4-L00016-09,no_mapped_trigger_found_not_clearance
H4-L00016-13,no_mapped_trigger_found_not_clearance
H4-L00018-02,no_mapped_trigger_found_not_clearance
H4-L00018-04,no_mapped_trigger_found_not_clearance
H4-L00018-05,no_mapped_trigger_found_not_clearance
H4-L00018-06,no_mapped_trigger_in_window_not_clearance
H4-L00018-08,no_mapped_trigger_found_not_clearance
H4-L00019-01,no_mapped_trigger_in_window_not_clearance
H4-L00019-03,no_mapped_trigger_found_not_clearance
H4-L00019-04,no_mapped_trigger_found_not_clearance
H4-L00020-03,no_mapped_trigger_found_not_clearance
H4-L00020-06,no_mapped_trigger_found_not_clearance
H4-L00020-10,no_mapped_trigger_in_window_not_clearance
H4-L00020-12,no_mapped_trigger_in_window_not_clearance
H4-L00021-06,no_mapped_trigger_in_window_not_clearance
H4-L00021-08,no_mapped_trigger_found_not_clearance
H4-L00022-05,no_mapped_trigger_in_window_not_clearance
H4-L00023-03,no_mapped_trigger_found_not_clearance
H4-L00023-07,no_mapped_trigger_found_not_clearance
H4-L00023-12,no_mapped_trigger_found_not_clearance
H4-L00025-02,no_mapped_trigger_in_window_not_clearance
H4-L00026-12,no_mapped_trigger_in_window_not_clearance
H4-L00027-04,no_mapped_trigger_found_not_clearance
H4-L00027-05,no_mapped_trigger_found_not_clearance
H4-L00027-09,no_mapped_trigger_in_window_not_clearance
H4-L00028-04,no_mapped_trigger_found_not_clearance
H4-L00029-02,no_mapped_trigger_in_window_not_clearance
H4-L00030-02,no_mapped_trigger_found_not_clearance
H4-L00031-03,no_mapped_trigger_found_not_clearance
H4-L00031-05,no_mapped_trigger_found_not_clearance
H4-L00031-06,no_mapped_trigger_found_not_clearance
H4-L00031-12,no_mapped_trigger_found_not_clearance
H4-L00031-13,no_mapped_trigger_found_not_clearance
H4-L00034-11,no_mapped_trigger_found_not_clearance
H4-L00035-05,no_mapped_trigger_found_not_clearance
H4-L00035-16,no_mapped_trigger_found_not_clearance
H4-L00036-01,no_mapped_trigger_found_not_clearance
H4-L00036-06,no_mapped_trigger_found_not_clearance
H4-L00036-07,no_mapped_trigger_found_not_clearance
H4-L00036-15,no_mapped_trigger_in_window_not_clearance
H4-L00037-03,no_mapped_trigger_found_not_clearance
H4-L00037-14,no_mapped_trigger_found_not_clearance
H4-L00038-01,no_mapped_trigger_in_window_not_clearance
H4-L00038-06,no_mapped_trigger_found_not_clearance
H4-L00038-10,no_mapped_trigger_found_not_clearance
H4-L00039-06,no_mapped_trigger_found_not_clearance
H4-L00039-07,no_mapped_trigger_found_not_clearance
H4-L00039-08,no_mapped_trigger_found_not_clearance
H4-L00040-04,no_mapped_trigger_in_window_not_clearance
H4-L00040-12,no_mapped_trigger_found_not_clearance
H4-L00040-15,no_mapped_trigger_found_not_clearance
H4-L00041-03,no_mapped_trigger_in_window_not_clearance
H4-L00041-07,no_mapped_trigger_in_window_not_clearance
H4-L00042-10,no_mapped_trigger_in_window_not_clearance
H4-L00042-16,no_mapped_trigger_found_not_clearance
H4-L00044-18,no_mapped_trigger_in_window_not_clearance
H4-L00045-07,no_mapped_trigger_found_not_clearance
H4-L00046-02,no_mapped_trigger_found_not_clearance
H4-L00046-05,no_mapped_trigger_in_window_not_clearance
H4-L00047-01,no_mapped_trigger_in_window_not_clearance
H4-L00047-04,no_mapped_trigger_found_not_clearance
H4-L00047-07,no_mapped_trigger_in_window_not_clearance
H4-L00047-14,no_mapped_trigger_found_not_clearance
H4-L00047-16,no_mapped_trigger_in_window_not_clearance
H4-L00049-05,no_mapped_trigger_found_not_clearance
H4-L00049-09,no_mapped_trigger_found_not_clearance
H4-L00050-09,no_mapped_trigger_in_window_not_clearance
H4-L00051-02,no_mapped_trigger_in_window_not_clearance
H4-L00052-07,no_mapped_trigger_found_not_clearance
H4-L00052-16,no_mapped_trigger_in_window_not_clearance
H4-L00053-15,no_mapped_trigger_in_window_not_clearance
H4-L00054-01,no_mapped_trigger_found_not_clearance
H4-L00054-07,no_mapped_trigger_found_not_clearance
H4-L00055-05,no_mapped_trigger_found_not_clearance
H4-L00055-07,no_mapped_trigger_found_not_clearance
H4-L00055-10,no_mapped_trigger_found_not_clearance
H4-L00055-17,no_mapped_trigger_in_window_not_clearance
H4-L00057-03,no_mapped_trigger_found_not_clearance
H4-L00058-05,no_mapped_trigger_found_not_clearance
H4-L00059-05,no_mapped_trigger_found_not_clearance
H4-L00060-01,no_mapped_trigger_found_not_clearance
H4-L00061-02,no_mapped_trigger_found_not_clearance
H4-L00062-08,no_mapped_trigger_in_window_not_clearance
H4-L00063-01,no_mapped_trigger_in_window_not_clearance
H4-L00063-03,no_mapped_trigger_in_window_not_clearance
H4-L00067-11,no_mapped_trigger_found_not_clearance
H4-L00067-16,no_mapped_trigger_found_not_clearance
H4-L00068-06,no_mapped_trigger_in_window_not_clearance
H4-L00069-08,no_mapped_trigger_in_window_not_clearance
H4-L00069-12,no_mapped_trigger_in_window_not_clearance
H4-L00070-07,no_mapped_trigger_found_not_clearance
H4-L00070-17,no_mapped_trigger_found_not_clearance
H4-L00070-18,no_mapped_trigger_in_window_not_clearance
H4-L00071-03,no_mapped_trigger_in_window_not_clearance
H4-L00071-07,no_mapped_trigger_found_not_clearance
H4-L00072-03,no_mapped_trigger_in_window_not_clearance
H4-L00072-07,no_mapped_trigger_found_not_clearance
H4-L00073-03,no_mapped_trigger_found_not_clearance
H4-L00073-04,no_mapped_trigger_in_window_not_clearance
H4-L00074-11,no_mapped_trigger_found_not_clearance
H4-L00076-13,no_mapped_trigger_found_not_clearance
H4-L00077-06,no_mapped_trigger_in_window_not_clearance
H4-L00077-08,no_mapped_trigger_found_not_clearance
H4-L00077-11,no_mapped_trigger_found_not_clearance
H4-L00080-10,no_mapped_trigger_in_window_not_clearance
H4-L00080-14,no_mapped_trigger_found_not_clearance
H4-L00081-02,no_mapped_trigger_in_window_not_clearance
H4-L00081-05,no_mapped_trigger_found_not_clearance
H4-L00081-12,no_mapped_trigger_found_not_clearance
H4-L00082-07,no_mapped_trigger_in_window_not_clearance
H4-L00082-11,no_mapped_trigger_found_not_clearance
H4-L00082-17,no_mapped_trigger_found_not_clearance
H4-L00082-20,no_mapped_trigger_in_window_not_clearance
H4-L00084-01,no_mapped_trigger_found_not_clearance
H4-L00084-09,no_mapped_trigger_found_not_clearance
H4-L00084-15,no_mapped_trigger_found_not_clearance
H4-L00084-16,no_mapped_trigger_found_not_clearance
H4-L00086-04,no_mapped_trigger_found_not_clearance
H4-L00087-02,no_mapped_trigger_found_not_clearance
H4-L00087-08,no_mapped_trigger_found_not_clearance
H4-L00087-11,no_mapped_trigger_found_not_clearance
H4-L00088-05,no_mapped_trigger_found_not_clearance
H4-L00089-03,no_mapped_trigger_found_not_clearance
H4-L00089-04,no_mapped_trigger_in_window_not_clearance
H4-L00090-03,no_mapped_trigger_found_not_clearance
H4-L00092-03,no_mapped_trigger_in_window_not_clearance
H4-L00092-11,no_mapped_trigger_in_window_not_clearance
H4-L00092-13,no_mapped_trigger_in_window_not_clearance
H4-L00093-03,no_mapped_trigger_in_window_not_clearance
H4-L00093-05,no_mapped_trigger_in_window_not_clearance
H4-L00093-06,no_mapped_trigger_found_not_clearance
H4-L00093-14,no_mapped_trigger_in_window_not_clearance
H4-L00095-01,no_mapped_trigger_found_not_clearance
H4-L00095-03,no_mapped_trigger_found_not_clearance
H4-L00095-05,no_mapped_trigger_in_window_not_clearance
H4-L00096-01,no_mapped_trigger_in_window_not_clearance
H4-L00096-02,no_mapped_trigger_in_window_not_clearance
H4-L00096-03,no_mapped_trigger_found_not_clearance
H4-L00096-05,no_mapped_trigger_found_not_clearance
H4-L00097-04,no_mapped_trigger_found_not_clearance
H4-L00097-07,no_mapped_trigger_in_window_not_clearance
H4-L00098-09,no_mapped_trigger_found_not_clearance
H4-L00098-12,no_mapped_trigger_found_not_clearance
H4-L00098-15,no_mapped_trigger_found_not_clearance
H4-L00099-01,no_mapped_trigger_found_not_clearance
H4-L00099-04,no_mapped_trigger_found_not_clearance
H4-L00099-06,no_mapped_trigger_found_not_clearance
H4-L00099-09,no_mapped_trigger_in_window_not_clearance
H4-L00099-12,no_mapped_trigger_in_window_not_clearance
H4-L00100-06,no_mapped_trigger_found_not_clearance
H4-L00102-02,no_mapped_trigger_found_not_clearance
H4-L00106-07,no_mapped_trigger_found_not_clearance
H4-L00107-13,no_mapped_trigger_found_not_clearance
H4-L00108-02,no_mapped_trigger_in_window_not_clearance
H4-L00108-06,no_mapped_trigger_found_not_clearance
H4-L00109-05,no_mapped_trigger_found_not_clearance
H4-L00110-06,no_mapped_trigger_in_window_not_clearance
H4-L00110-08,no_mapped_trigger_in_window_not_clearance
H4-L00111-04,no_mapped_trigger_found_not_clearance
H4-L00111-06,no_mapped_trigger_found_not_clearance
H4-L00111-12,no_mapped_trigger_found_not_clearance
H4-L00111-14,no_mapped_trigger_found_not_clearance
H4-L00114-05,no_mapped_trigger_found_not_clearance
H4-L00114-08,no_mapped_trigger_in_window_not_clearance
H4-L00114-09,no_mapped_trigger_in_window_not_clearance
H4-L00114-11,no_mapped_trigger_in_window_not_clearance
H4-L00115-05,no_mapped_trigger_found_not_clearance
H4-L00115-08,no_mapped_trigger_found_not_clearance
H4-L00115-12,no_mapped_trigger_in_window_not_clearance
H4-L00115-13,no_mapped_trigger_found_not_clearance
H4-L00117-07,no_mapped_trigger_found_not_clearance
H4-L00118-01,no_mapped_trigger_found_not_clearance
H4-L00118-05,no_mapped_trigger_found_not_clearance
H4-L00118-10,no_mapped_trigger_in_window_not_clearance
H4-L00118-13,no_mapped_trigger_found_not_clearance
H4-L00118-15,no_mapped_trigger_found_not_clearance
H4-L00119-02,no_mapped_trigger_found_not_clearance
H4-L00120-09,no_mapped_trigger_found_not_clearance
H4-L00121-01,no_mapped_trigger_found_not_clearance
H4-L00122-03,no_mapped_trigger_in_window_not_clearance
H4-L00122-04,no_mapped_trigger_found_not_clearance
H4-L00123-02,no_mapped_trigger_in_window_not_clearance
H4-L00123-04,no_mapped_trigger_in_window_not_clearance
H4-L00123-08,no_mapped_trigger_in_window_not_clearance
H4-L00123-09,no_mapped_trigger_found_not_clearance
H4-L00124-03,no_mapped_trigger_in_window_not_clearance
H4-L00124-12,no_mapped_trigger_in_window_not_clearance
H4-L00125-03,no_mapped_trigger_found_not_clearance
H4-L00126-05,no_mapped_trigger_found_not_clearance
H4-L00126-06,no_mapped_trigger_found_not_clearance
H4-L00128-04,no_mapped_trigger_found_not_clearance
H4-L00129-02,no_mapped_trigger_in_window_not_clearance
H4-L00130-03,no_mapped_trigger_found_not_clearance
H4-L00130-04,no_mapped_trigger_found_not_clearance
H4-L00131-01,no_mapped_trigger_in_window_not_clearance
H4-L00132-04,no_mapped_trigger_found_not_clearance
H4-L00132-05,no_mapped_trigger_found_not_clearance
H4-L00133-03,no_mapped_trigger_found_not_clearance
H4-L00133-05,no_mapped_trigger_in_window_not_clearance
H4-L00135-05,no_mapped_trigger_found_not_clearance
H4-L00135-10,no_mapped_trigger_in_window_not_clearance
H4-L00135-12,no_mapped_trigger_in_window_not_clearance
H4-L00138-05,no_mapped_trigger_found_not_clearance
H4-L00139-05,no_mapped_trigger_in_window_not_clearance
H4-L00139-11,no_mapped_trigger_in_window_not_clearance
H4-L00139-12,no_mapped_trigger_in_window_not_clearance
H4-L00140-05,no_mapped_trigger_in_window_not_clearance
H4-L00141-03,no_mapped_trigger_found_not_clearance
H4-L00141-07,no_mapped_trigger_found_not_clearance
H4-L00142-06,no_mapped_trigger_found_not_clearance
H4-L00142-11,no_mapped_trigger_found_not_clearance
H4-L00143-03,no_mapped_trigger_in_window_not_clearance
H4-L00145-15,no_mapped_trigger_found_not_clearance
H4-L00146-07,no_mapped_trigger_found_not_clearance
H4-L00147-06,no_mapped_trigger_found_not_clearance
H4-L00147-07,no_mapped_trigger_found_not_clearance
H4-L00148-05,no_mapped_trigger_found_not_clearance
H4-L00149-01,no_mapped_trigger_found_not_clearance
H4-L00150-01,no_mapped_trigger_in_window_not_clearance
H4-L00150-07,no_mapped_trigger_found_not_clearance
H4-L00151-01,no_mapped_trigger_found_not_clearance
H4-L00151-02,no_mapped_trigger_found_not_clearance
H4-L00151-04,no_mapped_trigger_found_not_clearance
H4-L00151-06,no_mapped_trigger_found_not_clearance
H4-L00151-12,no_mapped_trigger_found_not_clearance
H4-L00151-14,no_mapped_trigger_found_not_clearance
H4-L00152-01,no_mapped_trigger_in_window_not_clearance
H4-L00152-02,no_mapped_trigger_in_window_not_clearance
H4-L00153-01,no_mapped_trigger_in_window_not_clearance
H4-L00153-02,no_mapped_trigger_found_not_clearance
H4-L00153-05,no_mapped_trigger_in_window_not_clearance
H4-L00153-11,no_mapped_trigger_found_not_clearance
H4-L00153-13,no_mapped_trigger_found_not_clearance
H4-L00159-04,no_mapped_trigger_found_not_clearance
H4-L00159-09,no_mapped_trigger_found_not_clearance
H4-L00160-01,no_mapped_trigger_found_not_clearance
H4-L00161-08,no_mapped_trigger_in_window_not_clearance
H4-L00162-02,no_mapped_trigger_in_window_not_clearance
H4-L00162-03,no_mapped_trigger_found_not_clearance
H4-L00162-05,no_mapped_trigger_found_not_clearance
H4-L00163-11,no_mapped_trigger_found_not_clearance
H4-L00164-05,no_mapped_trigger_found_not_clearance
H4-L00164-06,no_mapped_trigger_found_not_clearance
H4-L00167-02,no_mapped_trigger_in_window_not_clearance
H4-L00167-05,no_mapped_trigger_found_not_clearance
H4-L00168-05,no_mapped_trigger_found_not_clearance
H4-L00168-12,no_mapped_trigger_found_not_clearance
H4-L00168-14,potential_exclusion_found
H4-L00169-03,no_mapped_trigger_found_not_clearance
H4-L00170-05,no_mapped_trigger_found_not_clearance
H4-L00171-08,no_mapped_trigger_found_not_clearance
H4-L00171-16,no_mapped_trigger_in_window_not_clearance
H4-L00172-02,no_mapped_trigger_found_not_clearance
H4-L00173-01,no_mapped_trigger_found_not_clearance
H4-L00173-02,no_mapped_trigger_in_window_not_clearance
H4-L00173-04,no_mapped_trigger_in_window_not_clearance
H4-L00174-02,no_mapped_trigger_found_not_clearance
H4-L00174-07,no_mapped_trigger_found_not_clearance
H4-L00175-06,no_mapped_trigger_found_not_clearance
H4-L00176-12,no_mapped_trigger_found_not_clearance
H4-L00177-04,no_mapped_trigger_found_not_clearance
H4-L00177-10,no_mapped_trigger_in_window_not_clearance
H4-L00177-12,no_mapped_trigger_found_not_clearance
H4-L00178-03,no_mapped_trigger_in_window_not_clearance
H4-L00178-09,no_mapped_trigger_found_not_clearance
H4-L00180-02,no_mapped_trigger_found_not_clearance
H4-L00180-05,no_mapped_trigger_found_not_clearance
H4-L00181-01,no_mapped_trigger_found_not_clearance
H4-L00181-02,no_mapped_trigger_found_not_clearance
H4-L00181-05,no_mapped_trigger_found_not_clearance
H4-L00182-12,no_mapped_trigger_in_window_not_clearance
H4-L00182-17,no_mapped_trigger_found_not_clearance
H4-L00183-06,no_mapped_trigger_found_not_clearance
H4-L00183-07,no_mapped_trigger_found_not_clearance
H4-L00183-09,no_mapped_trigger_in_window_not_clearance
H4-L00183-14,no_mapped_trigger_in_window_not_clearance
H4-L00183-16,no_mapped_trigger_found_not_clearance
H4-L00185-02,no_mapped_trigger_in_window_not_clearance
H4-L00185-06,no_mapped_trigger_in_window_not_clearance
H4-L00185-08,no_mapped_trigger_in_window_not_clearance
H4-L00187-06,no_mapped_trigger_found_not_clearance
H4-L00187-07,no_mapped_trigger_found_not_clearance
H4-L00187-15,no_mapped_trigger_found_not_clearance
H4-L00188-03,no_mapped_trigger_in_window_not_clearance
H4-L00188-08,no_mapped_trigger_found_not_clearance
H4-L00190-06,no_mapped_trigger_found_not_clearance
H4-L00190-08,no_mapped_trigger_found_not_clearance
H4-L00190-14,no_mapped_trigger_found_not_clearance
H4-L00191-03,no_mapped_trigger_found_not_clearance
H4-L00191-05,no_mapped_trigger_found_not_clearance
H4-L00191-07,no_mapped_trigger_in_window_not_clearance
H4-L00191-13,no_mapped_trigger_in_window_not_clearance
H4-L00193-05,no_mapped_trigger_in_window_not_clearance
H4-L00194-06,no_mapped_trigger_found_not_clearance
H4-L00194-12,no_mapped_trigger_found_not_clearance
H4-L00194-15,no_mapped_trigger_found_not_clearance
H4-L00194-17,no_mapped_trigger_found_not_clearance
H4-L00196-11,no_mapped_trigger_found_not_clearance
H4-L00196-18,no_mapped_trigger_found_not_clearance
H4-L00197-12,no_mapped_trigger_found_not_clearance
H4-L00198-04,no_mapped_trigger_found_not_clearance
H4-L00198-05,no_mapped_trigger_in_window_not_clearance
H4-L00199-02,no_mapped_trigger_found_not_clearance
H4-L00199-10,no_mapped_trigger_found_not_clearance
H4-L00199-11,no_mapped_trigger_found_not_clearance
H4-L00201-03,no_mapped_trigger_in_window_not_clearance
H4-L00201-07,no_mapped_trigger_in_window_not_clearance
H4-L00202-04,no_mapped_trigger_found_not_clearance
H4-L00203-05,no_mapped_trigger_found_not_clearance
H4-L00203-10,no_mapped_trigger_in_window_not_clearance
H4-L00203-11,no_mapped_trigger_found_not_clearance
H4-L00204-02,no_mapped_trigger_found_not_clearance
H4-L00205-03,no_mapped_trigger_found_not_clearance
H4-L00206-07,no_mapped_trigger_found_not_clearance
H4-L00208-04,no_mapped_trigger_in_window_not_clearance
H4-L00208-08,no_mapped_trigger_found_not_clearance
H4-L00209-03,no_mapped_trigger_found_not_clearance
H4-L00209-05,no_mapped_trigger_found_not_clearance
H4-L00209-10,no_mapped_trigger_in_window_not_clearance
H4-L00210-02,no_mapped_trigger_in_window_not_clearance
H4-L00210-03,no_mapped_trigger_in_window_not_clearance
H4-L00210-11,no_mapped_trigger_in_window_not_clearance
H4-L00210-12,no_mapped_trigger_in_window_not_clearance
H4-L00212-05,no_mapped_trigger_in_window_not_clearance
H4-L00213-04,no_mapped_trigger_found_not_clearance
H4-L00213-05,no_mapped_trigger_found_not_clearance
H4-L00214-05,no_mapped_trigger_found_not_clearance
H4-L00214-16,no_mapped_trigger_in_window_not_clearance
H4-L00216-05,no_mapped_trigger_in_window_not_clearance
H4-L00217-05,no_mapped_trigger_in_window_not_clearance
H4-L00218-02,no_mapped_trigger_in_window_not_clearance
H4-L00218-09,no_mapped_trigger_found_not_clearance
H4-L00219-05,no_mapped_trigger_found_not_clearance
H4-L00219-07,no_mapped_trigger_in_window_not_clearance
H4-L00219-13,no_mapped_trigger_found_not_clearance
H4-L00219-15,no_mapped_trigger_in_window_not_clearance
H4-L00220-06,no_mapped_trigger_found_not_clearance
H4-L00220-08,no_mapped_trigger_in_window_not_clearance
H4-L00221-10,no_mapped_trigger_in_window_not_clearance
H4-L00222-03,no_mapped_trigger_found_not_clearance
H4-L00223-01,no_mapped_trigger_in_window_not_clearance
H4-L00225-01,no_mapped_trigger_found_not_clearance
H4-L00225-07,no_mapped_trigger_found_not_clearance
H4-L00225-15,no_mapped_trigger_found_not_clearance
H4-L00226-06,no_mapped_trigger_found_not_clearance
H4-L00227-06,no_mapped_trigger_found_not_clearance
H4-L00228-01,no_mapped_trigger_found_not_clearance
H4-L00228-18,no_mapped_trigger_found_not_clearance
H4-L00229-01,no_mapped_trigger_in_window_not_clearance
H4-L00229-03,no_mapped_trigger_found_not_clearance
H4-L00230-02,no_mapped_trigger_found_not_clearance
H4-L00230-10,no_mapped_trigger_found_not_clearance
H4-L00233-07,no_mapped_trigger_found_not_clearance
H4-L00234-02,no_mapped_trigger_found_not_clearance
H4-L00235-05,no_mapped_trigger_in_window_not_clearance
H4-L00235-06,potential_exclusion_found
H4-L00236-10,no_mapped_trigger_found_not_clearance
H4-L00237-07,no_mapped_trigger_found_not_clearance
H4-L00238-09,no_mapped_trigger_found_not_clearance
H4-L00239-12,no_mapped_trigger_found_not_clearance
H4-L00240-02,no_mapped_trigger_found_not_clearance
H4-L00242-02,no_mapped_trigger_in_window_not_clearance
H4-L00242-04,no_mapped_trigger_found_not_clearance
H4-L00242-06,no_mapped_trigger_found_not_clearance
H4-L00242-09,no_mapped_trigger_in_window_not_clearance
H4-L00242-15,no_mapped_trigger_found_not_clearance
H4-L00243-01,no_mapped_trigger_in_window_not_clearance
H4-L00244-01,no_mapped_trigger_found_not_clearance
H4-L00244-09,no_mapped_trigger_found_not_clearance
H4-L00245-06,no_mapped_trigger_found_not_clearance
H4-L00246-07,no_mapped_trigger_found_not_clearance
H4-L00246-08,no_mapped_trigger_found_not_clearance
H4-L00247-10,no_mapped_trigger_in_window_not_clearance
H4-L00247-13,no_mapped_trigger_in_window_not_clearance
H4-L00247-17,no_mapped_trigger_in_window_not_clearance
H4-L00248-04,no_mapped_trigger_in_window_not_clearance
H4-L00248-06,no_mapped_trigger_in_window_not_clearance
H4-L00248-08,no_mapped_trigger_found_not_clearance
H4-L00249-08,no_mapped_trigger_found_not_clearance
H4-L00250-07,no_mapped_trigger_found_not_clearance
H4-L00250-08,no_mapped_trigger_found_not_clearance
H4-L00252-08,no_mapped_trigger_in_window_not_clearance
H4-L00253-03,no_mapped_trigger_found_not_clearance
H4-L00253-06,no_mapped_trigger_found_not_clearance
H4-L00255-01,no_mapped_trigger_found_not_clearance
H4-L00255-13,no_mapped_trigger_found_not_clearance
H4-L00256-05,no_mapped_trigger_found_not_clearance
H4-L00257-03,no_mapped_trigger_in_window_not_clearance
H4-L00257-04,no_mapped_trigger_found_not_clearance
H4-L00258-04,no_mapped_trigger_found_not_clearance
H4-L00259-01,no_mapped_trigger_in_window_not_clearance
H4-L00259-04,no_mapped_trigger_found_not_clearance
H4-L00259-15,no_mapped_trigger_found_not_clearance
H4-L00259-16,no_mapped_trigger_found_not_clearance
H4-L00260-03,no_mapped_trigger_in_window_not_clearance
H4-L00260-06,no_mapped_trigger_in_window_not_clearance
H4-L00261-09,no_mapped_trigger_in_window_not_clearance
H4-L00263-10,no_mapped_trigger_found_not_clearance
H4-L00264-01,no_mapped_trigger_found_not_clearance
H4-L00264-02,no_mapped_trigger_found_not_clearance
H4-L00264-03,no_mapped_trigger_found_not_clearance
H4-L00264-04,no_mapped_trigger_found_not_clearance
H4-L00265-18,no_mapped_trigger_found_not_clearance
H4-L00266-02,no_mapped_trigger_in_window_not_clearance
H4-L00267-01,no_mapped_trigger_in_window_not_clearance
H4-L00267-06,no_mapped_trigger_in_window_not_clearance
H4-L00267-10,no_mapped_trigger_found_not_clearance
H4-L00268-02,no_mapped_trigger_in_window_not_clearance
H4-L00268-07,no_mapped_trigger_in_window_not_clearance
H4-L00269-01,no_mapped_trigger_found_not_clearance
H4-L00269-14,no_mapped_trigger_found_not_clearance
H4-L00269-18,no_mapped_trigger_in_window_not_clearance
H4-L00270-02,no_mapped_trigger_found_not_clearance
H4-L00270-03,no_mapped_trigger_in_window_not_clearance
H4-L00270-15,no_mapped_trigger_found_not_clearance
H4-L00271-12,no_mapped_trigger_found_not_clearance
H4-L00271-13,no_mapped_trigger_found_not_clearance
H4-L00271-15,no_mapped_trigger_found_not_clearance
H4-L00271-16,no_mapped_trigger_in_window_not_clearance
H4-L00273-13,no_mapped_trigger_found_not_clearance
H4-L00275-04,no_mapped_trigger_found_not_clearance
H4-L00275-05,no_mapped_trigger_found_not_clearance
H4-L00275-06,no_mapped_trigger_found_not_clearance
H4-L00275-11,no_mapped_trigger_found_not_clearance
H4-L00276-07,no_mapped_trigger_in_window_not_clearance
H4-L00277-15,no_mapped_trigger_in_window_not_clearance
H4-L00278-03,no_mapped_trigger_found_not_clearance
H4-L00279-08,no_mapped_trigger_in_window_not_clearance
H4-L00283-05,no_mapped_trigger_found_not_clearance
H4-L00283-11,no_mapped_trigger_found_not_clearance
H4-L00283-12,no_mapped_trigger_in_window_not_clearance
H4-L00284-03,no_mapped_trigger_found_not_clearance
H4-L00284-04,no_mapped_trigger_found_not_clearance
H4-L00285-01,no_mapped_trigger_found_not_clearance
H4-L00285-04,no_mapped_trigger_found_not_clearance
H4-L00285-05,no_mapped_trigger_found_not_clearance
H4-L00285-10,no_mapped_trigger_found_not_clearance
H4-L00285-12,no_mapped_trigger_found_not_clearance
H4-L00286-05,no_mapped_trigger_found_not_clearance
H4-L00287-02,no_mapped_trigger_found_not_clearance
H4-L00287-13,no_mapped_trigger_in_window_not_clearance
H4-L00288-04,no_mapped_trigger_in_window_not_clearance
H4-L00288-08,no_mapped_trigger_found_not_clearance
H4-L00289-02,no_mapped_trigger_found_not_clearance
H4-L00289-10,no_mapped_trigger_found_not_clearance
H4-L00289-16,no_mapped_trigger_found_not_clearance
H4-L00290-01,no_mapped_trigger_found_not_clearance
H4-L00290-03,no_mapped_trigger_found_not_clearance
H4-L00290-14,no_mapped_trigger_found_not_clearance
H4-L00292-02,no_mapped_trigger_in_window_not_clearance
H4-L00292-09,no_mapped_trigger_in_window_not_clearance
H4-L00292-10,no_mapped_trigger_in_window_not_clearance
H4-L00293-01,no_mapped_trigger_found_not_clearance
H4-L00293-10,no_mapped_trigger_found_not_clearance
H4-L00294-05,no_mapped_trigger_found_not_clearance
H4-L00295-04,no_mapped_trigger_in_window_not_clearance
H4-L00296-02,no_mapped_trigger_found_not_clearance
H4-L00297-15,no_mapped_trigger_found_not_clearance
H4-L00298-05,no_mapped_trigger_found_not_clearance
H4-L00300-02,no_mapped_trigger_in_window_not_clearance
H4-L00301-01,no_mapped_trigger_in_window_not_clearance
H4-L00301-02,no_mapped_trigger_found_not_clearance
H4-L00303-06,no_mapped_trigger_found_not_clearance
H4-L00303-08,no_mapped_trigger_found_not_clearance
H4-L00304-02,no_mapped_trigger_found_not_clearance
H4-L00304-14,no_mapped_trigger_found_not_clearance
H4-L00304-16,no_mapped_trigger_found_not_clearance
H4-L00304-20,no_mapped_trigger_found_not_clearance
H4-L00305-02,no_mapped_trigger_found_not_clearance
H4-L00305-16,no_mapped_trigger_in_window_not_clearance
H4-L00307-09,no_mapped_trigger_found_not_clearance
H4-L00308-04,no_mapped_trigger_found_not_clearance
H4-L00308-06,no_mapped_trigger_found_not_clearance
H4-L00308-13,no_mapped_trigger_found_not_clearance
H4-L00309-10,no_mapped_trigger_found_not_clearance
H4-L00310-03,no_mapped_trigger_in_window_not_clearance
H4-L00310-07,no_mapped_trigger_found_not_clearance
H4-L00311-11,no_mapped_trigger_found_not_clearance
H4-L00313-02,no_mapped_trigger_in_window_not_clearance
H4-L00313-03,no_mapped_trigger_found_not_clearance
H4-L00313-07,no_mapped_trigger_in_window_not_clearance
H4-L00314-07,no_mapped_trigger_found_not_clearance
H4-L00315-07,no_mapped_trigger_found_not_clearance
H4-L00316-07,no_mapped_trigger_found_not_clearance
H4-L00317-06,no_mapped_trigger_found_not_clearance
H4-L00317-07,no_mapped_trigger_found_not_clearance
H4-L00317-09,no_mapped_trigger_found_not_clearance
H4-L00317-11,no_mapped_trigger_found_not_clearance
H4-L00318-01,no_mapped_trigger_found_not_clearance
H4-L00318-03,no_mapped_trigger_found_not_clearance
H4-L00318-04,no_mapped_trigger_found_not_clearance
H4-L00318-16,no_mapped_trigger_found_not_clearance
H4-L00320-02,no_mapped_trigger_found_not_clearance
H4-L00320-03,no_mapped_trigger_found_not_clearance
H4-L00321-04,no_mapped_trigger_found_not_clearance
H4-L00321-13,no_mapped_trigger_in_window_not_clearance
H4-L00326-02,no_mapped_trigger_in_window_not_clearance
H4-L00326-15,no_mapped_trigger_found_not_clearance
H4-L00326-17,no_mapped_trigger_found_not_clearance
H4-L00326-18,no_mapped_trigger_found_not_clearance
H4-L00327-07,no_mapped_trigger_found_not_clearance
H4-L00328-01,no_mapped_trigger_in_window_not_clearance
H4-L00329-05,no_mapped_trigger_in_window_not_clearance
H4-L00330-07,no_mapped_trigger_found_not_clearance
H4-L00330-08,no_mapped_trigger_found_not_clearance
H4-L00331-03,no_mapped_trigger_in_window_not_clearance
H4-L00331-08,no_mapped_trigger_found_not_clearance
H4-L00332-02,no_mapped_trigger_found_not_clearance
H4-L00332-07,no_mapped_trigger_found_not_clearance
H4-L00332-12,no_mapped_trigger_found_not_clearance
H4-L00332-14,no_mapped_trigger_found_not_clearance
H4-L00334-05,no_mapped_trigger_found_not_clearance
H4-L00334-06,no_mapped_trigger_in_window_not_clearance
H4-L00336-05,no_mapped_trigger_found_not_clearance
H4-L00337-04,no_mapped_trigger_found_not_clearance
H4-L00337-08,no_mapped_trigger_found_not_clearance
H4-L00337-09,no_mapped_trigger_found_not_clearance
H4-L00338-08,no_mapped_trigger_found_not_clearance
H4-L00338-10,no_mapped_trigger_found_not_clearance
H4-L00339-01,no_mapped_trigger_found_not_clearance
H4-L00339-03,no_mapped_trigger_found_not_clearance
H4-L00339-05,no_mapped_trigger_in_window_not_clearance
H4-L00339-09,no_mapped_trigger_found_not_clearance
H4-L00339-12,no_mapped_trigger_found_not_clearance
H4-L00341-08,no_mapped_trigger_found_not_clearance
H4-L00341-15,no_mapped_trigger_in_window_not_clearance
H4-L00342-02,no_mapped_trigger_found_not_clearance
H4-L00343-05,no_mapped_trigger_found_not_clearance
H4-L00344-09,no_mapped_trigger_in_window_not_clearance
H4-L00345-04,no_mapped_trigger_found_not_clearance
H4-L00345-05,no_mapped_trigger_found_not_clearance
H4-L00345-07,no_mapped_trigger_found_not_clearance
H4-L00345-09,no_mapped_trigger_in_window_not_clearance
H4-L00346-04,no_mapped_trigger_found_not_clearance
H4-L00346-11,no_mapped_trigger_found_not_clearance
H4-L00346-13,no_mapped_trigger_found_not_clearance
H4-L00347-05,no_mapped_trigger_found_not_clearance
H4-L00348-14,no_mapped_trigger_found_not_clearance
H4-L00350-05,no_mapped_trigger_found_not_clearance
H4-L00351-03,no_mapped_trigger_found_not_clearance
H4-L00351-08,no_mapped_trigger_found_not_clearance
H4-L00351-12,no_mapped_trigger_found_not_clearance
H4-L00351-18,no_mapped_trigger_found_not_clearance
H4-L00352-04,no_mapped_trigger_in_window_not_clearance
H4-L00352-05,no_mapped_trigger_in_window_not_clearance
H4-L00354-04,no_mapped_trigger_in_window_not_clearance
H4-L00354-07,no_mapped_trigger_in_window_not_clearance
H4-L00354-12,no_mapped_trigger_found_not_clearance
H4-L00355-01,no_mapped_trigger_found_not_clearance
H4-L00357-02,no_mapped_trigger_found_not_clearance
H4-L00357-10,no_mapped_trigger_found_not_clearance
H4-L00357-11,no_mapped_trigger_found_not_clearance
H4-L00358-10,no_mapped_trigger_found_not_clearance
H4-L00361-11,no_mapped_trigger_in_window_not_clearance
H4-L00361-13,no_mapped_trigger_in_window_not_clearance
H4-L00361-19,no_mapped_trigger_found_not_clearance
H4-L00362-01,no_mapped_trigger_found_not_clearance
H4-L00363-06,no_mapped_trigger_found_not_clearance
H4-L00363-09,no_mapped_trigger_found_not_clearance
H4-L00363-13,no_mapped_trigger_in_window_not_clearance
H4-L00364-04,no_mapped_trigger_found_not_clearance
H4-L00364-07,no_mapped_trigger_in_window_not_clearance
H4-L00365-06,no_mapped_trigger_in_window_not_clearance
H4-L00366-11,no_mapped_trigger_found_not_clearance
H4-L00367-04,no_mapped_trigger_found_not_clearance
H4-L00367-06,no_mapped_trigger_in_window_not_clearance
H4-L00370-03,no_mapped_trigger_found_not_clearance
H4-L00370-04,no_mapped_trigger_found_not_clearance
H4-L00370-15,no_mapped_trigger_found_not_clearance
H4-L00371-01,no_mapped_trigger_found_not_clearance
H4-L00373-05,no_mapped_trigger_found_not_clearance
H4-L00373-16,no_mapped_trigger_found_not_clearance
H4-L00374-01,no_mapped_trigger_in_window_not_clearance
H4-L00374-07,no_mapped_trigger_found_not_clearance
H4-L00376-05,no_mapped_trigger_found_not_clearance
H4-L00377-03,no_mapped_trigger_found_not_clearance
H4-L00377-07,no_mapped_trigger_found_not_clearance
H4-L00378-05,no_mapped_trigger_in_window_not_clearance
H4-L00379-07,no_mapped_trigger_found_not_clearance
H4-L00380-14,no_mapped_trigger_in_window_not_clearance
H4-L00381-05,no_mapped_trigger_found_not_clearance
H4-L00381-11,no_mapped_trigger_in_window_not_clearance
H4-L00382-02,no_mapped_trigger_found_not_clearance
H4-L00383-07,no_mapped_trigger_found_not_clearance
H4-L00383-10,no_mapped_trigger_found_not_clearance
H4-L00384-10,no_mapped_trigger_found_not_clearance
H4-L00384-12,no_mapped_trigger_found_not_clearance
H4-L00385-01,no_mapped_trigger_in_window_not_clearance
H4-L00385-10,no_mapped_trigger_in_window_not_clearance
H4-L00386-01,no_mapped_trigger_found_not_clearance
H4-L00386-07,no_mapped_trigger_found_not_clearance
H4-L00386-08,no_mapped_trigger_found_not_clearance
H4-L00386-17,no_mapped_trigger_found_not_clearance
H4-L00387-04,no_mapped_trigger_in_window_not_clearance
H4-L00389-05,no_mapped_trigger_found_not_clearance
H4-L00390-05,no_mapped_trigger_found_not_clearance
H4-L00391-02,no_mapped_trigger_found_not_clearance
H4-L00391-08,no_mapped_trigger_found_not_clearance
H4-L00393-12,no_mapped_trigger_found_not_clearance
H4-L00393-17,no_mapped_trigger_found_not_clearance
H4-L00393-20,no_mapped_trigger_found_not_clearance
H4-L00394-01,no_mapped_trigger_in_window_not_clearance
H4-L00394-16,no_mapped_trigger_found_not_clearance
H4-L00395-04,no_mapped_trigger_in_window_not_clearance
H4-L00396-02,no_mapped_trigger_in_window_not_clearance
H4-L00397-03,no_mapped_trigger_found_not_clearance
H4-L00397-10,no_mapped_trigger_in_window_not_clearance
H4-L00397-14,no_mapped_trigger_found_not_clearance
H4-L00398-03,no_mapped_trigger_found_not_clearance
H4-L00398-04,no_mapped_trigger_in_window_not_clearance
H4-L00399-02,no_mapped_trigger_found_not_clearance
H4-L00400-03,no_mapped_trigger_found_not_clearance
H4-L00401-11,no_mapped_trigger_found_not_clearance
H4-L00402-12,no_mapped_trigger_found_not_clearance
H4-L00402-13,no_mapped_trigger_found_not_clearance
H4-L00405-01,no_mapped_trigger_found_not_clearance
H4-L00405-06,no_mapped_trigger_in_window_not_clearance
H4-L00406-06,no_mapped_trigger_found_not_clearance
H4-L00406-10,no_mapped_trigger_found_not_clearance
H4-L00407-15,no_mapped_trigger_found_not_clearance
H4-L00409-02,no_mapped_trigger_found_not_clearance
H4-L00409-03,no_mapped_trigger_found_not_clearance
H4-L00409-07,no_mapped_trigger_found_not_clearance
H4-L00410-09,no_mapped_trigger_in_window_not_clearance
H4-L00411-01,no_mapped_trigger_found_not_clearance
H4-L00412-04,no_mapped_trigger_found_not_clearance
H4-L00415-05,no_mapped_trigger_found_not_clearance
H4-L00415-07,no_mapped_trigger_in_window_not_clearance
H4-L00416-03,no_mapped_trigger_in_window_not_clearance
H4-L00416-15,no_mapped_trigger_found_not_clearance
H4-L00417-06,no_mapped_trigger_found_not_clearance
H4-L00418-07,no_mapped_trigger_found_not_clearance
H4-L00419-12,no_mapped_trigger_found_not_clearance
H4-L00420-08,no_mapped_trigger_found_not_clearance
H4-L00420-14,no_mapped_trigger_found_not_clearance
H4-L00421-02,no_mapped_trigger_found_not_clearance
H4-L00421-03,no_mapped_trigger_in_window_not_clearance
H4-L00421-04,no_mapped_trigger_in_window_not_clearance
H4-L00421-06,no_mapped_trigger_found_not_clearance
H4-L00421-08,no_mapped_trigger_in_window_not_clearance
H4-L00421-13,no_mapped_trigger_found_not_clearance
H4-L00422-12,no_mapped_trigger_in_window_not_clearance
H4-L00422-14,no_mapped_trigger_found_not_clearance
H4-L00424-06,no_mapped_trigger_found_not_clearance
H4-L00424-16,no_mapped_trigger_found_not_clearance
H4-L00425-09,no_mapped_trigger_found_not_clearance
H4-L00425-12,no_mapped_trigger_found_not_clearance
H4-L00426-07,no_mapped_trigger_found_not_clearance
H4-L00426-12,no_mapped_trigger_found_not_clearance
H4-L00429-12,no_mapped_trigger_found_not_clearance
H4-L00429-13,no_mapped_trigger_found_not_clearance
H4-L00430-03,no_mapped_trigger_found_not_clearance
H4-L00431-02,no_mapped_trigger_in_window_not_clearance
H4-L00432-01,no_mapped_trigger_in_window_not_clearance
H4-L00432-02,no_mapped_trigger_found_not_clearance
H4-L00433-04,no_mapped_trigger_in_window_not_clearance
H4-L00433-12,no_mapped_trigger_in_window_not_clearance
H4-L00434-03,no_mapped_trigger_in_window_not_clearance
H4-L00435-02,no_mapped_trigger_in_window_not_clearance
H4-L00436-03,no_mapped_trigger_in_window_not_clearance
H4-L00437-05,no_mapped_trigger_found_not_clearance
H4-L00438-02,no_mapped_trigger_found_not_clearance
H4-L00438-10,no_mapped_trigger_found_not_clearance
H4-L00438-18,no_mapped_trigger_found_not_clearance
H4-L00439-01,no_mapped_trigger_found_not_clearance
H4-L00440-06,no_mapped_trigger_found_not_clearance
H4-L00441-11,no_mapped_trigger_found_not_clearance
H4-L00442-01,no_mapped_trigger_found_not_clearance
H4-L00442-08,no_mapped_trigger_in_window_not_clearance
H4-L00443-09,no_mapped_trigger_in_window_not_clearance
H4-L00444-09,no_mapped_trigger_in_window_not_clearance
H4-L00445-01,no_mapped_trigger_in_window_not_clearance
H4-L00445-15,no_mapped_trigger_in_window_not_clearance
H4-L00446-12,no_mapped_trigger_found_not_clearance
H4-L00447-11,no_mapped_trigger_in_window_not_clearance
H4-L00448-02,no_mapped_trigger_found_not_clearance
H4-L00448-05,no_mapped_trigger_in_window_not_clearance
H4-L00448-06,no_mapped_trigger_found_not_clearance
H4-L00448-07,no_mapped_trigger_found_not_clearance
H4-L00448-08,no_mapped_trigger_in_window_not_clearance
H4-L00449-03,no_mapped_trigger_found_not_clearance
H4-L00450-05,no_mapped_trigger_found_not_clearance
H4-L00450-11,no_mapped_trigger_in_window_not_clearance
H4-L00452-02,no_mapped_trigger_found_not_clearance
H4-L00452-03,no_mapped_trigger_in_window_not_clearance
H4-L00452-12,no_mapped_trigger_found_not_clearance
H4-L00452-13,no_mapped_trigger_found_not_clearance
H4-L00453-01,no_mapped_trigger_found_not_clearance
H4-L00454-02,no_mapped_trigger_in_window_not_clearance
H4-L00454-05,no_mapped_trigger_found_not_clearance
H4-L00454-07,no_mapped_trigger_found_not_clearance
H4-L00455-10,no_mapped_trigger_found_not_clearance
H4-L00455-16,no_mapped_trigger_in_window_not_clearance
H4-L00456-03,no_mapped_trigger_found_not_clearance
H4-L00457-04,no_mapped_trigger_in_window_not_clearance
H4-L00458-03,no_mapped_trigger_found_not_clearance
H4-L00460-01,no_mapped_trigger_found_not_clearance
H4-L00460-05,no_mapped_trigger_found_not_clearance
H4-L00462-10,no_mapped_trigger_found_not_clearance
H4-L00464-01,no_mapped_trigger_in_window_not_clearance
H4-L00464-04,no_mapped_trigger_in_window_not_clearance
H4-L00467-01,no_mapped_trigger_found_not_clearance
H4-L00467-05,no_mapped_trigger_in_window_not_clearance
H4-L00468-01,no_mapped_trigger_found_not_clearance
H4-L00469-03,no_mapped_trigger_in_window_not_clearance
H4-L00469-13,no_mapped_trigger_found_not_clearance
H4-L00470-06,no_mapped_trigger_found_not_clearance
H4-L00471-11,no_mapped_trigger_in_window_not_clearance
H4-L00472-01,no_mapped_trigger_found_not_clearance
H4-L00472-04,no_mapped_trigger_found_not_clearance
H4-L00473-02,no_mapped_trigger_found_not_clearance
H4-L00473-08,potential_exclusion_found
H4-L00475-01,no_mapped_trigger_found_not_clearance
H4-L00475-08,no_mapped_trigger_found_not_clearance
H4-L00476-03,no_mapped_trigger_in_window_not_clearance
H4-L00476-04,no_mapped_trigger_found_not_clearance
H4-L00476-08,no_mapped_trigger_in_window_not_clearance
H4-L00477-16,no_mapped_trigger_found_not_clearance
H4-L00477-18,no_mapped_trigger_found_not_clearance
H4-L00477-20,no_mapped_trigger_found_not_clearance
H4-L00479-07,no_mapped_trigger_in_window_not_clearance
H4-L00480-02,no_mapped_trigger_found_not_clearance
H4-L00480-12,no_mapped_trigger_found_not_clearance
H4-L00481-03,no_mapped_trigger_found_not_clearance
H4-L00481-07,no_mapped_trigger_found_not_clearance
H4-L00481-17,no_mapped_trigger_found_not_clearance
H4-L00481-19,no_mapped_trigger_found_not_clearance
H4-L00482-02,no_mapped_trigger_found_not_clearance
H4-L00482-05,no_mapped_trigger_found_not_clearance
H4-L00483-01,no_mapped_trigger_found_not_clearance
H4-L00485-03,no_mapped_trigger_found_not_clearance
H4-L00486-05,no_mapped_trigger_found_not_clearance
H4-L00487-04,no_mapped_trigger_found_not_clearance
H4-L00487-12,no_mapped_trigger_in_window_not_clearance
H4-L00488-17,no_mapped_trigger_found_not_clearance
H4-L00489-02,no_mapped_trigger_found_not_clearance
H4-L00489-07,no_mapped_trigger_in_window_not_clearance
H4-L00489-10,no_mapped_trigger_found_not_clearance
H4-L00491-01,no_mapped_trigger_found_not_clearance
H4-L00491-03,no_mapped_trigger_found_not_clearance
H4-L00492-07,no_mapped_trigger_found_not_clearance
H4-L00492-09,no_mapped_trigger_found_not_clearance
H4-L00492-10,no_mapped_trigger_found_not_clearance
H4-L00493-07,no_mapped_trigger_found_not_clearance
H4-L00495-12,no_mapped_trigger_found_not_clearance
H4-L00495-13,no_mapped_trigger_in_window_not_clearance
H4-L00495-18,no_mapped_trigger_in_window_not_clearance
H4-L00495-20,no_mapped_trigger_in_window_not_clearance
H4-L00496-06,no_mapped_trigger_in_window_not_clearance
H4-L00497-07,no_mapped_trigger_found_not_clearance
H4-L00498-08,no_mapped_trigger_found_not_clearance
H4-L00499-07,no_mapped_trigger_found_not_clearance
H4-L00499-10,no_mapped_trigger_in_window_not_clearance
H4-L00501-16,no_mapped_trigger_found_not_clearance
H4-L00502-01,no_mapped_trigger_in_window_not_clearance
H4-L00502-02,no_mapped_trigger_found_not_clearance
H4-L00503-02,no_mapped_trigger_in_window_not_clearance
H4-L00504-01,no_mapped_trigger_in_window_not_clearance
H4-L00506-10,no_mapped_trigger_found_not_clearance
H4-L00507-05,no_mapped_trigger_in_window_not_clearance
H4-L00507-07,no_mapped_trigger_found_not_clearance
H4-L00507-11,no_mapped_trigger_in_window_not_clearance
H4-L00507-13,no_mapped_trigger_found_not_clearance
H4-L00508-06,no_mapped_trigger_found_not_clearance
H4-L00508-13,no_mapped_trigger_found_not_clearance
H4-L00509-02,no_mapped_trigger_in_window_not_clearance
H4-L00509-12,no_mapped_trigger_found_not_clearance
H4-L00509-15,no_mapped_trigger_found_not_clearance
H4-L00510-11,no_mapped_trigger_found_not_clearance
H4-L00511-02,no_mapped_trigger_found_not_clearance
H4-L00511-07,no_mapped_trigger_in_window_not_clearance
H4-L00511-09,no_mapped_trigger_in_window_not_clearance
H4-L00511-12,no_mapped_trigger_found_not_clearance
H4-L00512-06,no_mapped_trigger_in_window_not_clearance
H4-L00512-09,no_mapped_trigger_in_window_not_clearance
H4-L00512-14,no_mapped_trigger_found_not_clearance
H4-L00513-05,no_mapped_trigger_found_not_clearance
H4-L00514-16,no_mapped_trigger_in_window_not_clearance
H4-L00515-06,no_mapped_trigger_found_not_clearance
H4-L00515-13,no_mapped_trigger_in_window_not_clearance
H4-L00515-15,no_mapped_trigger_in_window_not_clearance
H4-L00516-04,no_mapped_trigger_found_not_clearance
H4-L00517-02,no_mapped_trigger_found_not_clearance
H4-L00517-03,no_mapped_trigger_found_not_clearance
H4-L00517-05,no_mapped_trigger_found_not_clearance
H4-L00518-02,no_mapped_trigger_in_window_not_clearance
H4-L00518-06,no_mapped_trigger_found_not_clearance
H4-L00518-07,no_mapped_trigger_found_not_clearance
H4-L00518-08,no_mapped_trigger_in_window_not_clearance
H4-L00518-13,no_mapped_trigger_in_window_not_clearance
H4-L00519-01,no_mapped_trigger_found_not_clearance
H4-L00519-10,no_mapped_trigger_found_not_clearance
H4-L00520-06,no_mapped_trigger_in_window_not_clearance
H4-L00520-09,no_mapped_trigger_found_not_clearance
H4-L00521-01,no_mapped_trigger_in_window_not_clearance
H4-L00522-17,no_mapped_trigger_found_not_clearance
H4-L00523-03,no_mapped_trigger_in_window_not_clearance
H4-L00523-18,no_mapped_trigger_in_window_not_clearance
H4-L00524-01,no_mapped_trigger_found_not_clearance
H4-L00524-11,no_mapped_trigger_found_not_clearance
H4-L00525-06,no_mapped_trigger_found_not_clearance
H4-L00525-07,no_mapped_trigger_found_not_clearance
H4-L00526-03,no_mapped_trigger_found_not_clearance
H4-L00526-04,no_mapped_trigger_in_window_not_clearance
H4-L00526-05,no_mapped_trigger_found_not_clearance
H4-L00526-08,no_mapped_trigger_found_not_clearance
H4-L00527-04,no_mapped_trigger_in_window_not_clearance
H4-L00527-09,no_mapped_trigger_in_window_not_clearance
H4-L00528-12,no_mapped_trigger_found_not_clearance
H4-L00528-18,no_mapped_trigger_found_not_clearance
H4-L00529-02,no_mapped_trigger_found_not_clearance
H4-L00530-01,no_mapped_trigger_found_not_clearance
H4-L00530-07,no_mapped_trigger_found_not_clearance
H4-L00531-06,no_mapped_trigger_found_not_clearance
H4-L00531-13,no_mapped_trigger_found_not_clearance
H4-L00532-02,no_mapped_trigger_found_not_clearance
H4-L00532-10,no_mapped_trigger_in_window_not_clearance
H4-L00532-20,no_mapped_trigger_in_window_not_clearance
H4-L00533-03,no_mapped_trigger_found_not_clearance
H4-L00535-06,no_mapped_trigger_found_not_clearance
H4-L00535-08,no_mapped_trigger_in_window_not_clearance
H4-L00536-08,no_mapped_trigger_found_not_clearance
H4-L00536-16,no_mapped_trigger_found_not_clearance
H4-L00536-17,no_mapped_trigger_found_not_clearance
H4-L00537-03,no_mapped_trigger_in_window_not_clearance
H4-L00537-07,no_mapped_trigger_found_not_clearance
H4-L00538-04,no_mapped_trigger_found_not_clearance
H4-L00538-12,no_mapped_trigger_in_window_not_clearance
H4-L00538-17,no_mapped_trigger_found_not_clearance
H4-L00539-05,no_mapped_trigger_in_window_not_clearance
H4-L00540-05,no_mapped_trigger_in_window_not_clearance
H4-L00540-10,no_mapped_trigger_in_window_not_clearance
H4-L00542-04,no_mapped_trigger_found_not_clearance
H4-L00542-11,no_mapped_trigger_found_not_clearance
H4-L00542-17,no_mapped_trigger_found_not_clearance
H4-L00543-09,no_mapped_trigger_in_window_not_clearance
H4-L00543-16,no_mapped_trigger_in_window_not_clearance
H4-L00544-05,no_mapped_trigger_found_not_clearance
H4-L00544-06,no_mapped_trigger_in_window_not_clearance
H4-L00545-08,no_mapped_trigger_in_window_not_clearance
H4-L00546-11,no_mapped_trigger_found_not_clearance
H4-L00546-16,no_mapped_trigger_found_not_clearance
H4-L00546-17,no_mapped_trigger_in_window_not_clearance
H4-L00547-10,no_mapped_trigger_found_not_clearance
H4-L00547-15,no_mapped_trigger_found_not_clearance
H4-L00548-06,no_mapped_trigger_found_not_clearance
H4-L00549-06,no_mapped_trigger_found_not_clearance
H4-L00550-01,no_mapped_trigger_found_not_clearance
H4-L00550-02,no_mapped_trigger_found_not_clearance
H4-L00550-05,no_mapped_trigger_found_not_clearance
H4-L00550-15,no_mapped_trigger_found_not_clearance
H4-L00551-02,no_mapped_trigger_in_window_not_clearance
H4-L00551-12,no_mapped_trigger_found_not_clearance
H4-L00551-16,no_mapped_trigger_in_window_not_clearance
H4-L00552-10,no_mapped_trigger_in_window_not_clearance
H4-L00552-13,no_mapped_trigger_found_not_clearance
H4-L00553-01,no_mapped_trigger_in_window_not_clearance
H4-L00554-09,no_mapped_trigger_found_not_clearance
H4-L00554-11,no_mapped_trigger_found_not_clearance
H4-L00554-12,no_mapped_trigger_found_not_clearance
H4-L00556-06,no_mapped_trigger_found_not_clearance
H4-L00557-04,no_mapped_trigger_in_window_not_clearance
H4-L00558-05,no_mapped_trigger_in_window_not_clearance
H4-L00559-03,no_mapped_trigger_found_not_clearance
H4-L00559-05,no_mapped_trigger_found_not_clearance
H4-L00559-08,no_mapped_trigger_found_not_clearance
H4-L00560-01,no_mapped_trigger_found_not_clearance
H4-L00561-02,no_mapped_trigger_found_not_clearance
H4-L00561-04,no_mapped_trigger_found_not_clearance
H4-L00561-05,no_mapped_trigger_found_not_clearance
H4-L00563-01,no_mapped_trigger_found_not_clearance
H4-L00564-08,no_mapped_trigger_found_not_clearance
H4-L00564-12,no_mapped_trigger_in_window_not_clearance
H4-L00564-15,no_mapped_trigger_found_not_clearance
H4-L00564-17,no_mapped_trigger_found_not_clearance
H4-L00564-20,no_mapped_trigger_found_not_clearance
H4-L00565-03,no_mapped_trigger_found_not_clearance
H4-L00566-05,no_mapped_trigger_found_not_clearance
H4-L00566-09,no_mapped_trigger_found_not_clearance
H4-L00567-04,no_mapped_trigger_in_window_not_clearance
H4-L00567-06,no_mapped_trigger_in_window_not_clearance
H4-L00567-12,no_mapped_trigger_in_window_not_clearance
H4-L00567-16,no_mapped_trigger_in_window_not_clearance
H4-L00568-15,no_mapped_trigger_in_window_not_clearance
H4-L00569-02,no_mapped_trigger_in_window_not_clearance
H4-L00569-07,no_mapped_trigger_in_window_not_clearance
H4-L00570-01,no_mapped_trigger_found_not_clearance
H4-L00571-02,no_mapped_trigger_found_not_clearance
H4-L00571-15,no_mapped_trigger_found_not_clearance
H4-L00571-16,no_mapped_trigger_found_not_clearance
H4-L00572-03,no_mapped_trigger_found_not_clearance
H4-L00572-04,no_mapped_trigger_found_not_clearance
H4-L00572-07,no_mapped_trigger_found_not_clearance
H4-L00572-14,no_mapped_trigger_found_not_clearance
H4-L00572-15,no_mapped_trigger_found_not_clearance
H4-L00573-06,no_mapped_trigger_found_not_clearance
H4-L00574-04,no_mapped_trigger_found_not_clearance
H4-L00574-12,no_mapped_trigger_in_window_not_clearance
H4-L00574-16,no_mapped_trigger_in_window_not_clearance
H4-L00574-18,no_mapped_trigger_in_window_not_clearance
H4-L00575-03,no_mapped_trigger_found_not_clearance
H4-L00576-03,no_mapped_trigger_found_not_clearance
H4-L00576-07,no_mapped_trigger_found_not_clearance
H4-L00578-08,no_mapped_trigger_found_not_clearance
H4-L00579-03,no_mapped_trigger_found_not_clearance
H4-L00580-02,no_mapped_trigger_in_window_not_clearance
H4-L00581-06,no_mapped_trigger_in_window_not_clearance
H4-L00582-10,no_mapped_trigger_found_not_clearance
H4-L00584-05,no_mapped_trigger_found_not_clearance
H4-L00586-01,no_mapped_trigger_in_window_not_clearance
H4-L00588-05,no_mapped_trigger_in_window_not_clearance
H4-L00588-11,no_mapped_trigger_in_window_not_clearance
H4-L00589-03,no_mapped_trigger_found_not_clearance
H4-L00589-08,no_mapped_trigger_found_not_clearance
H4-L00590-02,no_mapped_trigger_found_not_clearance
H4-L00590-09,no_mapped_trigger_found_not_clearance
H4-L00590-14,no_mapped_trigger_in_window_not_clearance
H4-L00591-03,no_mapped_trigger_in_window_not_clearance
H4-L00591-05,no_mapped_trigger_in_window_not_clearance
H4-L00592-02,no_mapped_trigger_found_not_clearance
H4-L00593-06,no_mapped_trigger_in_window_not_clearance
H4-L00593-10,no_mapped_trigger_found_not_clearance
H4-L00594-01,no_mapped_trigger_found_not_clearance
H4-L00594-05,no_mapped_trigger_found_not_clearance
H4-L00595-04,no_mapped_trigger_found_not_clearance
H4-L00595-12,no_mapped_trigger_found_not_clearance
H4-L00595-14,no_mapped_trigger_found_not_clearance
H4-L00595-16,no_mapped_trigger_found_not_clearance
H4-L00596-04,no_mapped_trigger_in_window_not_clearance
H4-L00596-12,no_mapped_trigger_found_not_clearance
H4-L00596-13,no_mapped_trigger_found_not_clearance
H4-L00597-04,no_mapped_trigger_found_not_clearance
H4-L00597-07,no_mapped_trigger_found_not_clearance
H4-L00599-01,no_mapped_trigger_found_not_clearance
H4-L00600-02,no_mapped_trigger_in_window_not_clearance
H4-L00600-04,no_mapped_trigger_found_not_clearance
H4-L00600-05,no_mapped_trigger_found_not_clearance
H4-L00600-08,no_mapped_trigger_in_window_not_clearance
H4-L00600-13,no_mapped_trigger_in_window_not_clearance
H4-L00603-07,no_mapped_trigger_found_not_clearance
H4-L00603-09,no_mapped_trigger_found_not_clearance
H4-L00603-19,no_mapped_trigger_found_not_clearance
H4-L00604-02,no_mapped_trigger_in_window_not_clearance
H4-L00605-01,no_mapped_trigger_in_window_not_clearance
H4-L00605-02,no_mapped_trigger_in_window_not_clearance
H4-L00607-03,no_mapped_trigger_found_not_clearance
H4-L00607-14,no_mapped_trigger_found_not_clearance
H4-L00608-04,no_mapped_trigger_found_not_clearance
H4-L00609-08,no_mapped_trigger_in_window_not_clearance
H4-L00609-12,no_mapped_trigger_in_window_not_clearance
H4-L00609-14,no_mapped_trigger_found_not_clearance
H4-L00610-06,no_mapped_trigger_found_not_clearance
H4-L00610-12,no_mapped_trigger_found_not_clearance
H4-L00611-05,no_mapped_trigger_found_not_clearance
H4-L00611-06,no_mapped_trigger_in_window_not_clearance
H4-L00611-13,no_mapped_trigger_found_not_clearance
H4-L00612-01,no_mapped_trigger_found_not_clearance
H4-L00612-05,no_mapped_trigger_found_not_clearance
H4-L00612-10,no_mapped_trigger_found_not_clearance
H4-L00612-12,no_mapped_trigger_found_not_clearance
H4-L00614-07,no_mapped_trigger_found_not_clearance
H4-L00615-05,no_mapped_trigger_in_window_not_clearance
H4-L00615-06,no_mapped_trigger_found_not_clearance
H4-L00615-07,no_mapped_trigger_found_not_clearance
H4-L00615-19,no_mapped_trigger_found_not_clearance
H4-L00617-02,no_mapped_trigger_in_window_not_clearance
H4-L00617-05,no_mapped_trigger_in_window_not_clearance
H4-L00618-02,no_mapped_trigger_in_window_not_clearance
H4-L00618-06,no_mapped_trigger_found_not_clearance
H4-L00619-04,no_mapped_trigger_in_window_not_clearance
H4-L00619-08,no_mapped_trigger_in_window_not_clearance
H4-L00619-11,no_mapped_trigger_in_window_not_clearance
H4-L00620-01,no_mapped_trigger_in_window_not_clearance
H4-L00621-02,no_mapped_trigger_found_not_clearance
H4-L00623-01,no_mapped_trigger_found_not_clearance
H4-L00624-01,no_mapped_trigger_found_not_clearance
H4-L00624-13,no_mapped_trigger_found_not_clearance
H4-L00627-06,no_mapped_trigger_in_window_not_clearance
H4-L00628-10,no_mapped_trigger_found_not_clearance
H4-L00629-09,no_mapped_trigger_found_not_clearance
H4-L00630-12,no_mapped_trigger_found_not_clearance
H4-L00632-14,no_mapped_trigger_found_not_clearance
H4-L00633-01,no_mapped_trigger_in_window_not_clearance
H4-L00633-02,no_mapped_trigger_found_not_clearance
H4-L00633-07,no_mapped_trigger_found_not_clearance
H4-L00635-01,no_mapped_trigger_found_not_clearance
H4-L00636-13,no_mapped_trigger_found_not_clearance
H4-L00636-16,no_mapped_trigger_in_window_not_clearance
H4-L00637-04,no_mapped_trigger_found_not_clearance
H4-L00638-06,no_mapped_trigger_found_not_clearance
H4-L00639-02,no_mapped_trigger_in_window_not_clearance
H4-L00640-01,no_mapped_trigger_found_not_clearance
H4-L00640-02,no_mapped_trigger_found_not_clearance
H4-L00640-03,no_mapped_trigger_found_not_clearance
H4-L00640-08,no_mapped_trigger_found_not_clearance
H4-L00640-14,no_mapped_trigger_found_not_clearance
H4-L00641-09,no_mapped_trigger_found_not_clearance
H4-L00641-11,no_mapped_trigger_found_not_clearance
H4-L00641-17,no_mapped_trigger_found_not_clearance
H4-L00642-01,no_mapped_trigger_found_not_clearance
H4-L00642-03,no_mapped_trigger_in_window_not_clearance
H4-L00643-08,no_mapped_trigger_found_not_clearance
H4-L00644-09,no_mapped_trigger_found_not_clearance
H4-L00644-14,no_mapped_trigger_found_not_clearance
H4-L00645-01,no_mapped_trigger_in_window_not_clearance
H4-L00645-02,no_mapped_trigger_found_not_clearance
H4-L00646-11,no_mapped_trigger_found_not_clearance
H4-L00646-13,no_mapped_trigger_in_window_not_clearance
H4-L00647-04,no_mapped_trigger_found_not_clearance
H4-L00647-13,no_mapped_trigger_found_not_clearance
H4-L00648-02,no_mapped_trigger_found_not_clearance
H4-L00649-01,no_mapped_trigger_found_not_clearance
H4-L00649-04,no_mapped_trigger_found_not_clearance
H4-L00650-02,no_mapped_trigger_found_not_clearance
H4-L00650-04,no_mapped_trigger_found_not_clearance
H4-L00650-09,no_mapped_trigger_found_not_clearance
H4-L00650-10,no_mapped_trigger_found_not_clearance
H4-L00650-11,no_mapped_trigger_found_not_clearance
H4-L00651-05,no_mapped_trigger_in_window_not_clearance
H4-L00651-06,no_mapped_trigger_found_not_clearance
H4-L00652-04,no_mapped_trigger_found_not_clearance
H4-L00653-12,no_mapped_trigger_found_not_clearance
H4-L00654-03,no_mapped_trigger_found_not_clearance
H4-L00654-07,no_mapped_trigger_found_not_clearance
H4-L00654-09,no_mapped_trigger_found_not_clearance
H4-L00654-10,no_mapped_trigger_found_not_clearance
H4-L00655-07,no_mapped_trigger_found_not_clearance
H4-L00655-15,no_mapped_trigger_found_not_clearance
H4-L00656-03,no_mapped_trigger_in_window_not_clearance
H4-L00657-04,no_mapped_trigger_found_not_clearance
H4-L00658-01,no_mapped_trigger_found_not_clearance
H4-L00658-04,no_mapped_trigger_found_not_clearance
H4-L00658-19,potential_exclusion_found
H4-L00659-08,no_mapped_trigger_found_not_clearance
H4-L00660-08,no_mapped_trigger_in_window_not_clearance
H4-L00660-11,no_mapped_trigger_found_not_clearance
H4-L00660-12,no_mapped_trigger_found_not_clearance
H4-L00661-07,no_mapped_trigger_found_not_clearance
H4-L00662-04,no_mapped_trigger_in_window_not_clearance
H4-L00662-06,no_mapped_trigger_in_window_not_clearance
H4-L00663-03,no_mapped_trigger_in_window_not_clearance
H4-L00663-07,no_mapped_trigger_in_window_not_clearance
H4-L00664-07,no_mapped_trigger_found_not_clearance
H4-L00664-09,no_mapped_trigger_found_not_clearance
H4-L00664-11,no_mapped_trigger_found_not_clearance
H4-L00665-01,no_mapped_trigger_found_not_clearance
H4-L00665-08,no_mapped_trigger_found_not_clearance
H4-L00665-10,no_mapped_trigger_found_not_clearance
H4-L00665-12,no_mapped_trigger_found_not_clearance
H4-L00666-13,no_mapped_trigger_in_window_not_clearance
H4-L00667-04,no_mapped_trigger_found_not_clearance
H4-L00667-07,no_mapped_trigger_in_window_not_clearance
H4-L00668-06,no_mapped_trigger_found_not_clearance
H4-L00668-07,no_mapped_trigger_found_not_clearance
H4-L00668-08,no_mapped_trigger_found_not_clearance
H4-L00668-11,no_mapped_trigger_found_not_clearance
H4-L00668-12,no_mapped_trigger_found_not_clearance
H4-L00668-14,no_mapped_trigger_found_not_clearance
H4-L00669-05,no_mapped_trigger_found_not_clearance
H4-L00669-08,no_mapped_trigger_found_not_clearance
H4-L00670-01,no_mapped_trigger_found_not_clearance
H4-L00670-02,no_mapped_trigger_found_not_clearance
H4-L00670-04,no_mapped_trigger_found_not_clearance
H4-L00670-06,no_mapped_trigger_found_not_clearance
H4-L00673-02,no_mapped_trigger_found_not_clearance
H4-L00673-09,no_mapped_trigger_found_not_clearance
H4-L00673-10,no_mapped_trigger_in_window_not_clearance
H4-L00673-14,no_mapped_trigger_in_window_not_clearance
H4-L00674-03,no_mapped_trigger_found_not_clearance
H4-L00674-11,no_mapped_trigger_found_not_clearance
H4-L00677-06,no_mapped_trigger_found_not_clearance
H4-L00678-03,no_mapped_trigger_found_not_clearance
H4-L00678-10,no_mapped_trigger_found_not_clearance
H4-L00678-15,no_mapped_trigger_found_not_clearance
H4-L00679-02,no_mapped_trigger_found_not_clearance
H4-L00679-10,no_mapped_trigger_in_window_not_clearance
H4-L00681-10,no_mapped_trigger_in_window_not_clearance
H4-L00682-03,no_mapped_trigger_in_window_not_clearance
H4-L00682-04,no_mapped_trigger_in_window_not_clearance
H4-L00682-08,no_mapped_trigger_in_window_not_clearance
H4-L00682-12,no_mapped_trigger_found_not_clearance
H4-L00683-06,no_mapped_trigger_found_not_clearance
H4-L00683-07,no_mapped_trigger_in_window_not_clearance
H4-L00683-15,no_mapped_trigger_in_window_not_clearance
H4-L00684-07,no_mapped_trigger_in_window_not_clearance
H4-L00684-10,no_mapped_trigger_found_not_clearance
H4-L00688-05,no_mapped_trigger_found_not_clearance
H4-L00688-06,no_mapped_trigger_found_not_clearance
H4-L00688-08,no_mapped_trigger_found_not_clearance
H4-L00690-10,no_mapped_trigger_found_not_clearance
H4-L00690-11,no_mapped_trigger_in_window_not_clearance
H4-L00691-11,no_mapped_trigger_found_not_clearance
H4-L00691-17,no_mapped_trigger_in_window_not_clearance
H4-L00693-06,no_mapped_trigger_in_window_not_clearance
H4-L00694-14,no_mapped_trigger_found_not_clearance
H4-L00695-05,no_mapped_trigger_found_not_clearance
H4-L00696-03,no_mapped_trigger_found_not_clearance
H4-L00696-10,no_mapped_trigger_found_not_clearance
H4-L00697-02,no_mapped_trigger_found_not_clearance
H4-L00698-01,no_mapped_trigger_found_not_clearance
H4-L00698-17,no_mapped_trigger_found_not_clearance
H4-L00699-01,no_mapped_trigger_found_not_clearance
H4-L00699-03,no_mapped_trigger_in_window_not_clearance
H4-L00699-08,no_mapped_trigger_in_window_not_clearance
H4-L00699-16,no_mapped_trigger_found_not_clearance
H4-L00701-03,no_mapped_trigger_found_not_clearance
H4-L00701-08,no_mapped_trigger_found_not_clearance
H4-L00701-12,no_mapped_trigger_found_not_clearance
H4-L00702-03,no_mapped_trigger_found_not_clearance
H4-L00702-04,no_mapped_trigger_found_not_clearance
H4-L00704-03,no_mapped_trigger_found_not_clearance
H4-L00705-11,no_mapped_trigger_found_not_clearance
H4-L00706-06,no_mapped_trigger_found_not_clearance
H4-L00707-01,no_mapped_trigger_found_not_clearance
H4-L00707-04,no_mapped_trigger_in_window_not_clearance
H4-L00707-11,no_mapped_trigger_found_not_clearance
H4-L00707-15,no_mapped_trigger_found_not_clearance
H4-L00707-16,no_mapped_trigger_found_not_clearance
H4-L00707-19,no_mapped_trigger_found_not_clearance
H4-L00708-03,no_mapped_trigger_found_not_clearance
H4-L00710-01,no_mapped_trigger_in_window_not_clearance
H4-L00710-04,no_mapped_trigger_found_not_clearance
H4-L00711-02,no_mapped_trigger_in_window_not_clearance
H4-L00713-04,no_mapped_trigger_found_not_clearance
H4-L00714-11,no_mapped_trigger_found_not_clearance
H4-L00715-08,no_mapped_trigger_found_not_clearance
H4-L00716-12,no_mapped_trigger_in_window_not_clearance
H4-L00718-03,no_mapped_trigger_in_window_not_clearance
H4-L00719-02,no_mapped_trigger_found_not_clearance
H4-L00719-07,no_mapped_trigger_found_not_clearance
H4-L00720-01,no_mapped_trigger_found_not_clearance
H4-L00721-01,no_mapped_trigger_in_window_not_clearance
H4-L00721-03,no_mapped_trigger_in_window_not_clearance
H4-L00721-09,no_mapped_trigger_in_window_not_clearance
H4-L00721-17,no_mapped_trigger_in_window_not_clearance
H4-L00722-01,no_mapped_trigger_found_not_clearance
H4-L00723-04,no_mapped_trigger_found_not_clearance
H4-L00723-07,no_mapped_trigger_found_not_clearance
H4-L00723-09,no_mapped_trigger_found_not_clearance
H4-L00724-03,no_mapped_trigger_in_window_not_clearance
H4-L00724-11,no_mapped_trigger_in_window_not_clearance
H4-L00724-12,no_mapped_trigger_found_not_clearance
H4-L00725-08,no_mapped_trigger_found_not_clearance
H4-L00725-10,no_mapped_trigger_found_not_clearance
H4-L00725-11,no_mapped_trigger_found_not_clearance
H4-L00726-01,no_mapped_trigger_found_not_clearance
H4-L00727-12,no_mapped_trigger_found_not_clearance
H4-L00727-14,no_mapped_trigger_found_not_clearance
H4-L00728-01,no_mapped_trigger_in_window_not_clearance
H4-L00728-03,no_mapped_trigger_in_window_not_clearance
H4-L00729-01,no_mapped_trigger_in_window_not_clearance
H4-L00729-04,no_mapped_trigger_in_window_not_clearance
H4-L00729-05,no_mapped_trigger_found_not_clearance
H4-L00730-01,no_mapped_trigger_found_not_clearance
H4-L00730-05,no_mapped_trigger_found_not_clearance
H4-L00730-06,no_mapped_trigger_in_window_not_clearance
H4-L00730-07,no_mapped_trigger_found_not_clearance
H4-L00730-14,no_mapped_trigger_in_window_not_clearance
H4-L00730-15,no_mapped_trigger_found_not_clearance
H4-L00732-01,no_mapped_trigger_found_not_clearance
H4-L00732-03,no_mapped_trigger_in_window_not_clearance
H4-L00733-03,no_mapped_trigger_found_not_clearance
H4-L00734-03,no_mapped_trigger_found_not_clearance
H4-L00735-04,no_mapped_trigger_found_not_clearance
H4-L00736-01,no_mapped_trigger_found_not_clearance
H4-L00736-02,no_mapped_trigger_found_not_clearance
H4-L00736-03,no_mapped_trigger_found_not_clearance
H4-L00738-05,no_mapped_trigger_in_window_not_clearance
H4-L00740-04,no_mapped_trigger_found_not_clearance
H4-L00740-08,no_mapped_trigger_found_not_clearance
H4-L00740-12,no_mapped_trigger_found_not_clearance
H4-L00741-03,no_mapped_trigger_found_not_clearance
H4-L00741-15,no_mapped_trigger_found_not_clearance
H4-L00741-16,no_mapped_trigger_found_not_clearance
H4-L00743-08,no_mapped_trigger_in_window_not_clearance
H4-L00745-01,no_mapped_trigger_found_not_clearance
H4-L00745-04,no_mapped_trigger_found_not_clearance
H4-L00745-05,no_mapped_trigger_found_not_clearance
H4-L00746-01,no_mapped_trigger_in_window_not_clearance
H4-L00746-06,no_mapped_trigger_in_window_not_clearance
H4-L00746-09,no_mapped_trigger_in_window_not_clearance
H4-L00747-07,no_mapped_trigger_found_not_clearance
H4-L00751-01,no_mapped_trigger_found_not_clearance
H4-L00751-05,no_mapped_trigger_found_not_clearance
H4-L00751-10,no_mapped_trigger_found_not_clearance
H4-L00751-14,no_mapped_trigger_found_not_clearance
H4-L00754-01,no_mapped_trigger_found_not_clearance
H4-L00754-04,no_mapped_trigger_in_window_not_clearance
H4-L00754-08,no_mapped_trigger_found_not_clearance
H4-L00755-05,no_mapped_trigger_found_not_clearance
H4-L00756-08,no_mapped_trigger_found_not_clearance
H4-L00756-13,no_mapped_trigger_found_not_clearance
H4-L00756-17,no_mapped_trigger_found_not_clearance
H4-L00757-02,no_mapped_trigger_found_not_clearance
H4-L00757-06,no_mapped_trigger_found_not_clearance
H4-L00758-05,no_mapped_trigger_in_window_not_clearance
H4-L00758-11,no_mapped_trigger_found_not_clearance
H4-L00759-05,no_mapped_trigger_found_not_clearance
H4-L00760-01,no_mapped_trigger_found_not_clearance
H4-L00760-07,no_mapped_trigger_in_window_not_clearance
H4-L00760-09,no_mapped_trigger_found_not_clearance
H4-L00761-09,no_mapped_trigger_found_not_clearance
H4-L00761-10,no_mapped_trigger_found_not_clearance
H4-L00762-02,no_mapped_trigger_found_not_clearance
H4-L00762-03,no_mapped_trigger_found_not_clearance
H4-L00762-05,no_mapped_trigger_in_window_not_clearance
H4-L00763-04,no_mapped_trigger_found_not_clearance
H4-L00763-10,no_mapped_trigger_found_not_clearance
H4-L00763-14,no_mapped_trigger_in_window_not_clearance
H4-L00764-12,no_mapped_trigger_found_not_clearance
H4-L00765-02,no_mapped_trigger_found_not_clearance
H4-L00766-13,no_mapped_trigger_in_window_not_clearance
H4-L00767-15,no_mapped_trigger_found_not_clearance
H4-L00769-02,no_mapped_trigger_found_not_clearance
H4-L00770-04,no_mapped_trigger_found_not_clearance
H4-L00771-05,no_mapped_trigger_in_window_not_clearance
H4-L00772-03,no_mapped_trigger_in_window_not_clearance
H4-L00772-11,no_mapped_trigger_found_not_clearance
H4-L00773-11,no_mapped_trigger_found_not_clearance
H4-L00774-03,no_mapped_trigger_found_not_clearance
H4-L00774-04,no_mapped_trigger_found_not_clearance
H4-L00774-07,no_mapped_trigger_found_not_clearance
H4-L00775-06,no_mapped_trigger_in_window_not_clearance
H4-L00777-01,no_mapped_trigger_found_not_clearance
H4-L00777-14,no_mapped_trigger_found_not_clearance
H4-L00778-08,no_mapped_trigger_found_not_clearance
H4-L00778-10,no_mapped_trigger_found_not_clearance
H4-L00779-08,no_mapped_trigger_found_not_clearance
H4-L00780-06,no_mapped_trigger_found_not_clearance
H4-L00781-03,no_mapped_trigger_found_not_clearance
H4-L00781-11,no_mapped_trigger_found_not_clearance
H4-L00781-16,no_mapped_trigger_found_not_clearance
H4-L00784-03,no_mapped_trigger_found_not_clearance
H4-L00784-06,no_mapped_trigger_found_not_clearance
H4-L00784-16,no_mapped_trigger_found_not_clearance
H4-L00784-19,no_mapped_trigger_in_window_not_clearance
H4-L00785-04,no_mapped_trigger_in_window_not_clearance
H4-L00786-07,no_mapped_trigger_in_window_not_clearance
H4-L00787-08,no_mapped_trigger_in_window_not_clearance
H4-L00789-14,no_mapped_trigger_found_not_clearance
H4-L00789-16,no_mapped_trigger_found_not_clearance
H4-L00790-06,no_mapped_trigger_in_window_not_clearance
H4-L00790-10,no_mapped_trigger_found_not_clearance
H4-L00791-01,no_mapped_trigger_found_not_clearance
H4-L00791-04,no_mapped_trigger_found_not_clearance
H4-L00791-09,no_mapped_trigger_in_window_not_clearance
H4-L00791-13,no_mapped_trigger_in_window_not_clearance
H4-L00792-01,no_mapped_trigger_found_not_clearance
H4-L00792-02,no_mapped_trigger_in_window_not_clearance
H4-L00792-04,no_mapped_trigger_in_window_not_clearance
H4-L00792-10,no_mapped_trigger_in_window_not_clearance
H4-L00793-05,no_mapped_trigger_found_not_clearance
H4-L00795-03,no_mapped_trigger_found_not_clearance
H4-L00795-09,no_mapped_trigger_found_not_clearance
H4-L00795-12,no_mapped_trigger_found_not_clearance
H4-L00796-01,no_mapped_trigger_found_not_clearance
H4-L00799-01,no_mapped_trigger_found_not_clearance
H4-L00799-02,no_mapped_trigger_found_not_clearance
H4-L00799-07,no_mapped_trigger_found_not_clearance
H4-L00801-06,no_mapped_trigger_found_not_clearance
H4-L00801-07,no_mapped_trigger_in_window_not_clearance
H4-L00803-08,no_mapped_trigger_found_not_clearance
H4-L00804-05,no_mapped_trigger_found_not_clearance
H4-L00804-07,no_mapped_trigger_found_not_clearance
H4-L00805-02,no_mapped_trigger_found_not_clearance
H4-L00807-10,no_mapped_trigger_found_not_clearance
H4-L00807-11,no_mapped_trigger_found_not_clearance
H4-L00810-02,no_mapped_trigger_found_not_clearance
H4-L00810-17,no_mapped_trigger_found_not_clearance
H4-L00810-19,no_mapped_trigger_in_window_not_clearance
H4-L00812-09,no_mapped_trigger_found_not_clearance
H4-L00812-10,no_mapped_trigger_found_not_clearance
H4-L00812-18,no_mapped_trigger_found_not_clearance
H4-L00813-12,no_mapped_trigger_in_window_not_clearance
H4-L00814-07,no_mapped_trigger_in_window_not_clearance
H4-L00814-17,no_mapped_trigger_in_window_not_clearance
H4-L00815-02,no_mapped_trigger_in_window_not_clearance
H4-L00816-05,no_mapped_trigger_found_not_clearance
H4-L00816-12,no_mapped_trigger_in_window_not_clearance
H4-L00817-09,no_mapped_trigger_in_window_not_clearance
H4-L00818-08,no_mapped_trigger_found_not_clearance
H4-L00818-12,no_mapped_trigger_in_window_not_clearance
H4-L00819-03,no_mapped_trigger_found_not_clearance
H4-L00819-04,no_mapped_trigger_found_not_clearance
H4-L00821-06,no_mapped_trigger_found_not_clearance
H4-L00822-01,no_mapped_trigger_in_window_not_clearance
H4-L00822-12,no_mapped_trigger_found_not_clearance
H4-L00823-11,no_mapped_trigger_in_window_not_clearance
H4-L00824-10,no_mapped_trigger_found_not_clearance
H4-L00824-11,no_mapped_trigger_found_not_clearance
H4-L00825-05,no_mapped_trigger_found_not_clearance
H4-L00826-02,no_mapped_trigger_in_window_not_clearance
H4-L00827-02,no_mapped_trigger_found_not_clearance
H4-L00827-05,no_mapped_trigger_found_not_clearance
H4-L00827-09,no_mapped_trigger_found_not_clearance
H4-L00828-03,no_mapped_trigger_in_window_not_clearance
H4-L00828-10,no_mapped_trigger_found_not_clearance
H4-L00828-18,no_mapped_trigger_in_window_not_clearance
H4-L00830-01,no_mapped_trigger_found_not_clearance
H4-L00830-07,no_mapped_trigger_in_window_not_clearance
H4-L00832-01,no_mapped_trigger_found_not_clearance
H4-L00832-04,no_mapped_trigger_found_not_clearance
H4-L00832-05,no_mapped_trigger_in_window_not_clearance
H4-L00832-08,no_mapped_trigger_found_not_clearance
H4-L00832-09,no_mapped_trigger_found_not_clearance
H4-L00832-13,no_mapped_trigger_in_window_not_clearance
H4-L00833-01,no_mapped_trigger_in_window_not_clearance
H4-L00834-08,no_mapped_trigger_in_window_not_clearance
H4-L00834-09,no_mapped_trigger_found_not_clearance
H4-L00835-15,no_mapped_trigger_found_not_clearance
H4-L00835-16,no_mapped_trigger_in_window_not_clearance
H4-L00836-02,no_mapped_trigger_found_not_clearance
H4-L00836-03,no_mapped_trigger_found_not_clearance
H4-L00837-02,no_mapped_trigger_found_not_clearance
H4-L00838-04,no_mapped_trigger_found_not_clearance
H4-L00839-04,no_mapped_trigger_found_not_clearance
H4-L00839-08,potential_exclusion_found
H4-L00840-11,no_mapped_trigger_found_not_clearance
