record_id,invoice_id,pricing_status,expected_total_cents,billed_total_cents,detected_errors,review_reasons
4,INV-H4-000004,complete_under_documented_rules,4541425,4541425,,
5,INV-H4-000005,complete_under_documented_rules,1061450,1061450,,
8,INV-H4-000008,complete_under_documented_rules,3259925,3525273,recomputed_total_mismatch|service_date_after_invoice_date,
11,INV-H4-000011,complete_under_documented_rules,2887300,2887300,,
13,INV-H4-000013,complete_under_documented_rules,2946850,2946850,,
15,INV-H4-000015,complete_under_documented_rules,3635025,3635025,,
25,INV-H4-000025,complete_under_documented_rules,729989,729989,,
26,INV-H4-000026,complete_under_documented_rules,3085997,3085997,,
28,INV-H4-000028,complete_under_documented_rules,1136750,1136750,,
30,INV-H4-000030,complete_under_documented_rules,1854450,1854450,,
38,INV-H4-000038,complete_under_documented_rules,2275900,2275900,,
39,INV-H4-000039,complete_under_documented_rules,3695050,3695050,,
41,INV-H4-000041,complete_under_documented_rules,2268000,2268000,,
43,INV-H4-000043,complete_under_documented_rules,1803400,1803400,,
45,INV-H4-000045,complete_under_documented_rules,2151575,2151575,,
46,INV-H4-000046,complete_under_documented_rules,2192275,2192275,,
55,INV-H4-000055,complete_under_documented_rules,3426725,3426725,,
59,INV-H4-000059,complete_under_documented_rules,822175,822175,,
65,INV-H4-000065,complete_under_documented_rules,540310,540310,,
68,INV-H4-000068,complete_under_documented_rules,1482320,1482320,,
72,INV-H4-000072,complete_under_documented_rules,1932625,1932625,,
85,INV-H4-000085,complete_under_documented_rules,3151125,3151125,,
89,INV-H4-000089,complete_under_documented_rules,1592319,1592319,,
102,INV-H4-000102,complete_under_documented_rules,1967575,1967575,,
106,INV-H4-000106,complete_under_documented_rules,1241425,1241425,,
117,INV-H4-000117,complete_under_documented_rules,1002076,1002076,,
121,INV-H4-000121,complete_under_documented_rules,1732875,1732875,service_date_after_invoice_date,
122,INV-H4-000122,complete_under_documented_rules,2184175,2184175,,
126,INV-H4-000126,complete_under_documented_rules,1198500,1198500,,
128,INV-H4-000128,complete_under_documented_rules,2878080,2878080,,
132,INV-H4-000132,complete_under_documented_rules,2168372,2168372,,
133,INV-H4-000133,complete_under_documented_rules,1665300,1665300,,
137,INV-H4-000137,complete_under_documented_rules,1185400,1185400,,
140,INV-H4-000140,complete_under_documented_rules,2104082,2104082,,
145,INV-H4-000145,complete_under_documented_rules,3600775,3600775,,
147,INV-H4-000147,complete_under_documented_rules,3627292,3627292,,
148,INV-H4-000148,complete_under_documented_rules,1207325,1207325,,
152,INV-H4-000152,complete_under_documented_rules,1673314,1673314,,
156,INV-H4-000156,complete_under_documented_rules,1706925,1706925,,
160,INV-H4-000160,complete_under_documented_rules,481550,481550,,
163,INV-H4-000163,complete_under_documented_rules,3712175,3712175,,
172,INV-H4-000172,complete_under_documented_rules,2225568,2225568,,
174,INV-H4-000174,complete_under_documented_rules,1591425,1591425,,
175,INV-H4-000175,complete_under_documented_rules,3231725,3231725,,
179,INV-H4-000179,complete_under_documented_rules,1998140,1998140,,
180,INV-H4-000180,complete_under_documented_rules,2976218,2976218,,
188,INV-H4-000188,complete_under_documented_rules,480600,480600,,
194,INV-H4-000194,complete_under_documented_rules,5330400,5330400,,
199,INV-H4-000199,complete_under_documented_rules,3183225,3183225,,
201,INV-H4-000201,complete_under_documented_rules,875700,875700,,
202,INV-H4-000202,complete_under_documented_rules,1981900,1981900,,
203,INV-H4-000203,complete_under_documented_rules,1979184,1979184,,
205,INV-H4-000205,complete_under_documented_rules,3493500,3493500,,
209,INV-H4-000209,complete_under_documented_rules,2321736,2321736,,
214,INV-H4-000214,complete_under_documented_rules,3246025,3246025,,
215,INV-H4-000215,complete_under_documented_rules,604825,604825,,
219,INV-H4-000219,complete_under_documented_rules,3351025,3351025,,
230,INV-H4-000230,complete_under_documented_rules,3617087,3617087,,
241,INV-H4-000241,complete_under_documented_rules,2652700,2652700,,
243,INV-H4-000243,complete_under_documented_rules,1488475,1488475,,
245,INV-H4-000245,complete_under_documented_rules,1497140,1497140,,
251,INV-H4-000251,complete_under_documented_rules,1327425,1327425,,
256,INV-H4-000256,complete_under_documented_rules,682700,682700,,
258,INV-H4-000258,complete_under_documented_rules,1118825,1118825,,
261,INV-H4-000261,complete_under_documented_rules,1789878,1789878,,
273,INV-H4-000273,complete_under_documented_rules,1988640,1988640,,
274,INV-H4-000274,complete_under_documented_rules,1107275,1107275,,
276,INV-H4-000276,complete_under_documented_rules,4113650,4113650,,
279,INV-H4-000279,complete_under_documented_rules,2072558,2072558,,
281,INV-H4-000281,complete_under_documented_rules,1513905,1513905,,
282,INV-H4-000282,complete_under_documented_rules,1401500,1401500,,
284,INV-H4-000284,complete_under_documented_rules,531900,531900,,
286,INV-H4-000286,complete_under_documented_rules,2054450,2054450,,
292,INV-H4-000292,complete_under_documented_rules,1980000,1980000,,
294,INV-H4-000294,complete_under_documented_rules,827525,827525,,
296,INV-H4-000296,complete_under_documented_rules,1443230,1443230,,
310,INV-H4-000310,complete_under_documented_rules,1316020,1316020,,
312,INV-H4-000312,complete_under_documented_rules,699500,699500,,
313,INV-H4-000313,complete_under_documented_rules,800725,800725,,
314,INV-H4-000314,complete_under_documented_rules,697175,697175,,
315,INV-H4-000315,complete_under_documented_rules,1699100,1699100,,
317,INV-H4-000317,complete_under_documented_rules,2361575,2361575,,
318,INV-H4-000318,complete_under_documented_rules,4698159,4698159,,
320,INV-H4-000320,complete_under_documented_rules,2024262,2024262,,
328,INV-H4-000328,complete_under_documented_rules,917100,917100,,
330,INV-H4-000330,complete_under_documented_rules,1330250,1330250,,
334,INV-H4-000334,complete_under_documented_rules,1071950,1071950,,
337,INV-H4-000337,complete_under_documented_rules,2762165,2762165,,
339,INV-H4-000339,complete_under_documented_rules,2489370,2489370,,
340,INV-H4-000340,complete_under_documented_rules,572600,572600,,
341,INV-H4-000341,complete_under_documented_rules,5736706,5736706,,
343,INV-H4-000343,complete_under_documented_rules,1048175,1048175,,
350,INV-H4-000350,complete_under_documented_rules,3278425,3278425,,
359,INV-H4-000359,complete_under_documented_rules,1946150,1946150,,
365,INV-H4-000365,complete_under_documented_rules,1747290,1747290,,
370,INV-H4-000370,complete_under_documented_rules,1554128,1554128,,
372,INV-H4-000372,complete_under_documented_rules,474575,474575,,
373,INV-H4-000373,complete_under_documented_rules,3625717,3625717,,
375,INV-H4-000375,complete_under_documented_rules,1582750,1582750,,
376,INV-H4-000376,complete_under_documented_rules,462950,462950,,
379,INV-H4-000379,complete_under_documented_rules,1395600,1395600,,
382,INV-H4-000382,complete_under_documented_rules,781425,781425,,
391,INV-H4-000391,complete_under_documented_rules,1528764,1528764,service_date_after_invoice_date,
392,INV-H4-000392,complete_under_documented_rules,1904013,1904013,,
403,INV-H4-000403,complete_under_documented_rules,1411800,1411800,,
404,INV-H4-000404,complete_under_documented_rules,1310900,1310900,,
408,INV-H4-000408,complete_under_documented_rules,2092935,2092935,,
412,INV-H4-000412,complete_under_documented_rules,3938725,3938725,,
423,INV-H4-000423,complete_under_documented_rules,749180,749180,,
428,INV-H4-000428,complete_under_documented_rules,1387328,1387328,,
430,INV-H4-000430,complete_under_documented_rules,1742210,1742210,,
436,INV-H4-000436,complete_under_documented_rules,2114075,2114075,,
440,INV-H4-000440,complete_under_documented_rules,1999100,1999100,,
447,INV-H4-000447,complete_under_documented_rules,2036000,2036000,,
448,INV-H4-000448,complete_under_documented_rules,3450611,3450611,,
455,INV-H4-000455,complete_under_documented_rules,4005775,4005775,,
460,INV-H4-000460,complete_under_documented_rules,1423623,1423623,,
464,INV-H4-000464,complete_under_documented_rules,1815325,1815325,,
466,INV-H4-000466,complete_under_documented_rules,2165475,2165475,,
467,INV-H4-000467,complete_under_documented_rules,1033045,1033045,,
468,INV-H4-000468,complete_under_documented_rules,1610125,1610125,,
486,INV-H4-000486,complete_under_documented_rules,1222350,1222350,,
487,INV-H4-000487,complete_under_documented_rules,2159000,2159000,,
489,INV-H4-000489,complete_under_documented_rules,2629490,2629490,,
491,INV-H4-000491,complete_under_documented_rules,2202350,2202350,,
496,INV-H4-000496,complete_under_documented_rules,3774484,3774484,,
499,INV-H4-000499,complete_under_documented_rules,3995805,3995805,,
500,INV-H4-000500,complete_under_documented_rules,1513950,1513950,,
503,INV-H4-000503,complete_under_documented_rules,1712225,1712225,,
505,INV-H4-000505,complete_under_documented_rules,869100,869100,,
511,INV-H4-000511,complete_under_documented_rules,4246950,4246950,,
518,INV-H4-000518,complete_under_documented_rules,4478075,4478075,,
521,INV-H4-000521,complete_under_documented_rules,3804725,3804725,,
525,INV-H4-000525,complete_under_documented_rules,1219975,1219975,,
535,INV-H4-000535,complete_under_documented_rules,1740400,1740400,,
537,INV-H4-000537,complete_under_documented_rules,3505975,3505975,,
543,INV-H4-000543,complete_under_documented_rules,2661825,2661825,,
556,INV-H4-000556,complete_under_documented_rules,2462025,2462025,,
557,INV-H4-000557,complete_under_documented_rules,885100,885100,,
558,INV-H4-000558,complete_under_documented_rules,780300,780300,,
574,INV-H4-000574,complete_under_documented_rules,2526375,2526375,,
578,INV-H4-000578,complete_under_documented_rules,2235025,2235025,,
580,INV-H4-000580,complete_under_documented_rules,1117339,1117339,,
581,INV-H4-000581,complete_under_documented_rules,2268205,2302975,discount_rate_mismatch|recomputed_total_mismatch,
583,INV-H4-000583,complete_under_documented_rules,819575,947375,bundle_rate_mismatch|recomputed_total_mismatch,
591,INV-H4-000591,complete_under_documented_rules,1112500,1112500,,
594,INV-H4-000594,complete_under_documented_rules,1837253,1837253,,
597,INV-H4-000597,complete_under_documented_rules,2486830,2486830,,
599,INV-H4-000599,complete_under_documented_rules,2096500,2096500,,
604,INV-H4-000604,complete_under_documented_rules,1621650,1621650,,
605,INV-H4-000605,complete_under_documented_rules,3585475,3585475,,
610,INV-H4-000610,complete_under_documented_rules,4533825,4561975,bundle_rate_mismatch|line_total_arithmetic|recomputed_total_mismatch,
611,INV-H4-000611,complete_under_documented_rules,3332930,3332930,,
614,INV-H4-000614,complete_under_documented_rules,4461675,4461675,,
617,INV-H4-000617,complete_under_documented_rules,2334775,2334775,,
619,INV-H4-000619,complete_under_documented_rules,3328475,3328475,,
620,INV-H4-000620,complete_under_documented_rules,1083025,1083025,,
623,INV-H4-000623,complete_under_documented_rules,884450,884450,,
627,INV-H4-000627,complete_under_documented_rules,969075,969075,,
629,INV-H4-000629,complete_under_documented_rules,2322425,2322425,,
632,INV-H4-000632,complete_under_documented_rules,1680900,1680900,,
633,INV-H4-000633,complete_under_documented_rules,1744140,1744140,,
634,INV-H4-000634,complete_under_documented_rules,1176432,1176432,,
639,INV-H4-000639,complete_under_documented_rules,1240762,1240762,,
640,INV-H4-000640,complete_under_documented_rules,2887285,2887285,,
642,INV-H4-000642,complete_under_documented_rules,1023125,1023125,,
650,INV-H4-000650,complete_under_documented_rules,2116750,2116750,,
656,INV-H4-000656,complete_under_documented_rules,1691450,1691450,,
660,INV-H4-000660,complete_under_documented_rules,2015770,2015770,,
661,INV-H4-000661,complete_under_documented_rules,3400815,3400815,,
667,INV-H4-000667,complete_under_documented_rules,1037685,1037685,,
669,INV-H4-000669,complete_under_documented_rules,2036050,2036050,,
670,INV-H4-000670,complete_under_documented_rules,2221300,2221300,,
671,INV-H4-000671,complete_under_documented_rules,2843843,2843843,,
673,INV-H4-000673,complete_under_documented_rules,3223381,3223381,,
674,INV-H4-000674,complete_under_documented_rules,2906505,2906505,,
683,INV-H4-000683,complete_under_documented_rules,3566465,3566465,,
684,INV-H4-000684,complete_under_documented_rules,2758763,2758763,,
685,INV-H4-000685,complete_under_documented_rules,888575,888575,,
687,INV-H4-000687,complete_under_documented_rules,2130175,2130175,,
688,INV-H4-000688,complete_under_documented_rules,2147980,2147980,,
689,INV-H4-000689,complete_under_documented_rules,311150,311150,,
692,INV-H4-000692,complete_under_documented_rules,862739,852437,bundle_rate_mismatch|quantity_premium_rate_mismatch|recomputed_total_mismatch,
697,INV-H4-000697,complete_under_documented_rules,654798,654798,,
707,INV-H4-000707,complete_under_documented_rules,3779025,3779025,,
717,INV-H4-000717,complete_under_documented_rules,475025,475025,,
718,INV-H4-000718,complete_under_documented_rules,1570300,1570300,,
721,INV-H4-000721,complete_under_documented_rules,3096676,3096676,,
722,INV-H4-000722,complete_under_documented_rules,4852900,4852900,,
728,INV-H4-000728,complete_under_documented_rules,988325,988325,,
730,INV-H4-000730,complete_under_documented_rules,3828225,3828225,,
731,INV-H4-000731,complete_under_documented_rules,1739600,1739600,,
732,INV-H4-000732,complete_under_documented_rules,2127850,2127850,,
735,INV-H4-000735,complete_under_documented_rules,402050,402050,,
737,INV-H4-000737,complete_under_documented_rules,2255325,2255325,,
738,INV-H4-000738,complete_under_documented_rules,1984399,1984399,,
744,INV-H4-000744,complete_under_documented_rules,2601325,2601325,,
745,INV-H4-000745,complete_under_documented_rules,1792890,1792890,,
748,INV-H4-000748,complete_under_documented_rules,1131650,1131650,,
752,INV-H4-000752,complete_under_documented_rules,990930,990930,,
753,INV-H4-000753,complete_under_documented_rules,3517100,3517100,,
754,INV-H4-000754,complete_under_documented_rules,2006700,2006700,,
755,INV-H4-000755,complete_under_documented_rules,2406204,2406204,,
757,INV-H4-000757,complete_under_documented_rules,1616780,1616780,,
764,INV-H4-000764,complete_under_documented_rules,4144255,4144255,,
771,INV-H4-000771,complete_under_documented_rules,1482775,1482775,,
772,INV-H4-000772,complete_under_documented_rules,4537660,4537660,,
784,INV-H4-000784,complete_under_documented_rules,5672100,5672100,,
790,INV-H4-000790,complete_under_documented_rules,1579048,1579048,,
792,INV-H4-000792,complete_under_documented_rules,2301500,2301500,,
796,INV-H4-000796,complete_under_documented_rules,2077075,2077075,,
797,INV-H4-000797,complete_under_documented_rules,2429475,2429475,,
800,INV-H4-000800,complete_under_documented_rules,1103000,1103000,,
801,INV-H4-000801,complete_under_documented_rules,933981,933981,,
812,INV-H4-000812,complete_under_documented_rules,5447044,5447044,,
816,INV-H4-000816,complete_under_documented_rules,3280925,3280925,,
819,INV-H4-000819,complete_under_documented_rules,3072630,3072630,,
820,INV-H4-000820,complete_under_documented_rules,2766785,2766785,,
821,INV-H4-000821,complete_under_documented_rules,1685850,1685850,,
824,INV-H4-000824,complete_under_documented_rules,4084125,4084125,,
825,INV-H4-000825,complete_under_documented_rules,1076650,1076650,,
826,INV-H4-000826,complete_under_documented_rules,1664025,1664025,,
830,INV-H4-000830,complete_under_documented_rules,2539580,2539580,,
831,INV-H4-000831,complete_under_documented_rules,2170420,2170420,,
834,INV-H4-000834,complete_under_documented_rules,2226125,2226125,,
835,INV-H4-000835,complete_under_documented_rules,3111550,3111550,,
838,INV-H4-000838,complete_under_documented_rules,1373870,1373870,,
