record_id,invoice_id,pricing_status,expected_total_cents,billed_total_cents,detected_errors,review_reasons
1,INV-H4-000001,needs_review,,1684325,,no_complete_rate_rule|unit_or_quantity_conversion_uncertain|unmapped_service
2,INV-H4-000002,needs_review,,3709750,,no_complete_rate_rule|unit_or_quantity_conversion_uncertain|unmapped_service
3,INV-H4-000003,needs_review,,2990225,wrong_unit_basis,no_complete_rate_rule|unit_or_quantity_conversion_uncertain|unmapped_service
6,INV-H4-000006,needs_review,,640175,invoice_total_mismatch,no_complete_rate_rule|unit_or_quantity_conversion_uncertain
7,INV-H4-000007,needs_review,,2396750,,no_complete_rate_rule|unit_or_quantity_conversion_uncertain|unmapped_service
9,INV-H4-000009,needs_review,,3544989,,discount_uncertain|no_complete_rate_rule|unit_or_quantity_conversion_uncertain|unmapped_service
10,INV-H4-000010,needs_review,,4801591,,no_complete_rate_rule|unit_or_quantity_conversion_uncertain|unmapped_service
12,INV-H4-000012,needs_review,,2835575,,no_complete_rate_rule|unit_or_quantity_conversion_uncertain|unmapped_service
14,INV-H4-000014,needs_review,,2658825,,no_complete_rate_rule|unit_or_quantity_conversion_uncertain|unmapped_service
16,INV-H4-000016,needs_review,,3234050,,no_complete_rate_rule|unit_or_quantity_conversion_uncertain|unmapped_service
17,INV-H4-000017,needs_review,,4939975,line_total_arithmetic,no_complete_rate_rule|unit_or_quantity_conversion_uncertain|unmapped_service
18,INV-H4-000018,needs_review,,1493475,,duplicate_service_allocation_uncertain
19,INV-H4-000019,needs_review,,1312175,,no_complete_rate_rule|unit_or_quantity_conversion_uncertain|unmapped_service
20,INV-H4-000020,needs_review,,3385425,,discount_uncertain|no_complete_rate_rule|unit_or_quantity_conversion_uncertain|unmapped_service
21,INV-H4-000021,needs_review,,2524150,,no_complete_rate_rule|unit_or_quantity_conversion_uncertain|unmapped_service
22,INV-H4-000022,needs_review,,2760525,,no_complete_rate_rule|unit_or_quantity_conversion_uncertain|unmapped_service
23,INV-H4-000023,needs_review,,3356650,,no_complete_rate_rule|unit_or_quantity_conversion_uncertain
24,INV-H4-000024,needs_review,,1381558,,no_complete_rate_rule|unit_or_quantity_conversion_uncertain|unmapped_service
27,INV-H4-000027,needs_review,,3087600,,discount_uncertain|no_complete_rate_rule|unit_or_quantity_conversion_uncertain|unmapped_service
29,INV-H4-000029,needs_review,,819175,,no_complete_rate_rule|unit_or_quantity_conversion_uncertain|unmapped_service
31,INV-H4-000031,needs_review,,1691400,,no_complete_rate_rule|possible_unmapped_duplicate|unit_or_quantity_conversion_uncertain|unmapped_service
32,INV-H4-000032,needs_review,,433650,,no_complete_rate_rule|unit_or_quantity_conversion_uncertain|unmapped_service
33,INV-H4-000033,needs_review,,3745725,,no_complete_rate_rule|unit_or_quantity_conversion_uncertain|unmapped_service
34,INV-H4-000034,needs_review,,3938675,,no_complete_rate_rule|unit_or_quantity_conversion_uncertain|unmapped_service
35,INV-H4-000035,needs_review,,4272200,,no_complete_rate_rule|unit_or_quantity_conversion_uncertain|unmapped_service
36,INV-H4-000036,needs_review,,2580775,,no_complete_rate_rule|unit_or_quantity_conversion_uncertain|unmapped_service
37,INV-H4-000037,needs_review,,4330300,,no_complete_rate_rule|unit_or_quantity_conversion_uncertain|unmapped_service
40,INV-H4-000040,needs_review,,4906925,,discount_uncertain|no_complete_rate_rule|unit_or_quantity_conversion_uncertain|unmapped_service
42,INV-H4-000042,needs_review,,3924275,,no_complete_rate_rule|unit_or_quantity_conversion_uncertain|unmapped_service
44,INV-H4-000044,needs_review,,2826210,,no_complete_rate_rule|unit_or_quantity_conversion_uncertain|unmapped_service
47,INV-H4-000047,needs_review,,3509309,,no_complete_rate_rule|unit_or_quantity_conversion_uncertain|unmapped_service
48,INV-H4-000048,needs_review,,1024025,,no_complete_rate_rule|unit_or_quantity_conversion_uncertain|unmapped_service
49,INV-H4-000049,needs_review,,2746450,,no_complete_rate_rule|unit_or_quantity_conversion_uncertain|unmapped_service
50,INV-H4-000050,needs_review,,3023285,,no_complete_rate_rule|unit_or_quantity_conversion_uncertain|unmapped_service
51,INV-H4-000051,needs_review,,4283425,,discount_uncertain|no_complete_rate_rule|unit_or_quantity_conversion_uncertain|unmapped_service
52,INV-H4-000052,needs_review,,2886250,,no_complete_rate_rule|unit_or_quantity_conversion_uncertain|unmapped_service
53,INV-H4-000053,needs_review,,3818450,wrong_unit_basis,discount_uncertain|exclusion_trigger_mapping_uncertain|no_complete_rate_rule|possible_unmapped_duplicate|unit_or_quantity_conversion_uncertain|unmapped_service
54,INV-H4-000054,needs_review,,1927440,,no_complete_rate_rule|unit_or_quantity_conversion_uncertain|unmapped_service
56,INV-H4-000056,needs_review,,1540100,,discount_uncertain|no_complete_rate_rule|unit_or_quantity_conversion_uncertain|unmapped_service
57,INV-H4-000057,needs_review,,3328750,,discount_uncertain|no_complete_rate_rule
58,INV-H4-000058,needs_review,,1646025,,discount_uncertain|no_complete_rate_rule|unit_or_quantity_conversion_uncertain|unmapped_service
60,INV-H4-000060,needs_review,,805625,,no_complete_rate_rule|unit_or_quantity_conversion_uncertain|unmapped_service
61,INV-H4-000061,needs_review,,1590875,,no_complete_rate_rule|unit_or_quantity_conversion_uncertain|unmapped_service
62,INV-H4-000062,needs_review,,3792825,,no_complete_rate_rule|unit_or_quantity_conversion_uncertain|unmapped_service
63,INV-H4-000063,needs_review,,2568575,,no_complete_rate_rule|unit_or_quantity_conversion_uncertain|unmapped_service
64,INV-H4-000064,needs_review,,1531425,,discount_uncertain|no_complete_rate_rule
66,INV-H4-000066,needs_review,,4668562,,no_complete_rate_rule|unit_or_quantity_conversion_uncertain|unmapped_service
67,INV-H4-000067,needs_review,,3881800,,discount_uncertain|exclusion_trigger_mapping_uncertain|no_complete_rate_rule|unit_or_quantity_conversion_uncertain|unmapped_service
69,INV-H4-000069,needs_review,,3522700,,duplicate_service_allocation_uncertain|no_complete_rate_rule|unit_or_quantity_conversion_uncertain|unmapped_service
70,INV-H4-000070,needs_review,,4395000,,discount_uncertain|exclusion_trigger_mapping_uncertain|no_complete_rate_rule|unit_or_quantity_conversion_uncertain|unmapped_service
71,INV-H4-000071,needs_review,,1617900,,no_complete_rate_rule|unit_or_quantity_conversion_uncertain|unmapped_service
73,INV-H4-000073,needs_review,,1575625,duplicate_invoice_id,reused_invoice_id
74,INV-H4-000074,needs_review,,3497250,,discount_uncertain|no_complete_rate_rule|unit_or_quantity_conversion_uncertain|unmapped_service
75,INV-H4-000075,needs_review,,2816942,,discount_uncertain|no_complete_rate_rule|unit_or_quantity_conversion_uncertain|unmapped_service
76,INV-H4-000076,needs_review,,1949250,,no_complete_rate_rule|unit_or_quantity_conversion_uncertain|unmapped_service
77,INV-H4-000077,needs_review,,2865381,,no_complete_rate_rule|unit_or_quantity_conversion_uncertain|unmapped_service
78,INV-H4-000078,needs_review,,2875625,,discount_uncertain|no_complete_rate_rule|unit_or_quantity_conversion_uncertain
79,INV-H4-000079,needs_review,,233850,duplicate_invoice_id|service_date_after_invoice_date|service_date_out_of_window,date_not_eligible_for_pricing|no_complete_rate_rule|reused_invoice_id
80,INV-H4-000080,needs_review,,3508000,,discount_uncertain|no_complete_rate_rule
81,INV-H4-000081,needs_review,,3437800,,no_complete_rate_rule|unit_or_quantity_conversion_uncertain|unmapped_service
82,INV-H4-000082,needs_review,,5197300,,discount_uncertain|no_complete_rate_rule|unit_or_quantity_conversion_uncertain|unmapped_service
83,INV-H4-000083,needs_review,,3067400,,discount_uncertain|no_complete_rate_rule
84,INV-H4-000084,needs_review,,4715550,,duplicate_service_allocation_uncertain
86,INV-H4-000086,needs_review,,1398675,,no_complete_rate_rule|unit_or_quantity_conversion_uncertain|unmapped_service
87,INV-H4-000087,needs_review,,3411011,,no_complete_rate_rule|unit_or_quantity_conversion_uncertain|unmapped_service
88,INV-H4-000088,needs_review,,5285671,,discount_uncertain|no_complete_rate_rule|unit_or_quantity_conversion_uncertain|unmapped_service
90,INV-H4-000090,needs_review,,1209350,,no_complete_rate_rule|unit_or_quantity_conversion_uncertain|unmapped_service
91,INV-H4-000091,needs_review,,1420275,,no_complete_rate_rule|unit_or_quantity_conversion_uncertain
92,INV-H4-000092,needs_review,,3900715,,discount_uncertain|no_complete_rate_rule|unit_or_quantity_conversion_uncertain|unmapped_service
93,INV-H4-000093,needs_review,,2654600,,no_complete_rate_rule
94,INV-H4-000094,needs_review,,2378395,,discount_uncertain|no_complete_rate_rule|unit_or_quantity_conversion_uncertain|unmapped_service
95,INV-H4-000095,needs_review,,1797350,line_total_arithmetic|wrong_unit_basis,unit_or_quantity_conversion_uncertain
96,INV-H4-000096,needs_review,,2712075,,discount_uncertain|no_complete_rate_rule|unit_or_quantity_conversion_uncertain|unmapped_service
97,INV-H4-000097,needs_review,,2515900,,discount_uncertain|no_complete_rate_rule|unit_or_quantity_conversion_uncertain|unmapped_service
98,INV-H4-000098,needs_review,,2846400,,no_complete_rate_rule|unit_or_quantity_conversion_uncertain|unmapped_service
99,INV-H4-000099,needs_review,,3632444,,discount_uncertain|no_complete_rate_rule
100,INV-H4-000100,needs_review,,1400750,,no_complete_rate_rule|unit_or_quantity_conversion_uncertain|unmapped_service
101,INV-H4-000101,needs_review,,997375,,no_complete_rate_rule|unit_or_quantity_conversion_uncertain|unmapped_service
103,INV-H4-000103,needs_review,,4815295,,no_complete_rate_rule|unit_or_quantity_conversion_uncertain
104,INV-H4-000104,needs_review,,763938,contract_number_mismatch,no_complete_rate_rule|unit_or_quantity_conversion_uncertain|unmapped_service
105,INV-H4-000105,needs_review,,1369450,quantity_premium_rate_mismatch|service_date_after_invoice_date,discount_uncertain|no_complete_rate_rule
107,INV-H4-000107,needs_review,,2848100,,no_complete_rate_rule|unit_or_quantity_conversion_uncertain|unmapped_service
108,INV-H4-000108,needs_review,,1704800,,no_complete_rate_rule|unit_or_quantity_conversion_uncertain|unmapped_service
109,INV-H4-000109,needs_review,,4800150,,discount_uncertain|no_complete_rate_rule|unit_or_quantity_conversion_uncertain|unmapped_service
110,INV-H4-000110,needs_review,,1614575,,no_complete_rate_rule|unit_or_quantity_conversion_uncertain|unmapped_service
111,INV-H4-000111,needs_review,,3388731,,discount_uncertain|no_complete_rate_rule|unit_or_quantity_conversion_uncertain|unmapped_service
112,INV-H4-000112,needs_review,,1157155,,no_complete_rate_rule|unit_or_quantity_conversion_uncertain|unmapped_service
113,INV-H4-000113,needs_review,,1557700,,no_complete_rate_rule|unit_or_quantity_conversion_uncertain|unmapped_service
114,INV-H4-000114,needs_review,,4447625,,no_complete_rate_rule|unit_or_quantity_conversion_uncertain|unmapped_service
115,INV-H4-000115,needs_review,,3446700,,discount_uncertain|no_complete_rate_rule|unit_or_quantity_conversion_uncertain|unmapped_service
116,INV-H4-000116,needs_review,,3422822,,discount_uncertain|no_complete_rate_rule
118,INV-H4-000118,needs_review,,3885968,,discount_uncertain|no_complete_rate_rule
119,INV-H4-000119,needs_review,,1533750,,no_complete_rate_rule|unit_or_quantity_conversion_uncertain|unmapped_service
120,INV-H4-000120,needs_review,,2225600,,no_complete_rate_rule|unit_or_quantity_conversion_uncertain
123,INV-H4-000123,needs_review,,3924125,,discount_uncertain|no_complete_rate_rule|unit_or_quantity_conversion_uncertain
124,INV-H4-000124,needs_review,,5059925,,discount_uncertain|no_complete_rate_rule|unit_or_quantity_conversion_uncertain|unmapped_service
125,INV-H4-000125,needs_review,,2398750,,exclusion_trigger_mapping_uncertain|no_complete_rate_rule|possible_unmapped_duplicate|unit_or_quantity_conversion_uncertain|unmapped_service
127,INV-H4-000127,needs_review,,4277050,,discount_uncertain|no_complete_rate_rule
129,INV-H4-000129,needs_review,,2475375,,no_complete_rate_rule|unit_or_quantity_conversion_uncertain|unmapped_service
130,INV-H4-000130,needs_review,,1120375,,no_complete_rate_rule|unit_or_quantity_conversion_uncertain|unmapped_service
131,INV-H4-000131,needs_review,,2284750,,no_complete_rate_rule|unit_or_quantity_conversion_uncertain|unmapped_service
134,INV-H4-000134,needs_review,,1879100,,no_complete_rate_rule|unit_or_quantity_conversion_uncertain|unmapped_service
135,INV-H4-000135,needs_review,,2150499,,no_complete_rate_rule|unit_or_quantity_conversion_uncertain|unmapped_service
136,INV-H4-000136,needs_review,,1312475,,discount_uncertain|no_complete_rate_rule
138,INV-H4-000138,needs_review,,408732,,no_complete_rate_rule|unit_or_quantity_conversion_uncertain|unmapped_service
139,INV-H4-000139,needs_review,,3165685,,discount_uncertain|no_complete_rate_rule|unit_or_quantity_conversion_uncertain|unmapped_service
141,INV-H4-000141,needs_review,,2871700,,discount_uncertain|no_complete_rate_rule|unit_or_quantity_conversion_uncertain|unmapped_service
142,INV-H4-000142,needs_review,,3154150,,no_complete_rate_rule|unit_or_quantity_conversion_uncertain
143,INV-H4-000143,needs_review,,2047525,,no_complete_rate_rule|unit_or_quantity_conversion_uncertain|unmapped_service
144,INV-H4-000144,needs_review,,3105319,contract_number_mismatch|quantity_premium_rate_mismatch,discount_uncertain|no_complete_rate_rule|possible_unmapped_duplicate|unit_or_quantity_conversion_uncertain|unmapped_service
146,INV-H4-000146,needs_review,,2873750,,exclusion_trigger_mapping_uncertain|no_complete_rate_rule|unit_or_quantity_conversion_uncertain|unmapped_service
149,INV-H4-000149,needs_review,,1433525,,no_complete_rate_rule|unit_or_quantity_conversion_uncertain|unmapped_service
150,INV-H4-000150,needs_review,,1510135,,discount_uncertain|no_complete_rate_rule
151,INV-H4-000151,needs_review,,4528550,,exclusion_trigger_mapping_uncertain|no_complete_rate_rule|unit_or_quantity_conversion_uncertain|unmapped_service
153,INV-H4-000153,needs_review,,3656250,malformed_service_date,date_not_eligible_for_pricing|exclusion_trigger_mapping_uncertain|no_complete_rate_rule|possible_unmapped_duplicate|unit_or_quantity_conversion_uncertain|unmapped_service
154,INV-H4-000154,needs_review,,1006400,,no_complete_rate_rule|unit_or_quantity_conversion_uncertain|unmapped_service
155,INV-H4-000155,needs_review,,1748312,,no_complete_rate_rule|unit_or_quantity_conversion_uncertain|unmapped_service
157,INV-H4-000157,needs_review,,1066600,discount_rate_mismatch|invoice_total_mismatch,no_complete_rate_rule|unit_or_quantity_conversion_uncertain|unmapped_service
158,INV-H4-000158,needs_review,,1897325,,discount_uncertain|no_complete_rate_rule|unit_or_quantity_conversion_uncertain|unmapped_service
159,INV-H4-000159,needs_review,,1671850,,no_complete_rate_rule|unit_or_quantity_conversion_uncertain|unmapped_service
161,INV-H4-000161,needs_review,,2578975,,no_complete_rate_rule|unit_or_quantity_conversion_uncertain
162,INV-H4-000162,needs_review,,3059865,,no_complete_rate_rule|unit_or_quantity_conversion_uncertain|unmapped_service
164,INV-H4-000164,needs_review,,2241308,contract_number_mismatch|malformed_service_date|quantity_premium_rate_mismatch,date_not_eligible_for_pricing|no_complete_rate_rule|unit_or_quantity_conversion_uncertain|unmapped_service
165,INV-H4-000165,needs_review,,3413175,daily_cap_exceeded,daily_cap_allocation_or_quantity_uncertain|no_complete_rate_rule
166,INV-H4-000166,needs_review,,1360729,,no_complete_rate_rule|unit_or_quantity_conversion_uncertain|unmapped_service
167,INV-H4-000167,needs_review,,4001084,,discount_uncertain|no_complete_rate_rule|unit_or_quantity_conversion_uncertain|unmapped_service
168,INV-H4-000168,needs_review,,2221715,wrong_unit_basis,exclusion_boundary_uncertain|no_complete_rate_rule|unit_or_quantity_conversion_uncertain|unmapped_service
169,INV-H4-000169,needs_review,,2116475,,no_complete_rate_rule|unit_or_quantity_conversion_uncertain|unmapped_service
170,INV-H4-000170,needs_review,,2401000,,no_complete_rate_rule|unit_or_quantity_conversion_uncertain|unmapped_service
171,INV-H4-000171,needs_review,,3983406,,discount_uncertain|no_complete_rate_rule|unit_or_quantity_conversion_uncertain|unmapped_service
173,INV-H4-000173,needs_review,,2904550,,discount_uncertain|no_complete_rate_rule|unit_or_quantity_conversion_uncertain|unmapped_service
176,INV-H4-000176,needs_review,,1732674,,no_complete_rate_rule|unit_or_quantity_conversion_uncertain|unmapped_service
177,INV-H4-000177,needs_review,,3061075,,no_complete_rate_rule|unit_or_quantity_conversion_uncertain|unmapped_service
178,INV-H4-000178,needs_review,,3878225,,no_complete_rate_rule|possible_unmapped_duplicate|unit_or_quantity_conversion_uncertain|unmapped_service
181,INV-H4-000181,needs_review,,1433750,,no_complete_rate_rule|unit_or_quantity_conversion_uncertain|unmapped_service
182,INV-H4-000182,needs_review,,3573500,,no_complete_rate_rule|unit_or_quantity_conversion_uncertain|unmapped_service
183,INV-H4-000183,needs_review,,3944406,,no_complete_rate_rule|unit_or_quantity_conversion_uncertain|unmapped_service
184,INV-H4-000184,needs_review,,1978025,,no_complete_rate_rule|unit_or_quantity_conversion_uncertain|unmapped_service
185,INV-H4-000185,needs_review,,3031025,,no_complete_rate_rule|unit_or_quantity_conversion_uncertain|unmapped_service
186,INV-H4-000186,needs_review,,3391488,,no_complete_rate_rule|unit_or_quantity_conversion_uncertain|unmapped_service
187,INV-H4-000187,needs_review,,4163750,,discount_uncertain|no_complete_rate_rule|unit_or_quantity_conversion_uncertain|unmapped_service
189,INV-H4-000189,needs_review,,2477850,,no_complete_rate_rule|unit_or_quantity_conversion_uncertain|unmapped_service
190,INV-H4-000190,needs_review,,4348650,,no_complete_rate_rule|possible_unmapped_duplicate|unit_or_quantity_conversion_uncertain|unmapped_service
191,INV-H4-000191,needs_review,,2686650,,no_complete_rate_rule|unit_or_quantity_conversion_uncertain|unmapped_service
192,INV-H4-000192,needs_review,,3168856,,no_complete_rate_rule|unit_or_quantity_conversion_uncertain|unmapped_service
193,INV-H4-000193,needs_review,,2231223,,no_complete_rate_rule|unit_or_quantity_conversion_uncertain|unmapped_service
195,INV-H4-000195,needs_review,,2564800,,discount_uncertain|no_complete_rate_rule|unit_or_quantity_conversion_uncertain|unmapped_service
196,INV-H4-000196,needs_review,,2769483,quantity_premium_rate_mismatch|wrong_unit_basis,no_complete_rate_rule|unit_or_quantity_conversion_uncertain|unmapped_service
197,INV-H4-000197,needs_review,,3709100,,discount_uncertain|no_complete_rate_rule|possible_unmapped_duplicate|unit_or_quantity_conversion_uncertain|unmapped_service
198,INV-H4-000198,needs_review,,892825,,no_complete_rate_rule|unit_or_quantity_conversion_uncertain|unmapped_service
200,INV-H4-000200,needs_review,,2877375,,no_complete_rate_rule|unit_or_quantity_conversion_uncertain|unmapped_service
204,INV-H4-000204,needs_review,,4171025,,no_complete_rate_rule|unit_or_quantity_conversion_uncertain|unmapped_service
206,INV-H4-000206,needs_review,,1988225,,no_complete_rate_rule|unit_or_quantity_conversion_uncertain|unmapped_service
207,INV-H4-000207,needs_review,,930000,,no_complete_rate_rule|unit_or_quantity_conversion_uncertain|unmapped_service
208,INV-H4-000208,needs_review,,3600552,,no_complete_rate_rule|unit_or_quantity_conversion_uncertain|unmapped_service
210,INV-H4-000210,needs_review,,5038300,,discount_uncertain|no_complete_rate_rule|unit_or_quantity_conversion_uncertain|unmapped_service
211,INV-H4-000211,needs_review,,3056100,,no_complete_rate_rule|unit_or_quantity_conversion_uncertain|unmapped_service
212,INV-H4-000212,needs_review,,2243138,,discount_uncertain|no_complete_rate_rule|unit_or_quantity_conversion_uncertain|unmapped_service
213,INV-H4-000213,needs_review,,2984225,,no_complete_rate_rule|unit_or_quantity_conversion_uncertain|unmapped_service
216,INV-H4-000216,needs_review,,1973625,,no_complete_rate_rule|unit_or_quantity_conversion_uncertain|unmapped_service
217,INV-H4-000217,needs_review,,2424724,bundle_rate_mismatch|unit_price_mismatch,discount_uncertain|no_complete_rate_rule|unit_or_quantity_conversion_uncertain|unmapped_service
218,INV-H4-000218,needs_review,,2091390,,no_complete_rate_rule|unit_or_quantity_conversion_uncertain|unmapped_service
220,INV-H4-000220,needs_review,,4985275,,discount_uncertain|no_complete_rate_rule
221,INV-H4-000221,needs_review,,1251552,,no_complete_rate_rule|unit_or_quantity_conversion_uncertain|unmapped_service
222,INV-H4-000222,needs_review,,1049900,,no_complete_rate_rule|unit_or_quantity_conversion_uncertain
223,INV-H4-000223,needs_review,,2854625,,no_complete_rate_rule|unit_or_quantity_conversion_uncertain|unmapped_service
224,INV-H4-000224,needs_review,,1980323,,discount_uncertain|no_complete_rate_rule|unit_or_quantity_conversion_uncertain|unmapped_service
225,INV-H4-000225,needs_review,,2624625,,no_complete_rate_rule|unit_or_quantity_conversion_uncertain|unmapped_service
226,INV-H4-000226,needs_review,,941750,line_total_arithmetic,no_complete_rate_rule|unit_or_quantity_conversion_uncertain|unmapped_service
227,INV-H4-000227,needs_review,,4035850,,discount_uncertain|no_complete_rate_rule|unit_or_quantity_conversion_uncertain|unmapped_service
228,INV-H4-000228,needs_review,,2264805,,discount_uncertain|no_complete_rate_rule|unit_or_quantity_conversion_uncertain|unmapped_service
229,INV-H4-000229,needs_review,,2680971,,no_complete_rate_rule|unit_or_quantity_conversion_uncertain|unmapped_service
231,INV-H4-000231,needs_review,,4372475,,discount_uncertain|no_complete_rate_rule|unit_or_quantity_conversion_uncertain|unmapped_service
232,INV-H4-000232,needs_review,,1930675,,no_complete_rate_rule|unit_or_quantity_conversion_uncertain|unmapped_service
233,INV-H4-000233,needs_review,,2666630,,no_complete_rate_rule|unit_or_quantity_conversion_uncertain|unmapped_service
234,INV-H4-000234,needs_review,,1089700,,no_complete_rate_rule|unit_or_quantity_conversion_uncertain|unmapped_service
235,INV-H4-000235,needs_review,,1538350,contract_number_mismatch,exclusion_boundary_uncertain|no_complete_rate_rule
236,INV-H4-000236,needs_review,,2297550,,no_complete_rate_rule|unit_or_quantity_conversion_uncertain|unmapped_service
237,INV-H4-000237,needs_review,,3644221,,no_complete_rate_rule|unit_or_quantity_conversion_uncertain|unmapped_service
238,INV-H4-000238,needs_review,,1045225,,discount_uncertain|no_complete_rate_rule|unit_or_quantity_conversion_uncertain
239,INV-H4-000239,needs_review,,3914800,,no_complete_rate_rule|unit_or_quantity_conversion_uncertain|unmapped_service
240,INV-H4-000240,needs_review,,2711979,,no_complete_rate_rule|unit_or_quantity_conversion_uncertain|unmapped_service
242,INV-H4-000242,needs_review,,4025602,,no_complete_rate_rule|unit_or_quantity_conversion_uncertain|unmapped_service
244,INV-H4-000244,needs_review,,1335750,,no_complete_rate_rule|unit_or_quantity_conversion_uncertain|unmapped_service
246,INV-H4-000246,needs_review,,2716947,,no_complete_rate_rule|unit_or_quantity_conversion_uncertain|unmapped_service
247,INV-H4-000247,needs_review,,3224198,quantity_premium_rate_mismatch,discount_uncertain|no_complete_rate_rule|unit_or_quantity_conversion_uncertain|unmapped_service
248,INV-H4-000248,needs_review,,2382309,,no_complete_rate_rule|unit_or_quantity_conversion_uncertain|unmapped_service
249,INV-H4-000249,needs_review,,2468650,,no_complete_rate_rule|unit_or_quantity_conversion_uncertain|unmapped_service
250,INV-H4-000250,needs_review,,2665181,,no_complete_rate_rule|unit_or_quantity_conversion_uncertain|unmapped_service
252,INV-H4-000252,needs_review,,2894100,,discount_uncertain|no_complete_rate_rule|unit_or_quantity_conversion_uncertain|unmapped_service
253,INV-H4-000253,needs_review,,985450,,no_complete_rate_rule|unit_or_quantity_conversion_uncertain|unmapped_service
254,INV-H4-000254,needs_review,,1369875,,no_complete_rate_rule|unit_or_quantity_conversion_uncertain|unmapped_service
255,INV-H4-000255,needs_review,,1882120,,discount_uncertain|no_complete_rate_rule
257,INV-H4-000257,needs_review,,3266665,,no_complete_rate_rule|unit_or_quantity_conversion_uncertain|unmapped_service
259,INV-H4-000259,needs_review,,4427913,quantity_premium_rate_mismatch,no_complete_rate_rule|unit_or_quantity_conversion_uncertain|unmapped_service
260,INV-H4-000260,needs_review,,1657025,line_total_arithmetic|service_date_out_of_window,date_not_eligible_for_pricing|no_complete_rate_rule
262,INV-H4-000262,needs_review,,2110186,,no_complete_rate_rule|unit_or_quantity_conversion_uncertain|unmapped_service
263,INV-H4-000263,needs_review,,1153981,,no_complete_rate_rule|possible_unmapped_duplicate|unit_or_quantity_conversion_uncertain|unmapped_service
264,INV-H4-000264,needs_review,,2802450,duplicate_invoice_id,discount_uncertain|duplicate_service_allocation_uncertain|no_complete_rate_rule|reused_invoice_id|unit_or_quantity_conversion_uncertain|unmapped_service
265,INV-H4-000265,needs_review,,4404590,,no_complete_rate_rule|unit_or_quantity_conversion_uncertain|unmapped_service
266,INV-H4-000266,needs_review,,613575,,no_complete_rate_rule|unit_or_quantity_conversion_uncertain|unmapped_service
267,INV-H4-000267,needs_review,,2593453,,no_complete_rate_rule|unit_or_quantity_conversion_uncertain|unmapped_service
268,INV-H4-000268,needs_review,,977995,,no_complete_rate_rule|unit_or_quantity_conversion_uncertain|unmapped_service
269,INV-H4-000269,needs_review,,3368618,,no_complete_rate_rule|unit_or_quantity_conversion_uncertain|unmapped_service
270,INV-H4-000270,needs_review,,2654548,,discount_uncertain|no_complete_rate_rule|unit_or_quantity_conversion_uncertain|unmapped_service
271,INV-H4-000271,needs_review,,5044659,,discount_uncertain|no_complete_rate_rule|unit_or_quantity_conversion_uncertain|unmapped_service
272,INV-H4-000272,needs_review,,1856562,,no_complete_rate_rule|unit_or_quantity_conversion_uncertain|unmapped_service
275,INV-H4-000275,needs_review,,3175125,,no_complete_rate_rule|unit_or_quantity_conversion_uncertain|unmapped_service
277,INV-H4-000277,needs_review,,3302165,,no_complete_rate_rule|unit_or_quantity_conversion_uncertain|unmapped_service
278,INV-H4-000278,needs_review,,3446950,,no_complete_rate_rule|unit_or_quantity_conversion_uncertain|unmapped_service
280,INV-H4-000280,needs_review,,2693475,,discount_uncertain|no_complete_rate_rule|unit_or_quantity_conversion_uncertain|unmapped_service
283,INV-H4-000283,needs_review,,4108178,,no_complete_rate_rule|unit_or_quantity_conversion_uncertain|unmapped_service
285,INV-H4-000285,needs_review,,1044325,,exclusion_trigger_mapping_uncertain|no_complete_rate_rule|possible_unmapped_duplicate|unit_or_quantity_conversion_uncertain|unmapped_service
287,INV-H4-000287,needs_review,,3420900,,no_complete_rate_rule|unit_or_quantity_conversion_uncertain|unmapped_service
288,INV-H4-000288,needs_review,,1085000,,no_complete_rate_rule|unit_or_quantity_conversion_uncertain|unmapped_service
289,INV-H4-000289,needs_review,,4165533,,no_complete_rate_rule|unit_or_quantity_conversion_uncertain|unmapped_service
290,INV-H4-000290,needs_review,,3406925,,no_complete_rate_rule|unit_or_quantity_conversion_uncertain|unmapped_service
291,INV-H4-000291,needs_review,,2286450,,discount_uncertain|no_complete_rate_rule|unit_or_quantity_conversion_uncertain|unmapped_service
293,INV-H4-000293,needs_review,,3500841,bundle_rate_mismatch,no_complete_rate_rule|unit_or_quantity_conversion_uncertain|unmapped_service
295,INV-H4-000295,needs_review,,579025,,no_complete_rate_rule|unit_or_quantity_conversion_uncertain|unmapped_service
297,INV-H4-000297,needs_review,,3398204,,no_complete_rate_rule|unit_or_quantity_conversion_uncertain|unmapped_service
298,INV-H4-000298,needs_review,,2093400,,no_complete_rate_rule|unit_or_quantity_conversion_uncertain|unmapped_service
299,INV-H4-000299,needs_review,,421750,,no_complete_rate_rule|unit_or_quantity_conversion_uncertain|unmapped_service
300,INV-H4-000300,needs_review,,4207405,,no_complete_rate_rule|unit_or_quantity_conversion_uncertain|unmapped_service
301,INV-H4-000301,needs_review,,1677800,,no_complete_rate_rule|unit_or_quantity_conversion_uncertain|unmapped_service
302,INV-H4-000302,needs_review,,1454463,,no_complete_rate_rule|unit_or_quantity_conversion_uncertain|unmapped_service
303,INV-H4-000079,needs_review,,1486726,duplicate_invoice_id,no_complete_rate_rule|reused_invoice_id|unit_or_quantity_conversion_uncertain|unmapped_service
304,INV-H4-000304,needs_review,,4995628,,discount_uncertain|no_complete_rate_rule|unit_or_quantity_conversion_uncertain|unmapped_service
305,INV-H4-000305,needs_review,,2221575,,no_complete_rate_rule|unit_or_quantity_conversion_uncertain|unmapped_service
306,INV-H4-000306,needs_review,,2618850,,no_complete_rate_rule|unit_or_quantity_conversion_uncertain|unmapped_service
307,INV-H4-000307,needs_review,,4621560,,no_complete_rate_rule|unit_or_quantity_conversion_uncertain|unmapped_service
308,INV-H4-000308,needs_review,,2714544,,no_complete_rate_rule|unit_or_quantity_conversion_uncertain|unmapped_service
309,INV-H4-000309,needs_review,,3550818,,duplicate_service_allocation_uncertain|exclusion_trigger_mapping_uncertain|no_complete_rate_rule|possible_unmapped_duplicate|unit_or_quantity_conversion_uncertain|unmapped_service
311,INV-H4-000311,needs_review,,1972059,,no_complete_rate_rule|unit_or_quantity_conversion_uncertain|unmapped_service
316,INV-H4-000316,needs_review,,4094625,,no_complete_rate_rule|unit_or_quantity_conversion_uncertain|unmapped_service
319,INV-H4-000319,needs_review,,1918250,,no_complete_rate_rule|unit_or_quantity_conversion_uncertain|unmapped_service
321,INV-H4-000321,needs_review,,2786067,,no_complete_rate_rule|unit_or_quantity_conversion_uncertain|unmapped_service
322,INV-H4-000322,needs_review,,1402175,,no_complete_rate_rule|possible_unmapped_duplicate|unit_or_quantity_conversion_uncertain|unmapped_service
323,INV-H4-000323,needs_review,,1906175,invoice_total_mismatch,no_complete_rate_rule|unit_or_quantity_conversion_uncertain|unmapped_service
324,INV-H4-000324,needs_review,,737415,,no_complete_rate_rule|unit_or_quantity_conversion_uncertain|unmapped_service
325,INV-H4-000325,needs_review,,1768325,,discount_uncertain|no_complete_rate_rule|unit_or_quantity_conversion_uncertain|unmapped_service
326,INV-H4-000326,needs_review,,3798200,,no_complete_rate_rule|unit_or_quantity_conversion_uncertain|unmapped_service
327,INV-H4-000327,needs_review,,1996725,,no_complete_rate_rule|unit_or_quantity_conversion_uncertain|unmapped_service
329,INV-H4-000329,needs_review,,2992320,,no_complete_rate_rule|unit_or_quantity_conversion_uncertain|unmapped_service
331,INV-H4-000331,needs_review,,4216333,,no_complete_rate_rule|unit_or_quantity_conversion_uncertain|unmapped_service
332,INV-H4-000332,needs_review,,4836400,,no_complete_rate_rule|unit_or_quantity_conversion_uncertain|unmapped_service
333,INV-H4-000333,needs_review,,999950,,no_complete_rate_rule|unit_or_quantity_conversion_uncertain|unmapped_service
335,INV-H4-000335,needs_review,,2045545,,no_complete_rate_rule|unit_or_quantity_conversion_uncertain|unmapped_service
336,INV-H4-000336,needs_review,,3783718,,no_complete_rate_rule|unit_or_quantity_conversion_uncertain|unmapped_service
338,INV-H4-000338,needs_review,,3339125,,no_complete_rate_rule|unit_or_quantity_conversion_uncertain|unmapped_service
342,INV-H4-000342,needs_review,,1868200,,no_complete_rate_rule|unit_or_quantity_conversion_uncertain|unmapped_service
344,INV-H4-000344,needs_review,,2427031,,no_complete_rate_rule|unit_or_quantity_conversion_uncertain|unmapped_service
345,INV-H4-000345,needs_review,,2320375,,no_complete_rate_rule|unit_or_quantity_conversion_uncertain
346,INV-H4-000346,needs_review,,4225450,,no_complete_rate_rule|unit_or_quantity_conversion_uncertain
347,INV-H4-000347,needs_review,,1895670,,no_complete_rate_rule|unit_or_quantity_conversion_uncertain|unmapped_service
348,INV-H4-000348,needs_review,,2813528,,no_complete_rate_rule|unit_or_quantity_conversion_uncertain|unmapped_service
349,INV-H4-000349,needs_review,,2307175,,discount_uncertain|no_complete_rate_rule
351,INV-H4-000351,needs_review,,5091100,,no_complete_rate_rule|unit_or_quantity_conversion_uncertain|unmapped_service
352,INV-H4-000352,needs_review,,1914963,,discount_uncertain|exclusion_trigger_mapping_uncertain|no_complete_rate_rule|unit_or_quantity_conversion_uncertain|unmapped_service
353,INV-H4-000353,needs_review,,981842,,no_complete_rate_rule|unit_or_quantity_conversion_uncertain|unmapped_service
354,INV-H4-000354,needs_review,,2357825,,discount_uncertain|no_complete_rate_rule|unit_or_quantity_conversion_uncertain|unmapped_service
355,INV-H4-000355,needs_review,,2871831,quantity_premium_rate_mismatch,discount_uncertain|no_complete_rate_rule|unit_or_quantity_conversion_uncertain|unmapped_service
356,INV-H4-000356,needs_review,,1230034,,discount_uncertain|no_complete_rate_rule
357,INV-H4-000357,needs_review,,3397840,,no_complete_rate_rule|unit_or_quantity_conversion_uncertain|unmapped_service
358,INV-H4-000358,needs_review,,5154605,,no_complete_rate_rule|unit_or_quantity_conversion_uncertain|unmapped_service
360,INV-H4-000360,needs_review,,4291045,,no_complete_rate_rule|unit_or_quantity_conversion_uncertain|unmapped_service
361,INV-H4-000361,needs_review,,4042944,,no_complete_rate_rule|possible_unmapped_duplicate|unit_or_quantity_conversion_uncertain|unmapped_service
362,INV-H4-000362,needs_review,,369425,,no_complete_rate_rule|unit_or_quantity_conversion_uncertain|unmapped_service
363,INV-H4-000363,needs_review,,2873300,,no_complete_rate_rule|possible_unmapped_duplicate|unit_or_quantity_conversion_uncertain|unmapped_service
364,INV-H4-000364,needs_review,,2238755,,no_complete_rate_rule|unit_or_quantity_conversion_uncertain|unmapped_service
366,INV-H4-000366,needs_review,,1394828,,discount_uncertain|no_complete_rate_rule
367,INV-H4-000367,needs_review,,2149531,,discount_uncertain|no_complete_rate_rule|unit_or_quantity_conversion_uncertain|unmapped_service
368,INV-H4-000368,needs_review,,3021850,,no_complete_rate_rule|unit_or_quantity_conversion_uncertain|unmapped_service
369,INV-H4-000369,needs_review,,2572650,,no_complete_rate_rule|unit_or_quantity_conversion_uncertain|unmapped_service
371,INV-H4-000371,needs_review,,2884425,,no_complete_rate_rule|unit_or_quantity_conversion_uncertain|unmapped_service
374,INV-H4-000374,needs_review,,2910580,,no_complete_rate_rule|unit_or_quantity_conversion_uncertain|unmapped_service
377,INV-H4-000377,needs_review,,3124106,,discount_uncertain|no_complete_rate_rule|unit_or_quantity_conversion_uncertain|unmapped_service
378,INV-H4-000378,needs_review,,3217278,,discount_uncertain|no_complete_rate_rule|unit_or_quantity_conversion_uncertain|unmapped_service
380,INV-H4-000380,needs_review,,2664950,,no_complete_rate_rule|unit_or_quantity_conversion_uncertain|unmapped_service
381,INV-H4-000381,needs_review,,2177615,,no_complete_rate_rule|unit_or_quantity_conversion_uncertain
383,INV-H4-000383,needs_review,,6154400,,no_complete_rate_rule|unit_or_quantity_conversion_uncertain|unmapped_service
384,INV-H4-000384,needs_review,,3817812,,discount_uncertain|no_complete_rate_rule|unit_or_quantity_conversion_uncertain|unmapped_service
385,INV-H4-000385,needs_review,,3064130,,no_complete_rate_rule|unit_or_quantity_conversion_uncertain|unmapped_service
386,INV-H4-000386,needs_review,,3023171,,discount_uncertain|no_complete_rate_rule
387,INV-H4-000387,needs_review,,2340374,,discount_uncertain|no_complete_rate_rule|unit_or_quantity_conversion_uncertain
388,INV-H4-000388,needs_review,,3044800,,no_complete_rate_rule|unit_or_quantity_conversion_uncertain|unmapped_service
389,INV-H4-000389,needs_review,,935125,,no_complete_rate_rule|unit_or_quantity_conversion_uncertain|unmapped_service
390,INV-H4-000390,needs_review,,621475,,no_complete_rate_rule|unit_or_quantity_conversion_uncertain
393,INV-H4-000393,needs_review,,4520912,,exclusion_trigger_mapping_uncertain|no_complete_rate_rule|unit_or_quantity_conversion_uncertain|unmapped_service
394,INV-H4-000394,needs_review,,3995850,,no_complete_rate_rule|possible_unmapped_duplicate|unit_or_quantity_conversion_uncertain|unmapped_service
395,INV-H4-000395,needs_review,,4153581,,discount_uncertain|no_complete_rate_rule|unit_or_quantity_conversion_uncertain|unmapped_service
396,INV-H4-000396,needs_review,,4456925,,no_complete_rate_rule|unit_or_quantity_conversion_uncertain|unmapped_service
397,INV-H4-000397,needs_review,,4650248,,no_complete_rate_rule|unit_or_quantity_conversion_uncertain|unmapped_service
398,INV-H4-000398,needs_review,,2575550,,no_complete_rate_rule|unit_or_quantity_conversion_uncertain|unmapped_service
399,INV-H4-000399,needs_review,,1243755,,no_complete_rate_rule|unit_or_quantity_conversion_uncertain|unmapped_service
400,INV-H4-000400,needs_review,,1668400,,no_complete_rate_rule|unit_or_quantity_conversion_uncertain|unmapped_service
401,INV-H4-000401,needs_review,,2864175,,no_complete_rate_rule|unit_or_quantity_conversion_uncertain|unmapped_service
402,INV-H4-000402,needs_review,,3624065,,no_complete_rate_rule|unit_or_quantity_conversion_uncertain|unmapped_service
405,INV-H4-000405,needs_review,,5486439,,discount_uncertain|no_complete_rate_rule|unit_or_quantity_conversion_uncertain|unmapped_service
406,INV-H4-000406,needs_review,,2188067,,discount_uncertain|no_complete_rate_rule|unit_or_quantity_conversion_uncertain|unmapped_service
407,INV-H4-000407,needs_review,,4216218,,no_complete_rate_rule|possible_unmapped_duplicate|unit_or_quantity_conversion_uncertain|unmapped_service
409,INV-H4-000409,needs_review,,1705759,,no_complete_rate_rule|unit_or_quantity_conversion_uncertain|unmapped_service
410,INV-H4-000410,needs_review,,2163081,,discount_uncertain|no_complete_rate_rule|unit_or_quantity_conversion_uncertain|unmapped_service
411,INV-H4-000411,needs_review,,3196895,,no_complete_rate_rule|unit_or_quantity_conversion_uncertain|unmapped_service
413,INV-H4-000413,needs_review,,2280850,,no_complete_rate_rule|unit_or_quantity_conversion_uncertain|unmapped_service
414,INV-H4-000414,needs_review,,2775659,,discount_uncertain|no_complete_rate_rule|unit_or_quantity_conversion_uncertain|unmapped_service
415,INV-H4-000415,needs_review,,1690850,,no_complete_rate_rule|unit_or_quantity_conversion_uncertain|unmapped_service
416,INV-H4-000416,needs_review,,5159604,,no_complete_rate_rule|unit_or_quantity_conversion_uncertain|unmapped_service
417,INV-H4-000417,needs_review,,1244125,,no_complete_rate_rule|unit_or_quantity_conversion_uncertain|unmapped_service
418,INV-H4-000264,needs_review,,4696974,duplicate_invoice_id|quantity_premium_rate_mismatch,no_complete_rate_rule|reused_invoice_id|unit_or_quantity_conversion_uncertain|unmapped_service
419,INV-H4-000419,needs_review,,1571162,,no_complete_rate_rule|unit_or_quantity_conversion_uncertain|unmapped_service
420,INV-H4-000420,needs_review,,5508974,,no_complete_rate_rule|unit_or_quantity_conversion_uncertain|unmapped_service
421,INV-H4-000421,needs_review,,4161435,,no_complete_rate_rule|unit_or_quantity_conversion_uncertain|unmapped_service
422,INV-H4-000422,needs_review,,3513640,,no_complete_rate_rule|unit_or_quantity_conversion_uncertain|unmapped_service
424,INV-H4-000424,needs_review,,4621760,,no_complete_rate_rule|unit_or_quantity_conversion_uncertain|unmapped_service
425,INV-H4-000425,needs_review,,2500834,,no_complete_rate_rule|unit_or_quantity_conversion_uncertain|unmapped_service
426,INV-H4-000426,needs_review,,4417800,,no_complete_rate_rule|unit_or_quantity_conversion_uncertain|unmapped_service
427,INV-H4-000427,needs_review,,1194800,,no_complete_rate_rule
429,INV-H4-000429,needs_review,,4444055,,discount_uncertain|no_complete_rate_rule|unit_or_quantity_conversion_uncertain|unmapped_service
431,INV-H4-000431,needs_review,,824750,duplicate_invoice_id,reused_invoice_id
432,INV-H4-000432,needs_review,,1615914,,no_complete_rate_rule|unit_or_quantity_conversion_uncertain
433,INV-H4-000433,needs_review,,5004761,,no_complete_rate_rule|unit_or_quantity_conversion_uncertain|unmapped_service
434,INV-H4-000434,needs_review,,1919075,,no_complete_rate_rule|unit_or_quantity_conversion_uncertain|unmapped_service
435,INV-H4-000435,needs_review,,2717875,,no_complete_rate_rule|unit_or_quantity_conversion_uncertain
437,INV-H4-000437,needs_review,,2159768,,no_complete_rate_rule|unit_or_quantity_conversion_uncertain|unmapped_service
438,INV-H4-000438,needs_review,,5005975,,no_complete_rate_rule|unit_or_quantity_conversion_uncertain|unmapped_service
439,INV-H4-000439,needs_review,,2091075,,no_complete_rate_rule|unit_or_quantity_conversion_uncertain|unmapped_service
441,INV-H4-000441,needs_review,,2691882,,no_complete_rate_rule|unit_or_quantity_conversion_uncertain|unmapped_service
442,INV-H4-000442,needs_review,,2556305,,no_complete_rate_rule|unit_or_quantity_conversion_uncertain
443,INV-H4-000443,needs_review,,1949435,,no_complete_rate_rule|unit_or_quantity_conversion_uncertain|unmapped_service
444,INV-H4-000444,needs_review,,1312964,,no_complete_rate_rule|unit_or_quantity_conversion_uncertain|unmapped_service
445,INV-H4-000445,needs_review,,3669725,service_date_after_invoice_date|service_date_out_of_window,date_not_eligible_for_pricing|no_complete_rate_rule|unit_or_quantity_conversion_uncertain|unmapped_service
446,INV-H4-000446,needs_review,,1815828,,discount_uncertain|no_complete_rate_rule
449,INV-H4-000449,needs_review,,2992325,,no_complete_rate_rule|unit_or_quantity_conversion_uncertain|unmapped_service
450,INV-H4-000450,needs_review,,4647850,,no_complete_rate_rule|unit_or_quantity_conversion_uncertain|unmapped_service
451,INV-H4-000451,needs_review,,1500000,,no_complete_rate_rule|unit_or_quantity_conversion_uncertain|unmapped_service
452,INV-H4-000452,needs_review,,4114000,,no_complete_rate_rule|unit_or_quantity_conversion_uncertain|unmapped_service
453,INV-H4-000453,needs_review,,956575,,no_complete_rate_rule|unit_or_quantity_conversion_uncertain|unmapped_service
454,INV-H4-000454,needs_review,,2528295,,no_complete_rate_rule|possible_unmapped_duplicate|unit_or_quantity_conversion_uncertain|unmapped_service
456,INV-H4-000456,needs_review,,1901874,,no_complete_rate_rule|unit_or_quantity_conversion_uncertain|unmapped_service
457,INV-H4-000457,needs_review,,4982560,,no_complete_rate_rule|unit_or_quantity_conversion_uncertain|unmapped_service
458,INV-H4-000458,needs_review,,1395600,,duplicate_service_allocation_uncertain|exclusion_trigger_mapping_uncertain|no_complete_rate_rule|possible_unmapped_duplicate|unit_or_quantity_conversion_uncertain|unmapped_service
459,INV-H4-000459,needs_review,,2130148,,no_complete_rate_rule|unit_or_quantity_conversion_uncertain|unmapped_service
461,INV-H4-000461,needs_review,,2918700,,no_complete_rate_rule|unit_or_quantity_conversion_uncertain|unmapped_service
462,INV-H4-000462,needs_review,,3127525,,no_complete_rate_rule|unit_or_quantity_conversion_uncertain|unmapped_service
463,INV-H4-000463,needs_review,,3150348,,no_complete_rate_rule|unit_or_quantity_conversion_uncertain|unmapped_service
465,INV-H4-000465,needs_review,,813125,,no_complete_rate_rule|unit_or_quantity_conversion_uncertain
469,INV-H4-000469,needs_review,,4726099,,discount_uncertain|no_complete_rate_rule
470,INV-H4-000470,needs_review,,1962575,,no_complete_rate_rule|unit_or_quantity_conversion_uncertain|unmapped_service
471,INV-H4-000471,needs_review,,3388150,,no_complete_rate_rule|unit_or_quantity_conversion_uncertain|unmapped_service
472,INV-H4-000472,needs_review,,319075,,no_complete_rate_rule|unit_or_quantity_conversion_uncertain|unmapped_service
473,INV-H4-000473,needs_review,,2150500,wrong_unit_basis,duplicate_service_allocation_uncertain|exclusion_boundary_uncertain|no_complete_rate_rule|unit_or_quantity_conversion_uncertain
474,INV-H4-000474,needs_review,,2328512,,discount_uncertain|no_complete_rate_rule|unit_or_quantity_conversion_uncertain|unmapped_service
475,INV-H4-000475,needs_review,,2846850,,no_complete_rate_rule|possible_unmapped_duplicate|unit_or_quantity_conversion_uncertain|unmapped_service
476,INV-H4-000476,needs_review,,3369415,,no_complete_rate_rule|unit_or_quantity_conversion_uncertain|unmapped_service
477,INV-H4-000477,needs_review,,3786510,,no_complete_rate_rule|unit_or_quantity_conversion_uncertain|unmapped_service
478,INV-H4-000478,needs_review,,745480,,no_complete_rate_rule|unit_or_quantity_conversion_uncertain|unmapped_service
479,INV-H4-000479,needs_review,,2276637,,discount_uncertain|no_complete_rate_rule|unit_or_quantity_conversion_uncertain|unmapped_service
480,INV-H4-000480,needs_review,,3637753,,no_complete_rate_rule|unit_or_quantity_conversion_uncertain|unmapped_service
481,INV-H4-000481,needs_review,,4942445,,no_complete_rate_rule|unit_or_quantity_conversion_uncertain|unmapped_service
482,INV-H4-000482,needs_review,,1482230,,no_complete_rate_rule|unit_or_quantity_conversion_uncertain|unmapped_service
483,INV-H4-000483,needs_review,,1702575,daily_cap_exceeded|discount_rate_mismatch|invoice_total_mismatch,daily_cap_allocation_or_quantity_uncertain|no_complete_rate_rule|unit_or_quantity_conversion_uncertain|unmapped_service
484,INV-H4-000484,needs_review,,1817505,,no_complete_rate_rule|unit_or_quantity_conversion_uncertain|unmapped_service
485,INV-H4-000485,needs_review,,3201339,,no_complete_rate_rule|unit_or_quantity_conversion_uncertain|unmapped_service
488,INV-H4-000488,needs_review,,2643175,,no_complete_rate_rule|unit_or_quantity_conversion_uncertain|unmapped_service
490,INV-H4-000490,needs_review,,3143875,,no_complete_rate_rule|unit_or_quantity_conversion_uncertain|unmapped_service
492,INV-H4-000492,needs_review,,1855775,,no_complete_rate_rule|unit_or_quantity_conversion_uncertain|unmapped_service
493,INV-H4-000493,needs_review,,518750,,no_complete_rate_rule|unit_or_quantity_conversion_uncertain|unmapped_service
494,INV-H4-000494,needs_review,,3132199,,no_complete_rate_rule|unit_or_quantity_conversion_uncertain|unmapped_service
495,INV-H4-000495,needs_review,,3619538,,no_complete_rate_rule|unit_or_quantity_conversion_uncertain|unmapped_service
497,INV-H4-000497,needs_review,,1524750,,no_complete_rate_rule|unit_or_quantity_conversion_uncertain|unmapped_service
498,INV-H4-000498,needs_review,,961550,,no_complete_rate_rule|unit_or_quantity_conversion_uncertain|unmapped_service
501,INV-H4-000501,needs_review,,4523518,,discount_uncertain|no_complete_rate_rule
502,INV-H4-000502,needs_review,,1999135,,no_complete_rate_rule|unit_or_quantity_conversion_uncertain|unmapped_service
504,INV-H4-000504,needs_review,,995875,contract_number_mismatch|invoice_total_mismatch|wrong_unit_basis,no_complete_rate_rule|unit_or_quantity_conversion_uncertain|unmapped_service
506,INV-H4-000506,needs_review,,2175025,,no_complete_rate_rule|unit_or_quantity_conversion_uncertain|unmapped_service
507,INV-H4-000507,needs_review,,2749023,,discount_uncertain|no_complete_rate_rule|unit_or_quantity_conversion_uncertain|unmapped_service
508,INV-H4-000508,needs_review,,3608187,,discount_uncertain|no_complete_rate_rule|unit_or_quantity_conversion_uncertain|unmapped_service
509,INV-H4-000509,needs_review,,4767372,,no_complete_rate_rule|unit_or_quantity_conversion_uncertain|unmapped_service
510,INV-H4-000510,needs_review,,2136925,,no_complete_rate_rule|unit_or_quantity_conversion_uncertain|unmapped_service
512,INV-H4-000512,needs_review,,4873980,,no_complete_rate_rule|unit_or_quantity_conversion_uncertain|unmapped_service
513,INV-H4-000513,needs_review,,1561425,,no_complete_rate_rule|unit_or_quantity_conversion_uncertain|unmapped_service
514,INV-H4-000514,needs_review,,4107575,,no_complete_rate_rule|unit_or_quantity_conversion_uncertain|unmapped_service
515,INV-H4-000515,needs_review,,2782225,,exclusion_trigger_mapping_uncertain|no_complete_rate_rule|unit_or_quantity_conversion_uncertain|unmapped_service
516,INV-H4-000516,needs_review,,3061500,,no_complete_rate_rule|unit_or_quantity_conversion_uncertain|unmapped_service
517,INV-H4-000073,needs_review,,1732300,duplicate_invoice_id,no_complete_rate_rule|reused_invoice_id|unit_or_quantity_conversion_uncertain|unmapped_service
519,INV-H4-000519,needs_review,,1958225,,no_complete_rate_rule|unit_or_quantity_conversion_uncertain|unmapped_service
520,INV-H4-000520,needs_review,,2382850,,no_complete_rate_rule|possible_unmapped_duplicate|unit_or_quantity_conversion_uncertain|unmapped_service
522,INV-H4-000522,needs_review,,4733237,,no_complete_rate_rule|unit_or_quantity_conversion_uncertain|unmapped_service
523,INV-H4-000523,needs_review,,4206639,,no_complete_rate_rule|unit_or_quantity_conversion_uncertain|unmapped_service
524,INV-H4-000524,needs_review,,3601709,,no_complete_rate_rule|unit_or_quantity_conversion_uncertain|unmapped_service
526,INV-H4-000526,needs_review,,3121875,,no_complete_rate_rule|unit_or_quantity_conversion_uncertain|unmapped_service
527,INV-H4-000527,needs_review,,1093975,,no_complete_rate_rule|unit_or_quantity_conversion_uncertain
528,INV-H4-000528,needs_review,,4855400,discount_rate_mismatch|malformed_service_date,date_not_eligible_for_pricing|no_complete_rate_rule
529,INV-H4-000529,needs_review,,3951350,,no_complete_rate_rule|unit_or_quantity_conversion_uncertain|unmapped_service
530,INV-H4-000530,needs_review,,1279875,,no_complete_rate_rule|unit_or_quantity_conversion_uncertain|unmapped_service
531,INV-H4-000531,needs_review,,3067035,,no_complete_rate_rule|unit_or_quantity_conversion_uncertain|unmapped_service
532,INV-H4-000532,needs_review,,4765600,,no_complete_rate_rule|unit_or_quantity_conversion_uncertain|unmapped_service
533,INV-H4-000533,needs_review,,2634137,,discount_uncertain|no_complete_rate_rule|unit_or_quantity_conversion_uncertain|unmapped_service
534,INV-H4-000534,needs_review,,3648900,,no_complete_rate_rule|unit_or_quantity_conversion_uncertain|unmapped_service
536,INV-H4-000536,needs_review,,4072209,,no_complete_rate_rule|unit_or_quantity_conversion_uncertain|unmapped_service
538,INV-H4-000538,needs_review,,4808825,,no_complete_rate_rule|unit_or_quantity_conversion_uncertain|unmapped_service
539,INV-H4-000539,needs_review,,2899642,,discount_uncertain|no_complete_rate_rule|unit_or_quantity_conversion_uncertain|unmapped_service
540,INV-H4-000540,needs_review,,2195250,contract_number_mismatch|daily_cap_exceeded,daily_cap_allocation_or_quantity_uncertain|no_complete_rate_rule
541,INV-H4-000541,needs_review,,508925,wrong_unit_basis,no_complete_rate_rule|unit_or_quantity_conversion_uncertain|unmapped_service
542,INV-H4-000542,needs_review,,3515306,,discount_uncertain|no_complete_rate_rule|unit_or_quantity_conversion_uncertain|unmapped_service
544,INV-H4-000544,needs_review,,850425,,no_complete_rate_rule|unit_or_quantity_conversion_uncertain|unmapped_service
545,INV-H4-000545,needs_review,,2188725,,no_complete_rate_rule|unit_or_quantity_conversion_uncertain|unmapped_service
546,INV-H4-000546,needs_review,,5170740,,no_complete_rate_rule|possible_unmapped_duplicate|unit_or_quantity_conversion_uncertain|unmapped_service
547,INV-H4-000547,needs_review,,2848500,,no_complete_rate_rule|unit_or_quantity_conversion_uncertain|unmapped_service
548,INV-H4-000548,needs_review,,2150750,,no_complete_rate_rule|unit_or_quantity_conversion_uncertain|unmapped_service
549,INV-H4-000549,needs_review,,1314045,,no_complete_rate_rule|unit_or_quantity_conversion_uncertain|unmapped_service
550,INV-H4-000550,needs_review,,2718675,,no_complete_rate_rule|unit_or_quantity_conversion_uncertain|unmapped_service
551,INV-H4-000551,needs_review,,4726470,,no_complete_rate_rule|unit_or_quantity_conversion_uncertain|unmapped_service
552,INV-H4-000552,needs_review,,2613670,,no_complete_rate_rule|possible_unmapped_duplicate|unit_or_quantity_conversion_uncertain|unmapped_service
553,INV-H4-000553,needs_review,,1389823,,no_complete_rate_rule|unit_or_quantity_conversion_uncertain|unmapped_service
554,INV-H4-000554,needs_review,,3608010,daily_cap_exceeded|invoice_total_mismatch,daily_cap_allocation_or_quantity_uncertain|no_complete_rate_rule
555,INV-H4-000555,needs_review,,3037600,,no_complete_rate_rule|unit_or_quantity_conversion_uncertain|unmapped_service
559,INV-H4-000559,needs_review,,2734650,,no_complete_rate_rule|unit_or_quantity_conversion_uncertain|unmapped_service
560,INV-H4-000560,needs_review,,1908715,,no_complete_rate_rule|unit_or_quantity_conversion_uncertain
561,INV-H4-000561,needs_review,,2180950,,no_complete_rate_rule|unit_or_quantity_conversion_uncertain|unmapped_service
562,INV-H4-000562,needs_review,,3083459,,no_complete_rate_rule|unit_or_quantity_conversion_uncertain|unmapped_service
563,INV-H4-000563,needs_review,,2708470,,no_complete_rate_rule|unit_or_quantity_conversion_uncertain|unmapped_service
564,INV-H4-000564,needs_review,,7493231,,no_complete_rate_rule|unit_or_quantity_conversion_uncertain|unmapped_service
565,INV-H4-000565,needs_review,,2389019,,discount_uncertain|no_complete_rate_rule
566,INV-H4-000566,needs_review,,1810875,,no_complete_rate_rule|unit_or_quantity_conversion_uncertain|unmapped_service
567,INV-H4-000567,needs_review,,4243042,,no_complete_rate_rule|unit_or_quantity_conversion_uncertain|unmapped_service
568,INV-H4-000568,needs_review,,3273649,,discount_uncertain|no_complete_rate_rule|unit_or_quantity_conversion_uncertain
569,INV-H4-000569,needs_review,,1209815,,no_complete_rate_rule|unit_or_quantity_conversion_uncertain
570,INV-H4-000570,needs_review,,2001370,,no_complete_rate_rule|unit_or_quantity_conversion_uncertain|unmapped_service
571,INV-H4-000571,needs_review,,3271200,,no_complete_rate_rule|unit_or_quantity_conversion_uncertain|unmapped_service
572,INV-H4-000572,needs_review,,3946500,,no_complete_rate_rule|unit_or_quantity_conversion_uncertain|unmapped_service
573,INV-H4-000573,needs_review,,2637500,,no_complete_rate_rule|unit_or_quantity_conversion_uncertain|unmapped_service
575,INV-H4-000575,needs_review,,3853715,,no_complete_rate_rule|unit_or_quantity_conversion_uncertain|unmapped_service
576,INV-H4-000576,needs_review,,5976355,daily_cap_exceeded|malformed_service_date,daily_cap_allocation_or_quantity_uncertain|date_not_eligible_for_pricing|exclusion_trigger_mapping_uncertain|no_complete_rate_rule|unit_or_quantity_conversion_uncertain|unmapped_service
577,INV-H4-000577,needs_review,,4553440,,no_complete_rate_rule|unit_or_quantity_conversion_uncertain
579,INV-H4-000579,needs_review,,2424905,,no_complete_rate_rule|unit_or_quantity_conversion_uncertain|unmapped_service
582,INV-H4-000582,needs_review,,4708705,,no_complete_rate_rule|unit_or_quantity_conversion_uncertain|unmapped_service
584,INV-H4-000584,needs_review,,1647943,,no_complete_rate_rule|unit_or_quantity_conversion_uncertain|unmapped_service
585,INV-H4-000585,needs_review,,1713400,,no_complete_rate_rule|unit_or_quantity_conversion_uncertain|unmapped_service
586,INV-H4-000586,needs_review,,444550,,no_complete_rate_rule|unit_or_quantity_conversion_uncertain|unmapped_service
587,INV-H4-000587,needs_review,,2443681,,no_complete_rate_rule|unit_or_quantity_conversion_uncertain|unmapped_service
588,INV-H4-000588,needs_review,,1840275,,no_complete_rate_rule|unit_or_quantity_conversion_uncertain|unmapped_service
589,INV-H4-000589,needs_review,,3425185,,no_complete_rate_rule|unit_or_quantity_conversion_uncertain|unmapped_service
590,INV-H4-000590,needs_review,,3595040,,no_complete_rate_rule|unit_or_quantity_conversion_uncertain|unmapped_service
592,INV-H4-000592,needs_review,,4009573,,no_complete_rate_rule|unit_or_quantity_conversion_uncertain|unmapped_service
593,INV-H4-000593,needs_review,,3851318,,no_complete_rate_rule|unit_or_quantity_conversion_uncertain|unmapped_service
595,INV-H4-000595,needs_review,,2082855,,no_complete_rate_rule|unit_or_quantity_conversion_uncertain|unmapped_service
596,INV-H4-000596,needs_review,,2855821,,no_complete_rate_rule|unit_or_quantity_conversion_uncertain|unmapped_service
598,INV-H4-000598,needs_review,,4099350,,no_complete_rate_rule|unit_or_quantity_conversion_uncertain|unmapped_service
600,INV-H4-000600,needs_review,,3565575,,no_complete_rate_rule|unit_or_quantity_conversion_uncertain|unmapped_service
601,INV-H4-000601,needs_review,,3781810,,no_complete_rate_rule|unit_or_quantity_conversion_uncertain|unmapped_service
602,INV-H4-000602,needs_review,,2142825,,no_complete_rate_rule|unit_or_quantity_conversion_uncertain|unmapped_service
603,INV-H4-000603,needs_review,,3770800,,no_complete_rate_rule|unit_or_quantity_conversion_uncertain|unmapped_service
606,INV-H4-000606,needs_review,,1507055,,no_complete_rate_rule|unit_or_quantity_conversion_uncertain|unmapped_service
607,INV-H4-000607,needs_review,,2023725,duplicate_invoice_id,reused_invoice_id
608,INV-H4-000608,needs_review,,1664239,,no_complete_rate_rule|unit_or_quantity_conversion_uncertain|unmapped_service
609,INV-H4-000609,needs_review,,5398250,daily_cap_exceeded,daily_cap_allocation_or_quantity_uncertain|no_complete_rate_rule|unit_or_quantity_conversion_uncertain
612,INV-H4-000612,needs_review,,2471840,,no_complete_rate_rule|unit_or_quantity_conversion_uncertain|unmapped_service
613,INV-H4-000613,needs_review,,2217730,,no_complete_rate_rule|unit_or_quantity_conversion_uncertain|unmapped_service
615,INV-H4-000615,needs_review,,4244409,,no_complete_rate_rule|unit_or_quantity_conversion_uncertain|unmapped_service
616,INV-H4-000616,needs_review,,3279536,,no_complete_rate_rule|unit_or_quantity_conversion_uncertain|unmapped_service
618,INV-H4-000618,needs_review,,3254675,,no_complete_rate_rule|unit_or_quantity_conversion_uncertain|unmapped_service
621,INV-H4-000621,needs_review,,1560911,,no_complete_rate_rule|unit_or_quantity_conversion_uncertain
622,INV-H4-000622,needs_review,,1257650,,no_complete_rate_rule|unit_or_quantity_conversion_uncertain|unmapped_service
624,INV-H4-000624,needs_review,,2910328,quantity_premium_rate_mismatch,no_complete_rate_rule|unit_or_quantity_conversion_uncertain|unmapped_service
625,INV-H4-000625,needs_review,,1569900,,no_complete_rate_rule|unit_or_quantity_conversion_uncertain
626,INV-H4-000626,needs_review,,3093825,,no_complete_rate_rule|unit_or_quantity_conversion_uncertain|unmapped_service
628,INV-H4-000628,needs_review,,3304380,,no_complete_rate_rule|unit_or_quantity_conversion_uncertain|unmapped_service
630,INV-H4-000630,needs_review,,3730150,,no_complete_rate_rule|unit_or_quantity_conversion_uncertain|unmapped_service
631,INV-H4-000631,needs_review,,562550,,no_complete_rate_rule|unit_or_quantity_conversion_uncertain|unmapped_service
635,INV-H4-000635,needs_review,,2084625,,no_complete_rate_rule|unit_or_quantity_conversion_uncertain|unmapped_service
636,INV-H4-000636,needs_review,,4257325,,no_complete_rate_rule|unit_or_quantity_conversion_uncertain|unmapped_service
637,INV-H4-000637,needs_review,,1806775,,no_complete_rate_rule|unit_or_quantity_conversion_uncertain|unmapped_service
638,INV-H4-000638,needs_review,,2369312,,no_complete_rate_rule|unit_or_quantity_conversion_uncertain|unmapped_service
641,INV-H4-000641,needs_review,,2581878,,no_complete_rate_rule|unit_or_quantity_conversion_uncertain|unmapped_service
643,INV-H4-000643,needs_review,,3115925,,no_complete_rate_rule|unit_or_quantity_conversion_uncertain|unmapped_service
644,INV-H4-000644,needs_review,,4183193,,no_complete_rate_rule|unit_or_quantity_conversion_uncertain|unmapped_service
645,INV-H4-000645,needs_review,,2403195,quantity_premium_rate_mismatch,no_complete_rate_rule|unit_or_quantity_conversion_uncertain|unmapped_service
646,INV-H4-000646,needs_review,,3805850,,no_complete_rate_rule|unit_or_quantity_conversion_uncertain|unmapped_service
647,INV-H4-000647,needs_review,,2026415,,no_complete_rate_rule|unit_or_quantity_conversion_uncertain|unmapped_service
648,INV-H4-000648,needs_review,,1874237,bundle_rate_mismatch|discount_rate_mismatch|wrong_unit_basis,no_complete_rate_rule|unit_or_quantity_conversion_uncertain
649,INV-H4-000649,needs_review,,2106550,,no_complete_rate_rule|unit_or_quantity_conversion_uncertain|unmapped_service
651,INV-H4-000651,needs_review,,977050,,no_complete_rate_rule|unit_or_quantity_conversion_uncertain|unmapped_service
652,INV-H4-000652,needs_review,,1492585,,no_complete_rate_rule|unit_or_quantity_conversion_uncertain|unmapped_service
653,INV-H4-000653,needs_review,,2666650,,no_complete_rate_rule|unit_or_quantity_conversion_uncertain|unmapped_service
654,INV-H4-000654,needs_review,,3748150,,exclusion_trigger_mapping_uncertain|no_complete_rate_rule|unit_or_quantity_conversion_uncertain|unmapped_service
655,INV-H4-000655,needs_review,,4162200,,no_complete_rate_rule|unit_or_quantity_conversion_uncertain|unmapped_service
657,INV-H4-000657,needs_review,,4346156,,no_complete_rate_rule|unit_or_quantity_conversion_uncertain|unmapped_service
658,INV-H4-000658,needs_review,,3976687,wrong_unit_basis,exclusion_boundary_uncertain|no_complete_rate_rule|unit_or_quantity_conversion_uncertain|unmapped_service
659,INV-H4-000659,needs_review,,2713235,,no_complete_rate_rule|unit_or_quantity_conversion_uncertain|unmapped_service
662,INV-H4-000662,needs_review,,1487887,,no_complete_rate_rule|unit_or_quantity_conversion_uncertain|unmapped_service
663,INV-H4-000663,needs_review,,1160487,,no_complete_rate_rule|unit_or_quantity_conversion_uncertain|unmapped_service
664,INV-H4-000664,needs_review,,4715005,,no_complete_rate_rule|unit_or_quantity_conversion_uncertain|unmapped_service
665,INV-H4-000665,needs_review,,3833775,quantity_premium_rate_mismatch,no_complete_rate_rule|unit_or_quantity_conversion_uncertain|unmapped_service
666,INV-H4-000666,needs_review,,2705900,,no_complete_rate_rule|unit_or_quantity_conversion_uncertain|unmapped_service
668,INV-H4-000668,needs_review,,3767380,,no_complete_rate_rule|unit_or_quantity_conversion_uncertain|unmapped_service
672,INV-H4-000672,needs_review,,1800325,,no_complete_rate_rule|unit_or_quantity_conversion_uncertain|unmapped_service
675,INV-H4-000675,needs_review,,1600225,,no_complete_rate_rule|unit_or_quantity_conversion_uncertain|unmapped_service
676,INV-H4-000676,needs_review,,2990973,,no_complete_rate_rule|unit_or_quantity_conversion_uncertain|unmapped_service
677,INV-H4-000677,needs_review,,2040712,,no_complete_rate_rule|unit_or_quantity_conversion_uncertain
678,INV-H4-000678,needs_review,,3039017,malformed_service_date|service_date_after_invoice_date,date_not_eligible_for_pricing|no_complete_rate_rule|unit_or_quantity_conversion_uncertain|unmapped_service
679,INV-H4-000679,needs_review,,3569404,,no_complete_rate_rule|unit_or_quantity_conversion_uncertain|unmapped_service
680,INV-H4-000680,needs_review,,3846725,,no_complete_rate_rule|unit_or_quantity_conversion_uncertain|unmapped_service
681,INV-H4-000681,needs_review,,2447300,,no_complete_rate_rule|unit_or_quantity_conversion_uncertain|unmapped_service
682,INV-H4-000682,needs_review,,2394425,,no_complete_rate_rule|unit_or_quantity_conversion_uncertain|unmapped_service
686,INV-H4-000686,needs_review,,993150,,no_complete_rate_rule|unit_or_quantity_conversion_uncertain|unmapped_service
690,INV-H4-000690,needs_review,,2240395,,no_complete_rate_rule|unit_or_quantity_conversion_uncertain|unmapped_service
691,INV-H4-000691,needs_review,,4074340,bundle_rate_mismatch|service_date_after_invoice_date|wrong_unit_basis,no_complete_rate_rule|unit_or_quantity_conversion_uncertain|unmapped_service
693,INV-H4-000693,needs_review,,1856825,service_date_out_of_window,date_not_eligible_for_pricing|duplicate_service_allocation_uncertain|no_complete_rate_rule|unit_or_quantity_conversion_uncertain|unmapped_service
694,INV-H4-000694,needs_review,,2726750,,no_complete_rate_rule|unit_or_quantity_conversion_uncertain
695,INV-H4-000695,needs_review,,2497850,,no_complete_rate_rule|unit_or_quantity_conversion_uncertain|unmapped_service
696,INV-H4-000696,needs_review,,3217300,,no_complete_rate_rule|unit_or_quantity_conversion_uncertain|unmapped_service
698,INV-H4-000698,needs_review,,2551180,,no_complete_rate_rule|unit_or_quantity_conversion_uncertain|unmapped_service
699,INV-H4-000699,needs_review,,2322125,,no_complete_rate_rule|unit_or_quantity_conversion_uncertain|unmapped_service
700,INV-H4-000700,needs_review,,1300625,malformed_service_date,date_not_eligible_for_pricing|no_complete_rate_rule|possible_unmapped_duplicate|unit_or_quantity_conversion_uncertain|unmapped_service
701,INV-H4-000701,needs_review,,3883275,,no_complete_rate_rule|unit_or_quantity_conversion_uncertain|unmapped_service
702,INV-H4-000702,needs_review,,3624763,,no_complete_rate_rule|unit_or_quantity_conversion_uncertain|unmapped_service
703,INV-H4-000703,needs_review,,1270725,,no_complete_rate_rule|unit_or_quantity_conversion_uncertain|unmapped_service
704,INV-H4-000704,needs_review,,2061525,,no_complete_rate_rule|unit_or_quantity_conversion_uncertain|unmapped_service
705,INV-H4-000705,needs_review,,3597659,,no_complete_rate_rule|unit_or_quantity_conversion_uncertain
706,INV-H4-000706,needs_review,,3315425,,no_complete_rate_rule|unit_or_quantity_conversion_uncertain|unmapped_service
708,INV-H4-000708,needs_review,,1879075,,no_complete_rate_rule|unit_or_quantity_conversion_uncertain|unmapped_service
709,INV-H4-000709,needs_review,,4613225,,no_complete_rate_rule|unit_or_quantity_conversion_uncertain|unmapped_service
710,INV-H4-000710,needs_review,,508550,,no_complete_rate_rule|unit_or_quantity_conversion_uncertain|unmapped_service
711,INV-H4-000711,needs_review,,4676031,,no_complete_rate_rule|unit_or_quantity_conversion_uncertain|unmapped_service
712,INV-H4-000712,needs_review,,2480463,,no_complete_rate_rule|unit_or_quantity_conversion_uncertain|unmapped_service
713,INV-H4-000713,needs_review,,2609056,,exclusion_trigger_mapping_uncertain|no_complete_rate_rule|unit_or_quantity_conversion_uncertain|unmapped_service
714,INV-H4-000714,needs_review,,1716180,,no_complete_rate_rule|unit_or_quantity_conversion_uncertain|unmapped_service
715,INV-H4-000715,needs_review,,3523710,,no_complete_rate_rule|unit_or_quantity_conversion_uncertain|unmapped_service
716,INV-H4-000716,needs_review,,2696280,,no_complete_rate_rule|unit_or_quantity_conversion_uncertain|unmapped_service
719,INV-H4-000719,needs_review,,2370128,line_total_arithmetic,no_complete_rate_rule|unit_or_quantity_conversion_uncertain|unmapped_service
720,INV-H4-000720,needs_review,,576907,,no_complete_rate_rule|unit_or_quantity_conversion_uncertain|unmapped_service
723,INV-H4-000723,needs_review,,3752837,,no_complete_rate_rule|unit_or_quantity_conversion_uncertain|unmapped_service
724,INV-H4-000724,needs_review,,3060765,service_date_out_of_window,date_not_eligible_for_pricing|no_complete_rate_rule|unit_or_quantity_conversion_uncertain|unmapped_service
725,INV-H4-000725,needs_review,,2760625,,no_complete_rate_rule|unit_or_quantity_conversion_uncertain|unmapped_service
726,INV-H4-000726,needs_review,,2226275,,no_complete_rate_rule|unit_or_quantity_conversion_uncertain|unmapped_service
727,INV-H4-000727,needs_review,,3550960,,no_complete_rate_rule|unit_or_quantity_conversion_uncertain|unmapped_service
729,INV-H4-000729,needs_review,,3571570,,exclusion_trigger_mapping_uncertain|no_complete_rate_rule|unit_or_quantity_conversion_uncertain|unmapped_service
733,INV-H4-000733,needs_review,,1170500,,no_complete_rate_rule|unit_or_quantity_conversion_uncertain|unmapped_service
734,INV-H4-000734,needs_review,,1957634,,no_complete_rate_rule|unit_or_quantity_conversion_uncertain|unmapped_service
736,INV-H4-000736,needs_review,,1610150,,no_complete_rate_rule|unit_or_quantity_conversion_uncertain|unmapped_service
739,INV-H4-000739,needs_review,,5045945,,no_complete_rate_rule|unit_or_quantity_conversion_uncertain|unmapped_service
740,INV-H4-000740,needs_review,,3097325,,no_complete_rate_rule|unit_or_quantity_conversion_uncertain
741,INV-H4-000741,needs_review,,3319825,,no_complete_rate_rule|unit_or_quantity_conversion_uncertain|unmapped_service
742,INV-H4-000742,needs_review,,2724195,,no_complete_rate_rule|unit_or_quantity_conversion_uncertain|unmapped_service
743,INV-H4-000743,needs_review,,3407070,,no_complete_rate_rule|unit_or_quantity_conversion_uncertain|unmapped_service
746,INV-H4-000746,needs_review,,3566609,,no_complete_rate_rule|unit_or_quantity_conversion_uncertain|unmapped_service
747,INV-H4-000747,needs_review,,805650,,no_complete_rate_rule|unit_or_quantity_conversion_uncertain|unmapped_service
749,INV-H4-000749,needs_review,,3224700,,no_complete_rate_rule|unit_or_quantity_conversion_uncertain|unmapped_service
750,INV-H4-000750,needs_review,,1496250,,no_complete_rate_rule|unit_or_quantity_conversion_uncertain|unmapped_service
751,INV-H4-000751,needs_review,,2840731,,no_complete_rate_rule|unit_or_quantity_conversion_uncertain
756,INV-H4-000756,needs_review,,3326915,,no_complete_rate_rule|unit_or_quantity_conversion_uncertain
758,INV-H4-000758,needs_review,,3047730,,no_complete_rate_rule|unit_or_quantity_conversion_uncertain|unmapped_service
759,INV-H4-000759,needs_review,,2824475,,no_complete_rate_rule|unit_or_quantity_conversion_uncertain|unmapped_service
760,INV-H4-000760,needs_review,,2061425,,no_complete_rate_rule|unit_or_quantity_conversion_uncertain|unmapped_service
761,INV-H4-000761,needs_review,,3057850,,no_complete_rate_rule|unit_or_quantity_conversion_uncertain|unmapped_service
762,INV-H4-000762,needs_review,,1098550,,no_complete_rate_rule|possible_unmapped_duplicate|unit_or_quantity_conversion_uncertain|unmapped_service
763,INV-H4-000763,needs_review,,3228059,,exclusion_trigger_mapping_uncertain|no_complete_rate_rule|unit_or_quantity_conversion_uncertain|unmapped_service
765,INV-H4-000765,needs_review,,2605360,,no_complete_rate_rule|unit_or_quantity_conversion_uncertain|unmapped_service
766,INV-H4-000766,needs_review,,2817475,,no_complete_rate_rule|unit_or_quantity_conversion_uncertain|unmapped_service
767,INV-H4-000767,needs_review,,2274835,,no_complete_rate_rule|unit_or_quantity_conversion_uncertain|unmapped_service
768,INV-H4-000768,needs_review,,1314300,,no_complete_rate_rule|unit_or_quantity_conversion_uncertain|unmapped_service
769,INV-H4-000769,needs_review,,1986350,,no_complete_rate_rule|unit_or_quantity_conversion_uncertain|unmapped_service
770,INV-H4-000770,needs_review,,2739165,,no_complete_rate_rule|unit_or_quantity_conversion_uncertain|unmapped_service
773,INV-H4-000773,needs_review,,2910695,,no_complete_rate_rule|unit_or_quantity_conversion_uncertain|unmapped_service
774,INV-H4-000774,needs_review,,1531025,,no_complete_rate_rule|unit_or_quantity_conversion_uncertain|unmapped_service
775,INV-H4-000775,needs_review,,974850,,no_complete_rate_rule|unit_or_quantity_conversion_uncertain|unmapped_service
776,INV-H4-000776,needs_review,,3020525,,no_complete_rate_rule|unit_or_quantity_conversion_uncertain|unmapped_service
777,INV-H4-000777,needs_review,,5973150,discount_rate_mismatch,no_complete_rate_rule|unit_or_quantity_conversion_uncertain|unmapped_service
778,INV-H4-000778,needs_review,,1645675,,no_complete_rate_rule|unit_or_quantity_conversion_uncertain|unmapped_service
779,INV-H4-000779,needs_review,,2932852,,no_complete_rate_rule|possible_unmapped_duplicate|unit_or_quantity_conversion_uncertain|unmapped_service
780,INV-H4-000780,needs_review,,2060075,,no_complete_rate_rule|unit_or_quantity_conversion_uncertain|unmapped_service
781,INV-H4-000781,needs_review,,5140475,,no_complete_rate_rule|unit_or_quantity_conversion_uncertain|unmapped_service
782,INV-H4-000782,needs_review,,3270350,,no_complete_rate_rule|unit_or_quantity_conversion_uncertain|unmapped_service
783,INV-H4-000783,needs_review,,1637150,,no_complete_rate_rule|unit_or_quantity_conversion_uncertain|unmapped_service
785,INV-H4-000785,needs_review,,1734650,,no_complete_rate_rule|unit_or_quantity_conversion_uncertain|unmapped_service
786,INV-H4-000786,needs_review,,3089870,,no_complete_rate_rule|unit_or_quantity_conversion_uncertain|unmapped_service
787,INV-H4-000607,needs_review,,1108400,duplicate_invoice_id,reused_invoice_id
788,INV-H4-000788,needs_review,,1575550,,no_complete_rate_rule|unit_or_quantity_conversion_uncertain|unmapped_service
789,INV-H4-000789,needs_review,,4974786,,no_complete_rate_rule|unit_or_quantity_conversion_uncertain|unmapped_service
791,INV-H4-000791,needs_review,,4221708,,no_complete_rate_rule|unit_or_quantity_conversion_uncertain|unmapped_service
793,INV-H4-000793,needs_review,,2204775,,no_complete_rate_rule|unit_or_quantity_conversion_uncertain
794,INV-H4-000794,needs_review,,785665,,no_complete_rate_rule|unit_or_quantity_conversion_uncertain|unmapped_service
795,INV-H4-000795,needs_review,,5008875,,exclusion_trigger_mapping_uncertain|no_complete_rate_rule|possible_unmapped_duplicate|unit_or_quantity_conversion_uncertain|unmapped_service
798,INV-H4-000798,needs_review,,3689755,,no_complete_rate_rule|unit_or_quantity_conversion_uncertain|unmapped_service
799,INV-H4-000799,needs_review,,2573075,,no_complete_rate_rule|unit_or_quantity_conversion_uncertain|unmapped_service
802,INV-H4-000802,needs_review,,3248500,,no_complete_rate_rule|unit_or_quantity_conversion_uncertain
803,INV-H4-000803,needs_review,,1133514,,no_complete_rate_rule|unit_or_quantity_conversion_uncertain|unmapped_service
804,INV-H4-000804,needs_review,,3283325,,no_complete_rate_rule|unit_or_quantity_conversion_uncertain|unmapped_service
805,INV-H4-000805,needs_review,,3568400,,no_complete_rate_rule|unit_or_quantity_conversion_uncertain|unmapped_service
806,INV-H4-000806,needs_review,,1996500,,no_complete_rate_rule|unit_or_quantity_conversion_uncertain|unmapped_service
807,INV-H4-000807,needs_review,,3458819,,no_complete_rate_rule|unit_or_quantity_conversion_uncertain|unmapped_service
808,INV-H4-000808,needs_review,,4322513,,no_complete_rate_rule|unit_or_quantity_conversion_uncertain
809,INV-H4-000809,needs_review,,1522809,,no_complete_rate_rule|unit_or_quantity_conversion_uncertain|unmapped_service
810,INV-H4-000810,needs_review,,2774093,,no_complete_rate_rule|unit_or_quantity_conversion_uncertain|unmapped_service
811,INV-H4-000811,needs_review,,367825,,no_complete_rate_rule|unit_or_quantity_conversion_uncertain|unmapped_service
813,INV-H4-000813,needs_review,,3503740,,no_complete_rate_rule|unit_or_quantity_conversion_uncertain|unmapped_service
814,INV-H4-000814,needs_review,,3118300,,no_complete_rate_rule|unit_or_quantity_conversion_uncertain|unmapped_service
815,INV-H4-000815,needs_review,,3135844,,no_complete_rate_rule|unit_or_quantity_conversion_uncertain|unmapped_service
817,INV-H4-000817,needs_review,,2182000,,no_complete_rate_rule|possible_unmapped_duplicate|unit_or_quantity_conversion_uncertain|unmapped_service
818,INV-H4-000818,needs_review,,3531472,,no_complete_rate_rule|unit_or_quantity_conversion_uncertain|unmapped_service
822,INV-H4-000822,needs_review,,2784216,,no_complete_rate_rule|unit_or_quantity_conversion_uncertain|unmapped_service
823,INV-H4-000823,needs_review,,2781425,,no_complete_rate_rule|unit_or_quantity_conversion_uncertain|unmapped_service
827,INV-H4-000827,needs_review,,5327380,,no_complete_rate_rule|unit_or_quantity_conversion_uncertain|unmapped_service
828,INV-H4-000828,needs_review,,3552875,,no_complete_rate_rule|unit_or_quantity_conversion_uncertain|unmapped_service
829,INV-H4-000829,needs_review,,1610375,,no_complete_rate_rule|unit_or_quantity_conversion_uncertain|unmapped_service
832,INV-H4-000832,needs_review,,2143525,,no_complete_rate_rule|unit_or_quantity_conversion_uncertain|unmapped_service
833,INV-H4-000833,needs_review,,2619940,,no_complete_rate_rule|unit_or_quantity_conversion_uncertain|unmapped_service
836,INV-H4-000836,needs_review,,4279600,,no_complete_rate_rule
837,INV-H4-000837,needs_review,,1498275,,exclusion_trigger_mapping_uncertain|no_complete_rate_rule|unit_or_quantity_conversion_uncertain|unmapped_service
839,INV-H4-000431,needs_review,,1837700,duplicate_invoice_id,exclusion_boundary_uncertain|no_complete_rate_rule|reused_invoice_id|unit_or_quantity_conversion_uncertain|unmapped_service
840,INV-H4-000840,needs_review,,3187825,,no_complete_rate_rule|unit_or_quantity_conversion_uncertain|unmapped_service
